Nodo,IT,FT,IL,FL,Holgura_total,Holgura_libre,Tipo
Inicio,0.0,0.0,203.81250000000009,203.81250000000009,203.81250000000009,0.0,Puerta
1.1.1.1,0.0,2.2222222222222223,203.81250000000009,206.0347222222223,203.81250000000009,0.0,Paquete
1.1.4.1.1,2.2222222222222223,3.8888888888888893,422.11111111111103,423.7777777777777,419.8888888888888,419.8888888888888,Paquete
1.1.1.2,10.0,13.333333333333334,206.0347222222223,209.36805555555566,196.0347222222223,0.0,Paquete
REV-H1,13.333333333333334,23.333333333333336,209.36805555555566,219.36805555555566,196.0347222222223,0.0,Revisión contractual 10 días hábiles
SUB-H1,23.333333333333336,33.333333333333336,219.36805555555566,229.36805555555566,196.0347222222223,0.0,Subsanación contractual 10 días hábiles
1.1.4.1.2,10.0,11.666666666666666,422.11111111111103,423.7777777777777,412.11111111111103,412.11111111111103,Paquete
1.8.1.1,10.0,12.222222222222221,421.5555555555555,423.7777777777777,411.5555555555555,411.5555555555555,Paquete
1.1.4.2.1,21.0,22.666666666666668,422.11111111111103,423.7777777777777,401.11111111111103,401.11111111111103,Paquete
1.1.5.1,21.0,23.22222222222222,421.5555555555555,423.7777777777777,400.5555555555555,400.5555555555555,Paquete
1.1.5.5,21.0,23.22222222222222,421.5555555555555,423.7777777777777,400.5555555555555,400.5555555555555,Paquete
1.8.1.2,21.0,23.22222222222222,326.38888888888897,328.6111111111112,305.38888888888897,101.77777777777777,Paquete
1.8.1.3,21.0,23.77777777777778,420.99999999999994,423.7777777777777,399.99999999999994,399.99999999999994,Paquete
H1,33.333333333333336,33.333333333333336,229.36805555555566,229.36805555555566,196.0347222222223,2.6666666666666643,Puerta
1.1.1.3,31.0,34.333333333333336,420.4444444444444,423.7777777777777,389.4444444444444,389.4444444444444,Paquete
1.1.2.1,31.0,33.22222222222222,421.5555555555555,423.7777777777777,390.5555555555555,390.5555555555555,Paquete
1.1.4.2.2,31.0,32.666666666666664,422.11111111111103,423.7777777777777,391.11111111111103,391.11111111111103,Paquete
1.3.1.3,36.0,38.22222222222222,230.47916666666677,232.701388888889,194.47916666666677,1.1111111111111143,Paquete
1.3.4.1,36.0,39.333333333333336,229.36805555555566,232.701388888889,193.36805555555566,0.0,Paquete
1.4.1.1.1,36.0,38.22222222222222,230.47916666666677,232.701388888889,194.47916666666677,0.0,Paquete
BASE-NAV,38.22222222222222,38.22222222222222,304.3333333333334,304.3333333333334,266.1111111111112,211.77777777777777,Puerta
1.4.1.1.4.1,38.22222222222222,39.99305555555556,250.93055555555566,252.701388888889,212.70833333333343,21.006944444444443,Paquete
1.4.1.1.4.2,38.22222222222222,40.25925925925926,250.66435185185196,252.701388888889,212.44212962962973,20.74074074074074,Paquete
1.4.1.1.4.3,38.22222222222222,39.75,251.17361111111123,252.701388888889,212.951388888889,21.25,Paquete
1.4.1.1.4.4,38.22222222222222,40.44444444444444,250.47916666666677,252.701388888889,212.25694444444454,20.555555555555557,Paquete
1.4.1.2.1,36.0,38.22222222222222,230.47916666666677,232.701388888889,194.47916666666677,0.0,Paquete
1.4.1.2.4.1,38.22222222222222,40.44444444444444,250.47916666666677,252.701388888889,212.25694444444454,20.555555555555557,Paquete
1.4.1.2.4.2,38.22222222222222,40.44444444444444,250.47916666666677,252.701388888889,212.25694444444454,20.555555555555557,Paquete
1.4.1.2.4.3,38.22222222222222,39.81944444444444,251.10416666666677,252.701388888889,212.88194444444454,21.180555555555557,Paquete
1.4.1.3.1,36.0,38.22222222222222,230.47916666666677,232.701388888889,194.47916666666677,0.0,Paquete
1.4.1.3.4.1,38.22222222222222,40.44444444444444,250.47916666666677,252.701388888889,212.25694444444454,20.555555555555557,Paquete
1.4.1.3.4.2,38.22222222222222,40.44444444444444,250.47916666666677,252.701388888889,212.25694444444454,20.555555555555557,Paquete
1.4.1.3.4.3,38.22222222222222,39.81944444444444,251.10416666666677,252.701388888889,212.88194444444454,21.180555555555557,Paquete
1.4.1.4.1,36.0,38.22222222222222,230.47916666666677,232.701388888889,194.47916666666677,0.0,Paquete
1.4.1.4.4.1,38.22222222222222,40.44444444444444,250.47916666666677,252.701388888889,212.25694444444454,20.555555555555557,Paquete
1.4.1.4.4.2,38.22222222222222,40.44444444444444,250.47916666666677,252.701388888889,212.25694444444454,20.555555555555557,Paquete
1.4.1.4.4.3,38.22222222222222,39.81944444444444,251.10416666666677,252.701388888889,212.88194444444454,21.180555555555557,Paquete
1.4.2.1.1,36.0,38.22222222222222,230.47916666666677,232.701388888889,194.47916666666677,0.0,Paquete
1.4.2.1.4.1,38.22222222222222,39.99305555555556,250.93055555555566,252.701388888889,212.70833333333343,21.006944444444443,Paquete
1.4.2.1.4.2,38.22222222222222,40.25925925925926,250.66435185185196,252.701388888889,212.44212962962973,20.74074074074074,Paquete
1.4.2.1.4.3,38.22222222222222,39.75,251.17361111111123,252.701388888889,212.951388888889,21.25,Paquete
1.4.2.1.4.4,38.22222222222222,40.44444444444444,250.47916666666677,252.701388888889,212.25694444444454,20.555555555555557,Paquete
1.4.2.2.1,36.0,38.22222222222222,230.47916666666677,232.701388888889,194.47916666666677,0.0,Paquete
1.4.2.2.4.1,38.22222222222222,40.30555555555556,250.61805555555566,252.701388888889,212.39583333333343,20.694444444444443,Paquete
1.4.2.2.4.2,38.22222222222222,40.44444444444444,250.47916666666677,252.701388888889,212.25694444444454,20.555555555555557,Paquete
1.4.2.2.4.3,38.22222222222222,39.81944444444444,251.10416666666677,252.701388888889,212.88194444444454,21.180555555555557,Paquete
1.4.2.3.1,36.0,38.22222222222222,230.47916666666677,232.701388888889,194.47916666666677,0.0,Paquete
1.4.2.3.4.1,38.22222222222222,39.99305555555556,250.93055555555566,252.701388888889,212.70833333333343,21.006944444444443,Paquete
1.4.2.3.4.2,38.22222222222222,40.25925925925926,250.66435185185196,252.701388888889,212.44212962962973,20.74074074074074,Paquete
1.4.2.3.4.3,38.22222222222222,39.75,251.17361111111123,252.701388888889,212.951388888889,21.25,Paquete
1.4.2.3.4.4,38.22222222222222,40.44444444444444,250.47916666666677,252.701388888889,212.25694444444454,20.555555555555557,Paquete
1.4.3.1.1,36.0,38.22222222222222,230.47916666666677,232.701388888889,194.47916666666677,0.0,Paquete
1.4.3.1.4.1,38.22222222222222,40.30555555555556,250.61805555555566,252.701388888889,212.39583333333343,20.694444444444443,Paquete
1.4.3.1.4.2,38.22222222222222,40.44444444444444,250.47916666666677,252.701388888889,212.25694444444454,20.555555555555557,Paquete
1.4.3.1.4.3,38.22222222222222,39.81944444444444,251.10416666666677,252.701388888889,212.88194444444454,21.180555555555557,Paquete
1.4.3.2.1,36.0,38.22222222222222,230.47916666666677,232.701388888889,194.47916666666677,0.0,Paquete
1.4.3.2.4.1,38.22222222222222,39.99305555555556,250.93055555555566,252.701388888889,212.70833333333343,21.006944444444443,Paquete
1.4.3.2.4.2,38.22222222222222,40.25925925925926,250.66435185185196,252.701388888889,212.44212962962973,20.74074074074074,Paquete
1.4.3.2.4.3,38.22222222222222,39.75,251.17361111111123,252.701388888889,212.951388888889,21.25,Paquete
1.4.3.2.4.4,38.22222222222222,40.44444444444444,250.47916666666677,252.701388888889,212.25694444444454,20.555555555555557,Paquete
1.4.3.3.1,36.0,38.22222222222222,230.47916666666677,232.701388888889,194.47916666666677,0.0,Paquete
1.4.3.3.4.1,38.22222222222222,40.30555555555556,250.61805555555566,252.701388888889,212.39583333333343,20.694444444444443,Paquete
1.4.3.3.4.2,38.22222222222222,40.44444444444444,250.47916666666677,252.701388888889,212.25694444444454,20.555555555555557,Paquete
1.4.3.3.4.3,38.22222222222222,39.81944444444444,251.10416666666677,252.701388888889,212.88194444444454,21.180555555555557,Paquete
1.5.1.1.1,36.0,38.22222222222222,230.47916666666677,232.701388888889,194.47916666666677,0.0,Paquete
BASE-CTR,38.22222222222222,38.22222222222222,305.4444444444445,305.4444444444445,267.2222222222223,211.77777777777777,Puerta
BASE-VAR,38.22222222222222,38.22222222222222,304.88888888888897,304.88888888888897,266.66666666666674,0.0,Puerta
1.9.4.1.1,38.22222222222222,41.55555555555556,337.2962962962962,340.6296296296295,299.07407407407396,19.444444444444443,Paquete
1.5.1.1.4.1,38.22222222222222,40.30555555555556,250.61805555555566,252.701388888889,212.39583333333343,20.694444444444443,Paquete
1.5.1.1.4.2,38.22222222222222,40.44444444444444,250.47916666666677,252.701388888889,212.25694444444454,20.555555555555557,Paquete
1.5.1.1.4.3,38.22222222222222,39.81944444444444,251.10416666666677,252.701388888889,212.88194444444454,21.180555555555557,Paquete
1.5.2.1.1,36.0,38.22222222222222,230.47916666666677,232.701388888889,194.47916666666677,0.0,Paquete
1.5.2.1.4.1,38.22222222222222,40.30555555555556,250.61805555555566,252.701388888889,212.39583333333343,20.694444444444443,Paquete
1.5.2.1.4.2,38.22222222222222,40.44444444444444,250.47916666666677,252.701388888889,212.25694444444454,20.555555555555557,Paquete
1.5.2.1.4.3,38.22222222222222,39.81944444444444,251.10416666666677,252.701388888889,212.88194444444454,21.180555555555557,Paquete
1.5.2.2.1,36.0,38.22222222222222,230.47916666666677,232.701388888889,194.47916666666677,0.0,Paquete
1.5.2.2.4.1,38.22222222222222,40.30555555555556,250.61805555555566,252.701388888889,212.39583333333343,20.694444444444443,Paquete
1.5.2.2.4.2,38.22222222222222,40.44444444444444,250.47916666666677,252.701388888889,212.25694444444454,20.555555555555557,Paquete
1.5.2.2.4.3,38.22222222222222,39.81944444444444,251.10416666666677,252.701388888889,212.88194444444454,21.180555555555557,Paquete
1.5.3.1.1,36.0,38.22222222222222,230.47916666666677,232.701388888889,194.47916666666677,0.0,Paquete
BASE-AMB,38.22222222222222,38.22222222222222,304.3333333333334,304.3333333333334,266.1111111111112,211.77777777777777,Puerta
1.5.3.1.4.1,38.22222222222222,40.30555555555556,250.61805555555566,252.701388888889,212.39583333333343,20.694444444444443,Paquete
1.5.3.1.4.2,38.22222222222222,40.30555555555556,250.61805555555566,252.701388888889,212.39583333333343,20.694444444444443,Paquete
1.5.3.1.4.3,38.22222222222222,39.81944444444444,251.10416666666677,252.701388888889,212.88194444444454,21.180555555555557,Paquete
1.5.3.2.1,36.0,38.22222222222222,230.47916666666677,232.701388888889,194.47916666666677,0.0,Paquete
1.5.3.2.4.1,38.22222222222222,40.30555555555556,250.61805555555566,252.701388888889,212.39583333333343,20.694444444444443,Paquete
1.5.3.2.4.2,38.22222222222222,40.30555555555556,250.61805555555566,252.701388888889,212.39583333333343,20.694444444444443,Paquete
1.5.3.2.4.3,38.22222222222222,39.81944444444444,251.10416666666677,252.701388888889,212.88194444444454,21.180555555555557,Paquete
1.6.1.1.1,36.0,38.22222222222222,230.47916666666677,232.701388888889,194.47916666666677,0.0,Paquete
BASE-ADM,38.22222222222222,38.22222222222222,348.7777777777777,348.7777777777777,310.5555555555555,243.77777777777777,Puerta
1.6.1.1.4.1,38.22222222222222,40.30555555555556,250.61805555555566,252.701388888889,212.39583333333343,20.694444444444443,Paquete
1.6.1.1.4.2,38.22222222222222,40.30555555555556,250.61805555555566,252.701388888889,212.39583333333343,20.694444444444443,Paquete
1.6.1.1.4.3,38.22222222222222,39.81944444444444,251.10416666666677,252.701388888889,212.88194444444454,21.180555555555557,Paquete
1.6.1.2.1,36.0,38.22222222222222,230.47916666666677,232.701388888889,194.47916666666677,0.0,Paquete
1.6.1.2.4.1,38.22222222222222,40.30555555555556,250.61805555555566,252.701388888889,212.39583333333343,20.694444444444443,Paquete
1.6.1.2.4.2,38.22222222222222,40.30555555555556,250.61805555555566,252.701388888889,212.39583333333343,20.694444444444443,Paquete
1.6.1.2.4.3,38.22222222222222,39.81944444444444,251.10416666666677,252.701388888889,212.88194444444454,21.180555555555557,Paquete
1.6.1.3.1,36.0,38.22222222222222,230.47916666666677,232.701388888889,194.47916666666677,0.0,Paquete
1.6.1.3.4.1,38.22222222222222,40.30555555555556,250.61805555555566,252.701388888889,212.39583333333343,20.694444444444443,Paquete
1.6.1.3.4.2,38.22222222222222,40.30555555555556,250.61805555555566,252.701388888889,212.39583333333343,20.694444444444443,Paquete
1.6.1.3.4.3,38.22222222222222,39.81944444444444,251.10416666666677,252.701388888889,212.88194444444454,21.180555555555557,Paquete
1.8.2.1,36.0,38.22222222222222,230.47916666666677,232.701388888889,194.47916666666677,1.1111111111111143,Paquete
1.8.2.2,36.0,38.22222222222222,230.47916666666677,232.701388888889,194.47916666666677,1.1111111111111143,Paquete
1.8.2.3,36.0,38.22222222222222,230.47916666666677,232.701388888889,194.47916666666677,1.1111111111111143,Paquete
1.8.2.4,36.0,38.22222222222222,230.47916666666677,232.701388888889,194.47916666666677,1.1111111111111143,Paquete
1.8.2.5,36.0,38.22222222222222,230.47916666666677,232.701388888889,194.47916666666677,1.1111111111111143,Paquete
1.8.2.6,36.0,38.22222222222222,230.47916666666677,232.701388888889,194.47916666666677,1.1111111111111143,Paquete
REV-H2,39.333333333333336,49.333333333333336,232.701388888889,242.701388888889,193.36805555555566,0.0,Revisión contractual 10 días hábiles
SUB-H2,49.333333333333336,59.333333333333336,242.701388888889,252.701388888889,193.36805555555566,1.6666666666666643,Subsanación contractual 10 días hábiles
1.1.3.1,41.0,43.22222222222222,420.4444444444444,422.66666666666663,379.4444444444444,249.77777777777777,Paquete
1.1.4.3.1,41.0,42.666666666666664,422.11111111111103,423.7777777777777,381.11111111111103,381.11111111111103,Paquete
1.1.5.2,41.0,43.22222222222222,421.5555555555555,423.7777777777777,380.5555555555555,380.5555555555555,Paquete
1.1.5.3,41.0,43.22222222222222,421.5555555555555,423.7777777777777,380.5555555555555,380.5555555555555,Paquete
1.1.5.4,41.0,43.22222222222222,421.5555555555555,423.7777777777777,380.5555555555555,380.5555555555555,Paquete
1.1.5.6,41.0,43.22222222222222,421.5555555555555,423.7777777777777,380.5555555555555,380.5555555555555,Paquete
1.2.1.1,41.0,42.666666666666664,252.70138888888906,254.3680555555557,211.70138888888906,18.333333333333336,Paquete
1.1.4.3.2,52.0,53.666666666666664,422.11111111111103,423.7777777777777,370.11111111111103,370.11111111111103,Paquete
1.8.1.4,52.0,54.22222222222222,421.5555555555555,423.7777777777777,369.5555555555555,369.5555555555555,Paquete
1.1.4.4.1,61.0,62.666666666666664,422.11111111111103,423.7777777777777,361.11111111111103,361.11111111111103,Paquete
1.2.1.2,61.0,63.22222222222222,254.3680555555557,256.59027777777794,193.3680555555557,0.0,Paquete
1.2.1.4,63.22222222222222,65.44444444444444,256.59027777777794,258.81250000000017,193.3680555555557,0.0,Paquete
1.2.1.5,65.44444444444444,68.77777777777777,258.81250000000017,262.1458333333335,193.3680555555557,0.0,Paquete
1.3.1.1,61.0,62.666666666666664,256.5902777777779,258.25694444444457,195.59027777777789,0.0,Paquete
1.9.4.1.2,61.0,64.33333333333333,340.6296296296295,343.9629629629628,279.6296296296295,187.8888888888889,Paquete
EXT-IDENTIDAD,61.0,61.0,262.701388888889,262.701388888889,201.70138888888903,1.6666666666666643,Habilitación del cliente/proveedor con fecha requerida
1.3.1.2,62.666666666666664,65.44444444444444,262.701388888889,265.4791666666668,200.03472222222237,12.111111111111114,Paquete
EXT-LICENCIAS,61.0,61.0,265.4791666666668,265.4791666666668,204.4791666666668,16.555555555555557,Habilitación del cliente/proveedor con fecha requerida
H2,61.0,61.0,252.701388888889,252.701388888889,191.701388888889,2.2222222222222214,Puerta
1.2.1.3,63.22222222222222,64.88888888888889,258.81250000000017,260.47916666666686,195.59027777777794,0.5555555555555571,Paquete
1.2.2.1,68.77777777777777,71.0,268.25694444444457,270.4791666666668,199.4791666666668,11.555555555555557,Paquete
1.2.2.2,68.77777777777777,71.0,262.1458333333335,264.3680555555557,193.3680555555557,0.0,Paquete
1.2.2.3,71.0,74.33333333333333,264.3680555555557,267.701388888889,193.3680555555557,2.6666666666666714,Paquete
1.2.2.4,65.44444444444444,68.77777777777777,260.47916666666686,263.81250000000017,195.0347222222224,0.0,Paquete
1.2.2.5,68.77777777777777,72.1111111111111,263.81250000000017,267.1458333333335,195.0347222222224,0.0,Paquete
1.2.4.2,72.1111111111111,75.44444444444443,267.1458333333335,270.4791666666668,195.0347222222224,7.1111111111111285,Paquete
1.1.2.2,72.0,74.77777777777777,420.99999999999994,423.7777777777777,348.99999999999994,348.99999999999994,Paquete
1.1.4.4.2,72.0,73.66666666666667,422.11111111111103,423.7777777777777,350.11111111111103,350.11111111111103,Paquete
1.3.4.3,72.0,75.33333333333333,270.4791666666668,273.8125000000001,198.4791666666668,19.8888888888889,Paquete
1.7.1.1,72.0,73.66666666666667,285.8495370370371,287.5162037037038,213.84953703703712,41.33333333333333,Paquete
EXT-EQUIPOS,72.0,72.0,264.92361111111126,264.92361111111126,192.92361111111126,2.2222222222222285,Habilitación del cliente/proveedor con fecha requerida
EXT-RECINTO,72.0,72.0,252.701388888889,252.701388888889,180.701388888889,0.0,Habilitación del cliente/proveedor con fecha requerida
1.2.3.1,72.0,74.22222222222223,252.701388888889,254.92361111111123,180.701388888889,0.0,Paquete
1.2.3.2,74.22222222222223,77.0,264.92361111111126,267.701388888889,190.70138888888903,0.0,Paquete
1.2.4.1,77.0,79.77777777777777,267.701388888889,270.4791666666668,190.70138888888903,1.1111111111111143,Paquete
EXT-RED,72.0,72.0,254.92361111111123,254.92361111111123,182.92361111111123,2.2222222222222285,Habilitación del cliente/proveedor con fecha requerida
1.2.3.3,74.22222222222223,77.55555555555556,254.92361111111123,258.25694444444457,180.701388888889,0.0,Paquete
1.2.3.4,77.55555555555556,80.88888888888889,265.4791666666668,268.8125000000001,187.92361111111126,0.0,Paquete
1.2.3.7.1,80.88888888888889,82.55555555555556,268.8125000000001,270.4791666666668,187.92361111111123,0.0,Paquete
1.2.3.7.10,80.88888888888889,82.55555555555556,268.8125000000001,270.4791666666668,187.92361111111123,0.0,Paquete
1.2.3.7.2,80.88888888888889,82.55555555555556,268.8125000000001,270.4791666666668,187.92361111111123,0.0,Paquete
1.2.3.7.3,80.88888888888889,82.55555555555556,268.8125000000001,270.4791666666668,187.92361111111123,0.0,Paquete
1.2.3.7.4,80.88888888888889,82.55555555555556,268.8125000000001,270.4791666666668,187.92361111111123,0.0,Paquete
1.2.3.7.5,80.88888888888889,82.55555555555556,268.8125000000001,270.4791666666668,187.92361111111123,0.0,Paquete
1.2.3.7.6,80.88888888888889,82.55555555555556,268.8125000000001,270.4791666666668,187.92361111111123,0.0,Paquete
1.2.3.7.7,80.88888888888889,82.55555555555556,268.8125000000001,270.4791666666668,187.92361111111123,0.0,Paquete
1.2.3.7.8,80.88888888888889,82.55555555555556,268.8125000000001,270.4791666666668,187.92361111111123,0.0,Paquete
1.2.3.7.9,80.88888888888889,82.55555555555556,268.8125000000001,270.4791666666668,187.92361111111123,0.0,Paquete
1.3.4.2,80.88888888888889,84.22222222222221,270.4791666666668,273.8125000000001,189.5902777777779,11.000000000000014,Paquete
EXT-TELEMETRIA,72.0,72.0,258.25694444444457,258.25694444444457,186.25694444444457,5.555555555555557,Habilitación del cliente/proveedor con fecha requerida
1.2.3.5,77.55555555555556,80.88888888888889,258.25694444444457,261.5902777777779,180.70138888888903,1.6666666666666714,Paquete
1.2.4.3,82.55555555555556,85.88888888888889,270.4791666666668,273.8125000000001,187.92361111111126,9.333333333333343,Paquete
1.1.4.5.1,83.0,84.66666666666667,422.11111111111103,423.7777777777777,339.11111111111103,339.11111111111103,Paquete
1.7.2.5.1,83.0,85.22222222222223,261.5902777777779,263.8125000000001,178.59027777777789,0.0,Paquete
1.7.2.5.10,83.0,85.22222222222223,261.5902777777779,263.8125000000001,178.59027777777789,0.0,Paquete
1.7.2.5.11,83.0,85.22222222222223,261.5902777777779,263.8125000000001,178.59027777777789,0.0,Paquete
1.7.2.5.12,83.0,85.22222222222223,261.5902777777779,263.8125000000001,178.59027777777789,0.0,Paquete
1.7.2.5.13,83.0,85.22222222222223,261.5902777777779,263.8125000000001,178.59027777777789,0.0,Paquete
1.7.2.5.14,83.0,85.22222222222223,261.5902777777779,263.8125000000001,178.59027777777789,0.0,Paquete
1.7.2.5.15,83.0,85.22222222222223,261.5902777777779,263.8125000000001,178.59027777777789,0.0,Paquete
1.7.2.5.16,83.0,85.22222222222223,261.5902777777779,263.8125000000001,178.59027777777789,0.0,Paquete
1.7.2.5.2,83.0,85.22222222222223,261.5902777777779,263.8125000000001,178.59027777777789,0.0,Paquete
1.7.2.5.3,83.0,85.22222222222223,261.5902777777779,263.8125000000001,178.59027777777789,0.0,Paquete
1.7.2.5.4,83.0,85.22222222222223,261.5902777777779,263.8125000000001,178.59027777777789,0.0,Paquete
1.7.2.5.5,83.0,85.22222222222223,261.5902777777779,263.8125000000001,178.59027777777789,0.0,Paquete
1.7.2.5.6,83.0,85.22222222222223,261.5902777777779,263.8125000000001,178.59027777777789,0.0,Paquete
1.7.2.5.7,83.0,85.22222222222223,261.5902777777779,263.8125000000001,178.59027777777789,0.0,Paquete
1.7.2.5.8,83.0,85.22222222222223,261.5902777777779,263.8125000000001,178.59027777777789,0.0,Paquete
1.7.2.5.9,83.0,85.22222222222223,261.5902777777779,263.8125000000001,178.59027777777789,0.0,Paquete
RES-MAR-H3,85.22222222222223,95.22222222222223,263.8125000000001,273.8125000000001,178.59027777777789,0.0,Reserva marina de diez días hábiles
REV-H3,95.22222222222223,105.22222222222223,273.8125000000001,283.8125000000001,178.59027777777789,0.0,Revisión contractual 10 días hábiles
SUB-H3,105.22222222222223,115.22222222222223,283.8125000000001,293.8125000000001,178.59027777777789,0.0,Subsanación contractual 10 días hábiles
1.1.4.5.2,94.0,95.66666666666667,422.11111111111103,423.7777777777777,328.11111111111103,328.11111111111103,Paquete
1.1.3.2,105.0,106.11111111111111,421.55555555555554,422.66666666666663,316.55555555555554,122.88888888888889,Paquete
1.1.4.6.1,105.0,106.66666666666667,422.11111111111103,423.7777777777777,317.11111111111103,317.11111111111103,Paquete
H3,115.22222222222223,115.22222222222223,293.8125000000001,293.8125000000001,178.59027777777789,40.77777777777777,Puerta
1.1.4.6.2,115.0,116.66666666666667,422.11111111111103,423.7777777777777,307.11111111111103,307.11111111111103,Paquete
1.7.1.2,115.0,118.33333333333333,287.5162037037038,290.8495370370371,172.5162037037038,26.66666666666667,Paquete
1.1.4.7.1,125.0,126.66666666666667,422.11111111111103,423.7777777777777,297.11111111111103,297.11111111111103,Paquete
1.8.3.1,125.0,127.22222222222223,421.5555555555555,423.7777777777777,296.5555555555555,296.5555555555555,Paquete
1.8.3.3,125.0,127.22222222222223,421.5555555555555,423.7777777777777,296.5555555555555,296.5555555555555,Paquete
1.8.3.5,125.0,127.22222222222223,421.5555555555555,423.7777777777777,296.5555555555555,296.5555555555555,Paquete
1.8.7.1.1,125.0,125.83333333333333,328.6111111111112,329.4444444444445,203.6111111111112,45.3888888888889,Paquete
1.8.7.1.10,125.0,125.83333333333333,328.6111111111112,329.4444444444445,203.6111111111112,45.3888888888889,Paquete
1.8.7.1.11,125.0,125.83333333333333,328.6111111111112,329.4444444444445,203.6111111111112,45.3888888888889,Paquete
1.8.7.1.12,125.0,125.83333333333333,328.6111111111112,329.4444444444445,203.6111111111112,45.3888888888889,Paquete
1.8.7.1.13,125.0,125.83333333333333,328.6111111111112,329.4444444444445,203.6111111111112,45.3888888888889,Paquete
1.8.7.1.14,125.0,125.83333333333333,328.6111111111112,329.4444444444445,203.6111111111112,45.3888888888889,Paquete
1.8.7.1.2,125.0,125.83333333333333,328.6111111111112,329.4444444444445,203.6111111111112,45.3888888888889,Paquete
1.8.7.1.3,125.0,125.83333333333333,328.6111111111112,329.4444444444445,203.6111111111112,45.3888888888889,Paquete
1.8.7.1.4,125.0,125.83333333333333,328.6111111111112,329.4444444444445,203.6111111111112,45.3888888888889,Paquete
1.8.7.1.5,125.0,125.83333333333333,328.6111111111112,329.4444444444445,203.6111111111112,45.3888888888889,Paquete
1.8.7.1.6,125.0,125.83333333333333,328.6111111111112,329.4444444444445,203.6111111111112,45.3888888888889,Paquete
1.8.7.1.7,125.0,125.83333333333333,328.6111111111112,329.4444444444445,203.6111111111112,45.3888888888889,Paquete
1.8.7.1.8,125.0,125.83333333333333,328.6111111111112,329.4444444444445,203.6111111111112,45.3888888888889,Paquete
1.8.7.1.9,125.0,125.83333333333333,328.6111111111112,329.4444444444445,203.6111111111112,45.3888888888889,Paquete
1.8.7.2.1,125.0,126.11111111111111,328.3333333333334,329.4444444444445,203.33333333333343,45.111111111111114,Paquete
1.8.7.2.10,125.0,126.11111111111111,328.3333333333334,329.4444444444445,203.33333333333343,45.111111111111114,Paquete
1.8.7.2.11,125.0,126.11111111111111,328.3333333333334,329.4444444444445,203.33333333333343,45.111111111111114,Paquete
1.8.7.2.12,125.0,126.11111111111111,328.3333333333334,329.4444444444445,203.33333333333343,45.111111111111114,Paquete
1.8.7.2.13,125.0,126.11111111111111,328.3333333333334,329.4444444444445,203.33333333333343,45.111111111111114,Paquete
1.8.7.2.14,125.0,126.11111111111111,328.3333333333334,329.4444444444445,203.33333333333343,45.111111111111114,Paquete
1.8.7.2.15,125.0,126.11111111111111,328.3333333333334,329.4444444444445,203.33333333333343,45.111111111111114,Paquete
1.8.7.2.16,125.0,126.11111111111111,328.3333333333334,329.4444444444445,203.33333333333343,45.111111111111114,Paquete
1.8.7.2.17,125.0,126.11111111111111,328.3333333333334,329.4444444444445,203.33333333333343,45.111111111111114,Paquete
1.8.7.2.18,125.0,126.11111111111111,328.3333333333334,329.4444444444445,203.33333333333343,45.111111111111114,Paquete
1.8.7.2.19,125.0,126.11111111111111,328.3333333333334,329.4444444444445,203.33333333333343,45.111111111111114,Paquete
1.8.7.2.2,125.0,126.11111111111111,328.3333333333334,329.4444444444445,203.33333333333343,45.111111111111114,Paquete
1.8.7.2.20,125.0,126.11111111111111,328.3333333333334,329.4444444444445,203.33333333333343,45.111111111111114,Paquete
1.8.7.2.21,125.0,126.11111111111111,328.3333333333334,329.4444444444445,203.33333333333343,45.111111111111114,Paquete
1.8.7.2.22,125.0,126.11111111111111,328.3333333333334,329.4444444444445,203.33333333333343,45.111111111111114,Paquete
1.8.7.2.23,125.0,126.11111111111111,328.3333333333334,329.4444444444445,203.33333333333343,45.111111111111114,Paquete
1.8.7.2.24,125.0,126.11111111111111,328.3333333333334,329.4444444444445,203.33333333333343,45.111111111111114,Paquete
1.8.7.2.25,125.0,126.11111111111111,328.3333333333334,329.4444444444445,203.33333333333343,45.111111111111114,Paquete
1.8.7.2.26,125.0,126.11111111111111,328.3333333333334,329.4444444444445,203.33333333333343,45.111111111111114,Paquete
1.8.7.2.27,125.0,126.11111111111111,328.3333333333334,329.4444444444445,203.33333333333343,45.111111111111114,Paquete
1.8.7.2.28,125.0,126.11111111111111,328.3333333333334,329.4444444444445,203.33333333333343,45.111111111111114,Paquete
1.8.7.2.3,125.0,126.11111111111111,328.3333333333334,329.4444444444445,203.33333333333343,45.111111111111114,Paquete
1.8.7.2.4,125.0,126.11111111111111,328.3333333333334,329.4444444444445,203.33333333333343,45.111111111111114,Paquete
1.8.7.2.5,125.0,126.11111111111111,328.3333333333334,329.4444444444445,203.33333333333343,45.111111111111114,Paquete
1.8.7.2.6,125.0,126.11111111111111,328.3333333333334,329.4444444444445,203.33333333333343,45.111111111111114,Paquete
1.8.7.2.7,125.0,126.11111111111111,328.3333333333334,329.4444444444445,203.33333333333343,45.111111111111114,Paquete
1.8.7.2.8,125.0,126.11111111111111,328.3333333333334,329.4444444444445,203.33333333333343,45.111111111111114,Paquete
1.8.7.2.9,125.0,126.11111111111111,328.3333333333334,329.4444444444445,203.33333333333343,45.111111111111114,Paquete
1.1.4.7.2,136.0,137.66666666666666,422.11111111111103,423.7777777777777,286.11111111111103,286.1111111111111,Paquete
1.8.3.2,136.0,138.22222222222223,421.5555555555555,423.7777777777777,285.5555555555555,285.5555555555555,Paquete
1.8.3.4,136.0,138.22222222222223,421.5555555555555,423.7777777777777,285.5555555555555,285.5555555555555,Paquete
1.8.3.6,136.0,138.22222222222223,421.5555555555555,423.7777777777777,285.5555555555555,285.5555555555555,Paquete
1.8.7.2.29,136.0,137.11111111111111,328.3333333333334,329.4444444444445,192.33333333333343,34.111111111111114,Paquete
1.8.7.2.30,136.0,137.11111111111111,328.3333333333334,329.4444444444445,192.33333333333343,34.111111111111114,Paquete
1.8.7.2.31,136.0,137.11111111111111,328.3333333333334,329.4444444444445,192.33333333333343,34.111111111111114,Paquete
1.8.7.2.32,136.0,137.11111111111111,328.3333333333334,329.4444444444445,192.33333333333343,34.111111111111114,Paquete
1.8.7.2.33,136.0,137.11111111111111,328.3333333333334,329.4444444444445,192.33333333333343,34.111111111111114,Paquete
1.8.7.2.34,136.0,137.11111111111111,328.3333333333334,329.4444444444445,192.33333333333343,34.111111111111114,Paquete
1.8.7.2.35,136.0,137.11111111111111,328.3333333333334,329.4444444444445,192.33333333333343,34.111111111111114,Paquete
1.8.7.2.36,136.0,137.11111111111111,328.3333333333334,329.4444444444445,192.33333333333343,34.111111111111114,Paquete
1.8.7.2.37,136.0,137.11111111111111,328.3333333333334,329.4444444444445,192.33333333333343,34.111111111111114,Paquete
1.8.7.2.38,136.0,137.11111111111111,328.3333333333334,329.4444444444445,192.33333333333343,34.111111111111114,Paquete
1.8.7.2.39,136.0,137.11111111111111,328.3333333333334,329.4444444444445,192.33333333333343,34.111111111111114,Paquete
1.8.7.2.40,136.0,137.11111111111111,328.3333333333334,329.4444444444445,192.33333333333343,34.111111111111114,Paquete
1.8.7.2.41,136.0,137.11111111111111,328.3333333333334,329.4444444444445,192.33333333333343,34.111111111111114,Paquete
1.8.7.2.42,136.0,137.11111111111111,328.3333333333334,329.4444444444445,192.33333333333343,34.111111111111114,Paquete
1.8.7.2.43,136.0,137.11111111111111,328.3333333333334,329.4444444444445,192.33333333333343,34.111111111111114,Paquete
1.8.7.2.44,136.0,137.11111111111111,328.3333333333334,329.4444444444445,192.33333333333343,34.111111111111114,Paquete
1.8.7.2.45,136.0,137.11111111111111,328.3333333333334,329.4444444444445,192.33333333333343,34.111111111111114,Paquete
1.8.7.2.46,136.0,137.11111111111111,328.3333333333334,329.4444444444445,192.33333333333343,34.111111111111114,Paquete
1.8.7.2.47,136.0,137.11111111111111,328.3333333333334,329.4444444444445,192.33333333333343,34.111111111111114,Paquete
1.8.7.2.48,136.0,137.11111111111111,328.3333333333334,329.4444444444445,192.33333333333343,34.111111111111114,Paquete
1.8.7.2.49,136.0,137.11111111111111,328.3333333333334,329.4444444444445,192.33333333333343,34.111111111111114,Paquete
1.8.7.2.50,136.0,137.11111111111111,328.3333333333334,329.4444444444445,192.33333333333343,34.111111111111114,Paquete
1.8.7.2.51,136.0,137.11111111111111,328.3333333333334,329.4444444444445,192.33333333333343,34.111111111111114,Paquete
1.8.7.2.52,136.0,137.11111111111111,328.3333333333334,329.4444444444445,192.33333333333343,34.111111111111114,Paquete
1.8.7.2.53,136.0,137.11111111111111,328.3333333333334,329.4444444444445,192.33333333333343,34.111111111111114,Paquete
1.8.7.2.54,136.0,137.11111111111111,328.3333333333334,329.4444444444445,192.33333333333343,34.111111111111114,Paquete
1.8.7.2.55,136.0,137.11111111111111,328.3333333333334,329.4444444444445,192.33333333333343,34.111111111111114,Paquete
1.8.7.2.56,136.0,137.11111111111111,328.3333333333334,329.4444444444445,192.33333333333343,34.111111111111114,Paquete
1.1.4.8.1,145.0,146.66666666666666,422.11111111111103,423.7777777777777,277.11111111111103,277.1111111111111,Paquete
1.3.2.1,145.0,148.33333333333334,292.30787037037044,295.64120370370375,147.30787037037044,7.666666666666657,Paquete
1.3.3.1,145.0,148.33333333333334,290.4791666666668,293.8125000000001,145.4791666666668,7.666666666666657,Paquete
1.7.1.3,145.0,147.96296296296296,290.8495370370371,293.8125000000001,145.84953703703712,8.037037037037038,Paquete
1.7.3.3,145.0,147.96296296296296,295.64120370370375,298.60416666666674,150.64120370370375,12.585648148148152,Paquete
1.1.4.8.2,156.0,157.66666666666666,422.11111111111103,423.7777777777777,266.11111111111103,266.1111111111111,Paquete
1.3.2.2,156.0,159.33333333333334,298.7777777777779,302.1111111111112,142.77777777777789,0.0,Paquete
1.4.1.1.2,156.0,158.77777777777777,294.57638888888897,297.35416666666674,138.57638888888897,0.0,Paquete
1.4.1.1.5.1,158.77777777777777,160.54861111111111,297.35416666666674,299.12500000000006,138.57638888888897,0.0,Paquete
1.4.1.1.5.2,158.77777777777777,160.54861111111111,297.35416666666674,299.12500000000006,138.57638888888897,0.0,Paquete
1.4.1.1.5.3,158.77777777777777,160.54861111111111,297.35416666666674,299.12500000000006,138.57638888888897,0.0,Paquete
1.4.1.1.5.4,158.77777777777777,160.51388888888889,297.38888888888897,299.12500000000006,138.6111111111112,0.03472222222222854,Paquete
1.4.1.2.2,156.0,158.77777777777777,293.8125000000001,296.5902777777779,137.8125000000001,0.0,Paquete
1.4.1.2.5.1,158.77777777777777,160.93055555555554,296.5902777777779,298.74305555555566,137.8125000000001,0.0,Paquete
1.4.1.3.2,156.0,158.77777777777777,293.84722222222234,296.6250000000001,137.84722222222234,0.0,Paquete
1.4.1.3.5.1,158.77777777777777,160.89583333333331,296.6250000000001,298.74305555555566,137.84722222222234,0.0,Paquete
1.4.1.4.2,156.0,158.77777777777777,293.84722222222234,296.6250000000001,137.84722222222234,0.0,Paquete
1.4.1.4.5.1,158.77777777777777,160.89583333333331,296.6250000000001,298.74305555555566,137.84722222222234,0.0,Paquete
1.4.2.1.2,156.0,158.77777777777777,294.57638888888897,297.35416666666674,138.57638888888897,0.0,Paquete
1.4.2.1.5.1,158.77777777777777,160.54861111111111,297.35416666666674,299.12500000000006,138.57638888888897,0.0,Paquete
1.4.2.1.5.2,158.77777777777777,160.54861111111111,297.35416666666674,299.12500000000006,138.57638888888897,0.0,Paquete
1.4.2.1.5.3,158.77777777777777,160.54861111111111,297.35416666666674,299.12500000000006,138.57638888888897,0.0,Paquete
1.4.2.1.5.4,158.77777777777777,160.51388888888889,297.38888888888897,299.12500000000006,138.6111111111112,0.03472222222222854,Paquete
1.4.2.2.2,156.0,158.77777777777777,293.84722222222234,296.6250000000001,137.84722222222234,0.0,Paquete
1.4.2.2.5.1,158.77777777777777,160.89583333333331,296.6250000000001,298.74305555555566,137.84722222222234,0.0,Paquete
1.4.2.3.2,156.0,158.77777777777777,294.57638888888897,297.35416666666674,138.57638888888897,0.0,Paquete
1.4.2.3.5.1,158.77777777777777,160.54861111111111,297.35416666666674,299.12500000000006,138.57638888888897,0.0,Paquete
1.4.2.3.5.2,158.77777777777777,160.54861111111111,297.35416666666674,299.12500000000006,138.57638888888897,0.0,Paquete
1.4.2.3.5.3,158.77777777777777,160.54861111111111,297.35416666666674,299.12500000000006,138.57638888888897,0.0,Paquete
1.4.2.3.5.4,158.77777777777777,160.51388888888889,297.38888888888897,299.12500000000006,138.6111111111112,0.03472222222222854,Paquete
1.4.3.1.2,156.0,158.77777777777777,293.84722222222234,296.6250000000001,137.84722222222234,0.0,Paquete
1.4.3.1.5.1,158.77777777777777,160.89583333333331,296.6250000000001,298.74305555555566,137.84722222222234,0.0,Paquete
1.4.3.2.2,156.0,158.77777777777777,294.05555555555566,296.8333333333334,138.05555555555566,0.0,Paquete
1.4.3.2.5.1,158.77777777777777,160.54861111111111,296.8333333333334,298.60416666666674,138.05555555555566,0.0,Paquete
1.4.3.2.5.2,158.77777777777777,160.54861111111111,296.8333333333334,298.60416666666674,138.05555555555566,0.0,Paquete
1.4.3.2.5.3,158.77777777777777,160.54861111111111,296.8333333333334,298.60416666666674,138.05555555555566,0.0,Paquete
1.4.3.2.5.4,158.77777777777777,160.51388888888889,296.86805555555566,298.60416666666674,138.09027777777789,0.03472222222222854,Paquete
1.4.3.3.2,156.0,158.77777777777777,293.84722222222234,296.6250000000001,137.84722222222234,0.0,Paquete
1.4.3.3.5.1,158.77777777777777,160.89583333333331,296.6250000000001,298.74305555555566,137.84722222222234,0.0,Paquete
1.5.1.1.2,156.0,158.77777777777777,293.84722222222234,296.6250000000001,137.84722222222234,0.0,Paquete
1.5.1.1.5.1,158.77777777777777,160.89583333333331,296.6250000000001,298.74305555555566,137.84722222222234,0.0,Paquete
1.5.2.1.2,156.0,158.77777777777777,293.84722222222234,296.6250000000001,137.84722222222234,0.0,Paquete
1.5.2.1.5.1,158.77777777777777,160.89583333333331,296.6250000000001,298.74305555555566,137.84722222222234,0.0,Paquete
1.5.2.2.2,156.0,158.77777777777777,293.84722222222234,296.6250000000001,137.84722222222234,0.0,Paquete
1.5.2.2.5.1,158.77777777777777,160.89583333333331,296.6250000000001,298.74305555555566,137.84722222222234,0.0,Paquete
1.5.3.1.2,156.0,158.77777777777777,293.84722222222234,296.6250000000001,137.84722222222234,0.0,Paquete
1.5.3.1.5.1,158.77777777777777,160.89583333333331,296.6250000000001,298.74305555555566,137.84722222222234,0.0,Paquete
1.5.3.2.2,156.0,158.77777777777777,293.84722222222234,296.6250000000001,137.84722222222234,0.0,Paquete
1.5.3.2.5.1,158.77777777777777,160.89583333333331,296.6250000000001,298.74305555555566,137.84722222222234,0.0,Paquete
1.6.1.1.2,156.0,158.77777777777777,293.84722222222234,296.6250000000001,137.84722222222234,0.0,Paquete
1.6.1.1.5.1,158.77777777777777,160.89583333333331,296.6250000000001,298.74305555555566,137.84722222222234,0.0,Paquete
1.6.1.2.2,156.0,158.77777777777777,293.84722222222234,296.6250000000001,137.84722222222234,0.0,Paquete
1.6.1.2.5.1,158.77777777777777,160.89583333333331,296.6250000000001,298.74305555555566,137.84722222222234,0.0,Paquete
1.6.1.3.2,156.0,158.77777777777777,293.84722222222234,296.6250000000001,137.84722222222234,0.0,Paquete
1.6.1.3.5.1,158.77777777777777,160.89583333333331,296.6250000000001,298.74305555555566,137.84722222222234,0.0,Paquete
1.7.2.1,156.0,158.96296296296296,299.1481481481482,302.1111111111112,143.1481481481482,0.0,Paquete
1.7.2.2,158.96296296296296,162.2962962962963,302.1111111111112,305.4444444444445,143.14814814814824,10.370370370370381,Paquete
1.7.2.3,156.0,158.96296296296296,302.4814814814815,305.4444444444445,146.48148148148152,13.703703703703724,Paquete
1.7.3.1,156.0,158.96296296296296,295.64120370370375,298.60416666666674,139.64120370370375,0.0,Paquete
1.4.1.1.3,160.54861111111111,163.32638888888889,299.12500000000006,301.9027777777778,138.57638888888894,0.0,Paquete
1.4.1.1.6.1,163.32638888888889,165.02777777777777,301.9027777777778,303.60416666666674,138.57638888888894,0.0,Paquete
1.4.1.1.6.2,163.32638888888889,165.02777777777777,301.9027777777778,303.60416666666674,138.57638888888894,0.0,Paquete
1.4.1.1.7.1,165.02777777777777,166.86805555555554,303.60416666666674,305.4444444444445,138.57638888888897,5.798611111111143,Paquete
1.4.1.1.7.2,165.02777777777777,166.86805555555554,303.60416666666674,305.4444444444445,138.57638888888897,5.798611111111143,Paquete
1.4.1.2.3,160.93055555555554,163.70833333333331,298.74305555555566,301.5208333333334,137.8125000000001,0.0,Paquete
1.4.1.2.6.1,163.70833333333331,165.79166666666666,301.5208333333334,303.60416666666674,137.8125000000001,0.0,Paquete
1.4.1.2.7.1,165.79166666666666,167.63194444444443,303.60416666666674,305.4444444444445,137.81250000000009,5.034722222222257,Paquete
1.4.1.3.3,160.89583333333331,163.6736111111111,298.74305555555566,301.5208333333334,137.84722222222234,0.0,Paquete
1.4.1.3.6.1,163.6736111111111,165.75694444444443,301.5208333333334,303.60416666666674,137.84722222222234,0.0,Paquete
1.4.1.3.7.1,165.75694444444443,167.5972222222222,303.60416666666674,305.4444444444445,137.8472222222223,5.0694444444444855,Paquete
1.4.1.4.3,160.89583333333331,163.6736111111111,298.74305555555566,301.5208333333334,137.84722222222234,0.0,Paquete
1.4.1.4.6.1,163.6736111111111,165.75694444444443,301.5208333333334,303.60416666666674,137.84722222222234,0.0,Paquete
1.4.1.4.7.1,165.75694444444443,167.5972222222222,303.60416666666674,305.4444444444445,137.8472222222223,5.0694444444444855,Paquete
1.4.2.1.3,160.54861111111111,163.32638888888889,299.12500000000006,301.9027777777778,138.57638888888894,0.0,Paquete
1.4.2.1.6.1,163.32638888888889,165.02777777777777,301.9027777777778,303.60416666666674,138.57638888888894,0.0,Paquete
1.4.2.1.6.2,163.32638888888889,165.02777777777777,301.9027777777778,303.60416666666674,138.57638888888894,0.0,Paquete
1.4.2.1.7.1,165.02777777777777,166.86805555555554,303.60416666666674,305.4444444444445,138.57638888888897,5.798611111111143,Paquete
1.4.2.1.7.2,165.02777777777777,166.86805555555554,303.60416666666674,305.4444444444445,138.57638888888897,5.798611111111143,Paquete
1.4.2.2.3,160.89583333333331,163.6736111111111,298.74305555555566,301.5208333333334,137.84722222222234,0.0,Paquete
1.4.2.2.6.1,163.6736111111111,165.75694444444443,301.5208333333334,303.60416666666674,137.84722222222234,0.0,Paquete
1.4.2.2.7.1,165.75694444444443,167.5972222222222,303.60416666666674,305.4444444444445,137.8472222222223,5.0694444444444855,Paquete
1.4.2.3.3,160.54861111111111,163.32638888888889,299.12500000000006,301.9027777777778,138.57638888888894,0.0,Paquete
1.4.2.3.6.1,163.32638888888889,165.02777777777777,301.9027777777778,303.60416666666674,138.57638888888894,0.0,Paquete
1.4.2.3.6.2,163.32638888888889,165.02777777777777,301.9027777777778,303.60416666666674,138.57638888888894,0.0,Paquete
1.4.2.3.7.1,165.02777777777777,166.86805555555554,303.60416666666674,305.4444444444445,138.57638888888897,5.798611111111143,Paquete
1.4.2.3.7.2,165.02777777777777,166.83333333333331,303.63888888888897,305.4444444444445,138.6111111111112,5.833333333333371,Paquete
1.4.3.1.3,160.89583333333331,163.6736111111111,298.74305555555566,301.5208333333334,137.84722222222234,0.0,Paquete
1.4.3.1.6.1,163.6736111111111,165.75694444444443,301.5208333333334,303.60416666666674,137.84722222222234,0.0,Paquete
1.4.3.1.7.1,165.75694444444443,167.5972222222222,303.60416666666674,305.4444444444445,137.8472222222223,5.0694444444444855,Paquete
1.4.3.2.3,160.54861111111111,163.32638888888889,298.60416666666674,301.3819444444445,138.05555555555563,0.0,Paquete
1.4.3.2.6.1,163.32638888888889,165.02777777777777,301.9027777777778,303.60416666666674,138.57638888888894,0.5208333333333428,Paquete
1.4.3.2.6.2,163.32638888888889,165.54861111111111,301.3819444444445,303.60416666666674,138.05555555555563,0.0,Paquete
1.4.3.2.7.1,165.54861111111111,167.38888888888889,303.60416666666674,305.4444444444445,138.05555555555563,5.2777777777778,Paquete
1.4.3.2.7.2,165.54861111111111,167.35416666666666,303.63888888888897,305.4444444444445,138.09027777777786,5.312500000000028,Paquete
1.4.3.3.3,160.89583333333331,163.6736111111111,298.74305555555566,301.5208333333334,137.84722222222234,0.0,Paquete
1.4.3.3.6.1,163.6736111111111,165.75694444444443,301.5208333333334,303.60416666666674,137.84722222222234,0.0,Paquete
1.4.3.3.7.1,165.75694444444443,167.5972222222222,303.60416666666674,305.4444444444445,137.8472222222223,5.0694444444444855,Paquete
1.5.1.1.3,160.89583333333331,163.6736111111111,298.74305555555566,301.5208333333334,137.84722222222234,0.0,Paquete
1.5.1.1.6.1,163.6736111111111,165.75694444444443,301.5208333333334,303.60416666666674,137.84722222222234,0.0,Paquete
1.5.1.1.7.1,165.75694444444443,167.5972222222222,303.60416666666674,305.4444444444445,137.8472222222223,5.0694444444444855,Paquete
1.5.2.1.3,160.89583333333331,163.6736111111111,298.74305555555566,301.5208333333334,137.84722222222234,0.0,Paquete
1.5.2.1.6.1,163.6736111111111,165.75694444444443,301.5208333333334,303.60416666666674,137.84722222222234,0.0,Paquete
1.5.2.1.7.1,165.75694444444443,167.5972222222222,303.60416666666674,305.4444444444445,137.8472222222223,5.0694444444444855,Paquete
1.5.2.2.3,160.89583333333331,163.6736111111111,298.74305555555566,301.5208333333334,137.84722222222234,0.0,Paquete
1.5.2.2.6.1,163.6736111111111,165.75694444444443,301.5208333333334,303.60416666666674,137.84722222222234,0.0,Paquete
1.5.2.2.7.1,165.75694444444443,167.5972222222222,303.60416666666674,305.4444444444445,137.8472222222223,5.0694444444444855,Paquete
1.5.3.1.3,160.89583333333331,163.6736111111111,298.74305555555566,301.5208333333334,137.84722222222234,0.0,Paquete
1.5.3.1.6.1,163.6736111111111,165.75694444444443,301.5208333333334,303.60416666666674,137.84722222222234,0.0,Paquete
1.5.3.1.7.1,165.75694444444443,167.5972222222222,303.60416666666674,305.4444444444445,137.8472222222223,5.0694444444444855,Paquete
1.5.3.2.3,160.89583333333331,163.6736111111111,298.74305555555566,301.5208333333334,137.84722222222234,0.0,Paquete
1.5.3.2.6.1,163.6736111111111,165.75694444444443,301.5208333333334,303.60416666666674,137.84722222222234,0.0,Paquete
1.5.3.2.7.1,165.75694444444443,167.5972222222222,303.60416666666674,305.4444444444445,137.8472222222223,5.0694444444444855,Paquete
1.6.1.1.3,160.89583333333331,163.6736111111111,298.74305555555566,301.5208333333334,137.84722222222234,0.0,Paquete
1.6.1.1.6.1,163.6736111111111,165.75694444444443,301.5208333333334,303.60416666666674,137.84722222222234,0.0,Paquete
1.6.1.1.7.1,165.75694444444443,167.5972222222222,303.60416666666674,305.4444444444445,137.8472222222223,5.0694444444444855,Paquete
1.6.1.2.3,160.89583333333331,163.6736111111111,298.74305555555566,301.5208333333334,137.84722222222234,0.0,Paquete
1.6.1.2.6.1,163.6736111111111,165.75694444444443,301.5208333333334,303.60416666666674,137.84722222222234,0.0,Paquete
1.6.1.2.7.1,165.75694444444443,167.5972222222222,303.60416666666674,305.4444444444445,137.8472222222223,5.0694444444444855,Paquete
1.6.1.3.3,160.89583333333331,163.6736111111111,298.74305555555566,301.5208333333334,137.84722222222234,0.0,Paquete
1.6.1.3.6.1,163.6736111111111,165.75694444444443,301.5208333333334,303.60416666666674,137.84722222222234,0.0,Paquete
1.6.1.3.7.1,165.75694444444443,167.5972222222222,303.60416666666674,305.4444444444445,137.8472222222223,5.0694444444444855,Paquete
1.7.3.2,158.96296296296296,161.92592592592592,302.4814814814815,305.4444444444445,143.51851851851856,10.740740740740762,Paquete
1.7.4.2,159.33333333333334,162.66666666666669,302.1111111111112,305.4444444444445,142.77777777777786,10.0,Paquete
1.1.4.9.1,166.0,167.66666666666666,422.11111111111103,423.7777777777777,256.11111111111103,256.1111111111111,Paquete
1.3.3.2,166.0,169.33333333333334,298.7777777777779,302.1111111111112,132.77777777777789,0.0,Paquete
1.7.4.1,169.33333333333334,172.66666666666669,302.1111111111112,305.4444444444445,132.77777777777786,0.0,Paquete
VS-E1,172.66666666666669,172.66666666666669,305.4444444444445,305.4444444444445,132.77777777777783,0.0,Manifiesto de versión completa
BASE-E1,172.66666666666669,172.66666666666669,305.4444444444445,305.4444444444445,132.77777777777783,77.33333333333331,Puerta
VERSION-E1,172.66666666666669,172.66666666666669,350.5555555555555,350.5555555555555,177.8888888888888,8.333333333333314,Puerta
1.8.4.1,166.0,168.77777777777777,326.66666666666674,329.4444444444445,160.66666666666674,2.444444444444457,Paquete
1.8.4.2,166.0,168.77777777777777,326.66666666666674,329.4444444444445,160.66666666666674,2.444444444444457,Paquete
1.8.4.3,166.0,168.77777777777777,326.66666666666674,329.4444444444445,160.66666666666674,2.444444444444457,Paquete
1.8.4.4,166.0,168.77777777777777,326.66666666666674,329.4444444444445,160.66666666666674,2.444444444444457,Paquete
1.8.4.5,166.0,168.77777777777777,326.66666666666674,329.4444444444445,160.66666666666674,2.444444444444457,Paquete
1.8.4.6,166.0,168.77777777777777,326.66666666666674,329.4444444444445,160.66666666666674,2.444444444444457,Paquete
1.8.5.1,169.0,171.22222222222223,327.2222222222223,329.4444444444445,158.22222222222229,0.0,Paquete
1.8.5.2,169.0,171.22222222222223,327.2222222222223,329.4444444444445,158.22222222222229,0.0,Paquete
1.8.5.3,169.0,171.22222222222223,327.2222222222223,329.4444444444445,158.22222222222229,0.0,Paquete
1.8.6.1,169.0,171.22222222222223,327.2222222222223,329.4444444444445,158.22222222222229,0.0,Paquete
1.8.6.2,169.0,171.22222222222223,327.2222222222223,329.4444444444445,158.22222222222229,0.0,Paquete
1.8.6.3,169.0,171.22222222222223,327.2222222222223,329.4444444444445,158.22222222222229,0.0,Paquete
VM-E1,171.22222222222223,171.22222222222223,329.4444444444445,329.4444444444445,158.22222222222229,0.0,Manifiesto de universo completo de datos
ENS-INI-1-1,171.22222222222223,171.22222222222223,329.4444444444445,329.4444444444445,158.22222222222229,0.0,Puerta
1.10.1.1.1.1,171.22222222222223,172.33333333333334,333.8888888888891,335.00000000000017,162.66666666666686,0.0,Paquete
1.10.1.1.1.2,172.33333333333334,173.44444444444446,335.00000000000017,336.11111111111126,162.66666666666683,0.0,Paquete
1.10.1.1.1.3,173.44444444444446,174.55555555555557,336.11111111111126,337.22222222222234,162.6666666666668,0.0,Paquete
1.10.1.1.1.4,174.55555555555557,175.66666666666669,337.22222222222234,338.3333333333334,162.66666666666677,0.0,Paquete
1.10.1.1.1.5,175.66666666666669,176.7777777777778,338.3333333333334,339.4444444444445,162.66666666666674,4.444444444444429,Paquete
ENS-VENT-1-1,171.22222222222223,181.22222222222223,329.4444444444445,339.4444444444445,158.22222222222229,0.0,Ensayo completo mínimo diez días hábiles
ENS-REV-1-1,181.22222222222223,191.22222222222223,339.4444444444445,349.4444444444445,158.22222222222229,0.0,Revisión de ensayo diez días hábiles
1.10.3.1.1,191.22222222222223,195.11111111111111,419.8888888888888,423.7777777777777,228.66666666666657,228.6666666666666,Paquete
1.10.3.1.2,191.22222222222223,195.11111111111111,419.8888888888888,423.7777777777777,228.66666666666657,228.6666666666666,Paquete
ENS-SUB-1-1,191.22222222222223,201.22222222222223,349.4444444444445,359.4444444444445,158.22222222222229,0.0,Subsanación de ensayo diez días hábiles
ENS-INI-1-2,201.22222222222223,201.22222222222223,359.4444444444445,359.4444444444445,158.22222222222229,0.0,Puerta
1.10.1.1.2.1,201.22222222222223,202.33333333333334,359.4444444444445,360.5555555555556,158.22222222222229,0.0,Paquete
1.10.1.1.2.2,202.33333333333334,203.44444444444446,360.5555555555556,361.6666666666667,158.22222222222226,0.0,Paquete
1.10.1.1.2.3,203.44444444444446,204.55555555555557,361.6666666666667,362.77777777777777,158.22222222222223,0.0,Paquete
1.10.1.1.2.4,204.55555555555557,205.66666666666669,362.77777777777777,363.88888888888886,158.2222222222222,0.0,Paquete
1.10.1.1.2.5,205.66666666666669,206.7777777777778,363.88888888888886,364.99999999999994,158.22222222222217,0.0,Paquete
ENS-VENT-1-2,201.22222222222223,211.22222222222223,399.8888888888888,409.8888888888888,198.66666666666657,0.0,Ensayo completo mínimo diez días hábiles
ENS-REV-1-2,211.22222222222223,221.22222222222223,409.8888888888888,419.8888888888888,198.66666666666657,0.0,Revisión de ensayo diez días hábiles
1.10.3.1.3,221.22222222222223,225.11111111111111,419.8888888888888,423.7777777777777,198.66666666666657,198.6666666666666,Paquete
1.10.3.1.4,221.22222222222223,225.11111111111111,419.8888888888888,423.7777777777777,198.66666666666657,198.6666666666666,Paquete
1.1.4.9.2,176.0,177.66666666666666,422.11111111111103,423.7777777777777,246.11111111111103,246.11111111111106,Paquete
1.10.2.1.1,181.0,184.33333333333334,361.66666666666663,364.99999999999994,180.66666666666663,22.444444444444457,Paquete
1.10.2.1.2,181.0,183.77777777777777,362.2222222222222,364.99999999999994,181.22222222222217,23.00000000000003,Paquete
1.10.2.1.4,181.0,183.77777777777777,350.5555555555555,353.33333333333326,169.5555555555555,0.0,Paquete
1.10.2.1.5,183.77777777777777,187.66666666666666,353.33333333333326,357.2222222222222,169.5555555555555,0.0,Paquete
1.10.2.1.6,187.66666666666666,192.11111111111111,357.2222222222222,361.66666666666663,169.55555555555551,0.0,Paquete
1.10.2.1.7,192.11111111111111,195.44444444444446,361.66666666666663,364.99999999999994,169.55555555555551,11.333333333333343,Paquete
1.10.2.1.8,181.0,185.44444444444446,357.7777777777777,362.2222222222222,176.77777777777771,0.0,Paquete
1.10.2.1.3,185.44444444444446,188.22222222222223,362.2222222222222,364.99999999999994,176.77777777777771,18.55555555555557,Paquete
1.10.2.1.9,181.0,183.77777777777777,362.2222222222222,364.99999999999994,181.22222222222217,23.00000000000003,Paquete
1.10.2.1.10,206.7777777777778,210.66666666666669,364.99999999999994,368.88888888888886,158.22222222222214,0.0,Paquete
REV-H5,210.66666666666669,220.66666666666669,368.88888888888886,378.88888888888886,158.22222222222217,0.0,Revisión contractual 10 días hábiles
SUB-H5,220.66666666666669,230.66666666666669,378.88888888888886,388.88888888888886,158.22222222222217,0.0,Subsanación contractual 10 días hábiles
1.1.4.10.1,188.0,189.66666666666666,422.11111111111103,423.7777777777777,234.11111111111103,234.11111111111106,Paquete
1.1.4.10.2,199.0,200.66666666666666,422.11111111111103,423.7777777777777,223.11111111111103,223.11111111111106,Paquete
1.1.4.11.1,209.0,210.66666666666666,422.11111111111103,423.7777777777777,213.11111111111103,213.11111111111106,Paquete
1.1.4.11.2,219.0,220.66666666666666,422.11111111111103,423.7777777777777,203.11111111111103,203.11111111111106,Paquete
1.11.2.1.1,219.0,222.33333333333334,390.0,393.3333333333333,171.0,0.0,Paquete
1.11.2.1.2,219.0,222.33333333333334,390.0,393.3333333333333,171.0,0.0,Paquete
1.11.2.1.3,219.0,222.33333333333334,390.0,393.3333333333333,171.0,0.0,Paquete
1.11.2.1.4,219.0,222.33333333333334,390.0,393.3333333333333,171.0,0.0,Paquete
1.11.2.1.5,219.0,222.33333333333334,390.0,393.3333333333333,171.0,0.0,Paquete
1.11.3.1.1,222.33333333333334,224.55555555555557,393.3333333333333,395.55555555555554,170.99999999999997,5.833333333333314,Paquete
1.1.3.3.12,229.0,230.11111111111111,422.66666666666663,423.7777777777777,193.66666666666663,193.6666666666666,Paquete
1.1.4.12.1,229.0,230.66666666666666,422.11111111111103,423.7777777777777,193.11111111111103,193.11111111111106,Paquete
1.11.7.1.1.1.1,229.0,230.38888888888889,394.16666666666663,395.55555555555554,165.16666666666663,0.0,Paquete
1.11.7.1.1.1.10,229.0,230.38888888888889,394.16666666666663,395.55555555555554,165.16666666666663,0.0,Paquete
1.11.7.1.1.1.100,229.0,230.38888888888889,394.16666666666663,395.55555555555554,165.16666666666663,0.0,Paquete
1.11.7.1.1.1.11,229.0,230.38888888888889,394.16666666666663,395.55555555555554,165.16666666666663,0.0,Paquete
1.11.7.1.1.1.12,229.0,230.38888888888889,394.16666666666663,395.55555555555554,165.16666666666663,0.0,Paquete
1.11.7.1.1.1.13,229.0,230.38888888888889,394.16666666666663,395.55555555555554,165.16666666666663,0.0,Paquete
1.11.7.1.1.1.14,229.0,230.38888888888889,394.16666666666663,395.55555555555554,165.16666666666663,0.0,Paquete
1.11.7.1.1.1.15,229.0,230.38888888888889,394.16666666666663,395.55555555555554,165.16666666666663,0.0,Paquete
1.11.7.1.1.1.16,229.0,230.38888888888889,394.16666666666663,395.55555555555554,165.16666666666663,0.0,Paquete
1.11.7.1.1.1.17,229.0,230.38888888888889,394.16666666666663,395.55555555555554,165.16666666666663,0.0,Paquete
1.11.7.1.1.1.18,229.0,230.38888888888889,394.16666666666663,395.55555555555554,165.16666666666663,0.0,Paquete
1.11.7.1.1.1.19,229.0,230.38888888888889,394.16666666666663,395.55555555555554,165.16666666666663,0.0,Paquete
1.11.7.1.1.1.2,229.0,230.38888888888889,394.16666666666663,395.55555555555554,165.16666666666663,0.0,Paquete
1.11.7.1.1.1.20,229.0,230.38888888888889,394.16666666666663,395.55555555555554,165.16666666666663,0.0,Paquete
1.11.7.1.1.1.21,229.0,230.38888888888889,394.16666666666663,395.55555555555554,165.16666666666663,0.0,Paquete
1.11.7.1.1.1.22,229.0,230.38888888888889,394.16666666666663,395.55555555555554,165.16666666666663,0.0,Paquete
1.11.7.1.1.1.23,229.0,230.38888888888889,394.16666666666663,395.55555555555554,165.16666666666663,0.0,Paquete
1.11.7.1.1.1.24,229.0,230.38888888888889,394.16666666666663,395.55555555555554,165.16666666666663,0.0,Paquete
1.11.7.1.1.1.25,229.0,230.38888888888889,394.16666666666663,395.55555555555554,165.16666666666663,0.0,Paquete
1.11.7.1.1.1.26,229.0,230.38888888888889,394.16666666666663,395.55555555555554,165.16666666666663,0.0,Paquete
1.11.7.1.1.1.27,229.0,230.38888888888889,394.16666666666663,395.55555555555554,165.16666666666663,0.0,Paquete
1.11.7.1.1.1.28,229.0,230.38888888888889,394.16666666666663,395.55555555555554,165.16666666666663,0.0,Paquete
1.11.7.1.1.1.29,229.0,230.38888888888889,394.16666666666663,395.55555555555554,165.16666666666663,0.0,Paquete
1.11.7.1.1.1.3,229.0,230.38888888888889,394.16666666666663,395.55555555555554,165.16666666666663,0.0,Paquete
1.11.7.1.1.1.30,229.0,230.38888888888889,394.16666666666663,395.55555555555554,165.16666666666663,0.0,Paquete
1.11.7.1.1.1.31,229.0,230.38888888888889,394.16666666666663,395.55555555555554,165.16666666666663,0.0,Paquete
1.11.7.1.1.1.32,229.0,230.38888888888889,394.16666666666663,395.55555555555554,165.16666666666663,0.0,Paquete
1.11.7.1.1.1.33,229.0,230.38888888888889,394.16666666666663,395.55555555555554,165.16666666666663,0.0,Paquete
1.11.7.1.1.1.34,229.0,230.38888888888889,394.16666666666663,395.55555555555554,165.16666666666663,0.0,Paquete
1.11.7.1.1.1.35,229.0,230.38888888888889,394.16666666666663,395.55555555555554,165.16666666666663,0.0,Paquete
1.11.7.1.1.1.36,229.0,230.38888888888889,394.16666666666663,395.55555555555554,165.16666666666663,0.0,Paquete
1.11.7.1.1.1.37,229.0,230.38888888888889,394.16666666666663,395.55555555555554,165.16666666666663,0.0,Paquete
1.11.7.1.1.1.38,229.0,230.38888888888889,394.16666666666663,395.55555555555554,165.16666666666663,0.0,Paquete
1.11.7.1.1.1.39,229.0,230.38888888888889,394.16666666666663,395.55555555555554,165.16666666666663,0.0,Paquete
1.11.7.1.1.1.4,229.0,230.38888888888889,394.16666666666663,395.55555555555554,165.16666666666663,0.0,Paquete
1.11.7.1.1.1.40,229.0,230.38888888888889,394.16666666666663,395.55555555555554,165.16666666666663,0.0,Paquete
1.11.7.1.1.1.41,229.0,230.38888888888889,394.16666666666663,395.55555555555554,165.16666666666663,0.0,Paquete
1.11.7.1.1.1.42,229.0,230.38888888888889,394.16666666666663,395.55555555555554,165.16666666666663,0.0,Paquete
1.11.7.1.1.1.43,229.0,230.38888888888889,394.16666666666663,395.55555555555554,165.16666666666663,0.0,Paquete
1.11.7.1.1.1.44,229.0,230.38888888888889,394.16666666666663,395.55555555555554,165.16666666666663,0.0,Paquete
1.11.7.1.1.1.45,229.0,230.38888888888889,394.16666666666663,395.55555555555554,165.16666666666663,0.0,Paquete
1.11.7.1.1.1.46,229.0,230.38888888888889,394.16666666666663,395.55555555555554,165.16666666666663,0.0,Paquete
1.11.7.1.1.1.47,229.0,230.38888888888889,394.16666666666663,395.55555555555554,165.16666666666663,0.0,Paquete
1.11.7.1.1.1.48,229.0,230.38888888888889,394.16666666666663,395.55555555555554,165.16666666666663,0.0,Paquete
1.11.7.1.1.1.49,229.0,230.38888888888889,394.16666666666663,395.55555555555554,165.16666666666663,0.0,Paquete
1.11.7.1.1.1.5,229.0,230.38888888888889,394.16666666666663,395.55555555555554,165.16666666666663,0.0,Paquete
1.11.7.1.1.1.50,229.0,230.38888888888889,394.16666666666663,395.55555555555554,165.16666666666663,0.0,Paquete
1.11.7.1.1.1.51,229.0,230.38888888888889,394.16666666666663,395.55555555555554,165.16666666666663,0.0,Paquete
1.11.7.1.1.1.52,229.0,230.38888888888889,394.16666666666663,395.55555555555554,165.16666666666663,0.0,Paquete
1.11.7.1.1.1.53,229.0,230.38888888888889,394.16666666666663,395.55555555555554,165.16666666666663,0.0,Paquete
1.11.7.1.1.1.54,229.0,230.38888888888889,394.16666666666663,395.55555555555554,165.16666666666663,0.0,Paquete
1.11.7.1.1.1.55,229.0,230.38888888888889,394.16666666666663,395.55555555555554,165.16666666666663,0.0,Paquete
1.11.7.1.1.1.56,229.0,230.38888888888889,394.16666666666663,395.55555555555554,165.16666666666663,0.0,Paquete
1.11.7.1.1.1.57,229.0,230.38888888888889,394.16666666666663,395.55555555555554,165.16666666666663,0.0,Paquete
1.11.7.1.1.1.58,229.0,230.38888888888889,394.16666666666663,395.55555555555554,165.16666666666663,0.0,Paquete
1.11.7.1.1.1.59,229.0,230.38888888888889,394.16666666666663,395.55555555555554,165.16666666666663,0.0,Paquete
1.11.7.1.1.1.6,229.0,230.38888888888889,394.16666666666663,395.55555555555554,165.16666666666663,0.0,Paquete
1.11.7.1.1.1.60,229.0,230.38888888888889,394.16666666666663,395.55555555555554,165.16666666666663,0.0,Paquete
1.11.7.1.1.1.61,229.0,230.38888888888889,394.16666666666663,395.55555555555554,165.16666666666663,0.0,Paquete
1.11.7.1.1.1.62,229.0,230.38888888888889,394.16666666666663,395.55555555555554,165.16666666666663,0.0,Paquete
1.11.7.1.1.1.63,229.0,230.38888888888889,394.16666666666663,395.55555555555554,165.16666666666663,0.0,Paquete
1.11.7.1.1.1.64,229.0,230.38888888888889,394.16666666666663,395.55555555555554,165.16666666666663,0.0,Paquete
1.11.7.1.1.1.65,229.0,230.38888888888889,394.16666666666663,395.55555555555554,165.16666666666663,0.0,Paquete
1.11.7.1.1.1.66,229.0,230.38888888888889,394.16666666666663,395.55555555555554,165.16666666666663,0.0,Paquete
1.11.7.1.1.1.67,229.0,230.38888888888889,394.16666666666663,395.55555555555554,165.16666666666663,0.0,Paquete
1.11.7.1.1.1.68,229.0,230.38888888888889,394.16666666666663,395.55555555555554,165.16666666666663,0.0,Paquete
1.11.7.1.1.1.69,229.0,230.38888888888889,394.16666666666663,395.55555555555554,165.16666666666663,0.0,Paquete
1.11.7.1.1.1.7,229.0,230.38888888888889,394.16666666666663,395.55555555555554,165.16666666666663,0.0,Paquete
1.11.7.1.1.1.70,229.0,230.38888888888889,394.16666666666663,395.55555555555554,165.16666666666663,0.0,Paquete
1.11.7.1.1.1.71,229.0,230.38888888888889,394.16666666666663,395.55555555555554,165.16666666666663,0.0,Paquete
1.11.7.1.1.1.72,229.0,230.38888888888889,394.16666666666663,395.55555555555554,165.16666666666663,0.0,Paquete
1.11.7.1.1.1.73,229.0,230.38888888888889,394.16666666666663,395.55555555555554,165.16666666666663,0.0,Paquete
1.11.7.1.1.1.74,229.0,230.38888888888889,394.16666666666663,395.55555555555554,165.16666666666663,0.0,Paquete
1.11.7.1.1.1.75,229.0,230.38888888888889,394.16666666666663,395.55555555555554,165.16666666666663,0.0,Paquete
1.11.7.1.1.1.76,229.0,230.38888888888889,394.16666666666663,395.55555555555554,165.16666666666663,0.0,Paquete
1.11.7.1.1.1.77,229.0,230.38888888888889,394.16666666666663,395.55555555555554,165.16666666666663,0.0,Paquete
1.11.7.1.1.1.78,229.0,230.38888888888889,394.16666666666663,395.55555555555554,165.16666666666663,0.0,Paquete
1.11.7.1.1.1.79,229.0,230.38888888888889,394.16666666666663,395.55555555555554,165.16666666666663,0.0,Paquete
1.11.7.1.1.1.8,229.0,230.38888888888889,394.16666666666663,395.55555555555554,165.16666666666663,0.0,Paquete
1.11.7.1.1.1.80,229.0,230.38888888888889,394.16666666666663,395.55555555555554,165.16666666666663,0.0,Paquete
1.11.7.1.1.1.81,229.0,230.38888888888889,394.16666666666663,395.55555555555554,165.16666666666663,0.0,Paquete
1.11.7.1.1.1.82,229.0,230.38888888888889,394.16666666666663,395.55555555555554,165.16666666666663,0.0,Paquete
1.11.7.1.1.1.83,229.0,230.38888888888889,394.16666666666663,395.55555555555554,165.16666666666663,0.0,Paquete
1.11.7.1.1.1.84,229.0,230.38888888888889,394.16666666666663,395.55555555555554,165.16666666666663,0.0,Paquete
1.11.7.1.1.1.85,229.0,230.38888888888889,394.16666666666663,395.55555555555554,165.16666666666663,0.0,Paquete
1.11.7.1.1.1.86,229.0,230.38888888888889,394.16666666666663,395.55555555555554,165.16666666666663,0.0,Paquete
1.11.7.1.1.1.87,229.0,230.38888888888889,394.16666666666663,395.55555555555554,165.16666666666663,0.0,Paquete
1.11.7.1.1.1.88,229.0,230.38888888888889,394.16666666666663,395.55555555555554,165.16666666666663,0.0,Paquete
1.11.7.1.1.1.89,229.0,230.38888888888889,394.16666666666663,395.55555555555554,165.16666666666663,0.0,Paquete
1.11.7.1.1.1.9,229.0,230.38888888888889,394.16666666666663,395.55555555555554,165.16666666666663,0.0,Paquete
1.11.7.1.1.1.90,229.0,230.38888888888889,394.16666666666663,395.55555555555554,165.16666666666663,0.0,Paquete
1.11.7.1.1.1.91,229.0,230.38888888888889,394.16666666666663,395.55555555555554,165.16666666666663,0.0,Paquete
1.11.7.1.1.1.92,229.0,230.38888888888889,394.16666666666663,395.55555555555554,165.16666666666663,0.0,Paquete
1.11.7.1.1.1.93,229.0,230.38888888888889,394.16666666666663,395.55555555555554,165.16666666666663,0.0,Paquete
1.11.7.1.1.1.94,229.0,230.38888888888889,394.16666666666663,395.55555555555554,165.16666666666663,0.0,Paquete
1.11.7.1.1.1.95,229.0,230.38888888888889,394.16666666666663,395.55555555555554,165.16666666666663,0.0,Paquete
1.11.7.1.1.1.96,229.0,230.38888888888889,394.16666666666663,395.55555555555554,165.16666666666663,0.0,Paquete
1.11.7.1.1.1.97,229.0,230.38888888888889,394.16666666666663,395.55555555555554,165.16666666666663,0.0,Paquete
1.11.7.1.1.1.98,229.0,230.38888888888889,394.16666666666663,395.55555555555554,165.16666666666663,0.0,Paquete
1.11.7.1.1.1.99,229.0,230.38888888888889,394.16666666666663,395.55555555555554,165.16666666666663,0.0,Paquete
1.11.7.1.2.1.1,229.0,230.38888888888889,394.16666666666663,395.55555555555554,165.16666666666663,0.0,Paquete
1.11.7.1.2.1.2,229.0,230.38888888888889,394.16666666666663,395.55555555555554,165.16666666666663,0.0,Paquete
1.11.7.1.3.1.1,229.0,230.38888888888889,394.16666666666663,395.55555555555554,165.16666666666663,0.0,Paquete
1.11.7.1.4.1.1,229.0,230.38888888888889,394.16666666666663,395.55555555555554,165.16666666666663,0.0,Paquete
1.11.7.1.5.1.1,229.0,230.38888888888889,394.16666666666663,395.55555555555554,165.16666666666663,0.0,Paquete
1.11.7.1.5.1.2,229.0,230.38888888888889,394.16666666666663,395.55555555555554,165.16666666666663,0.0,Paquete
1.11.7.1.5.1.3,229.0,230.38888888888889,394.16666666666663,395.55555555555554,165.16666666666663,0.0,Paquete
FORMACION-E1,230.38888888888889,230.38888888888889,395.55555555555554,395.55555555555554,165.16666666666666,19.611111111111114,Puerta
H5,230.66666666666669,230.66666666666669,388.88888888888886,388.88888888888886,158.22222222222217,0.0,Puerta
RES-MAR-E1,230.66666666666669,240.66666666666669,388.88888888888886,398.88888888888886,158.22222222222217,9.333333333333314,Reserva marina de diez días hábiles antes de activación
1.1.4.12.2,239.0,240.66666666666666,422.11111111111103,423.7777777777777,183.11111111111103,183.11111111111106,Paquete
1.11.1.1.1,239.0,241.22222222222223,421.5555555555555,423.7777777777777,182.5555555555555,182.5555555555555,Paquete
1.11.1.2.1,239.0,241.22222222222223,421.5555555555555,423.7777777777777,182.5555555555555,182.5555555555555,Paquete
1.1.4.13.1,250.0,251.66666666666666,422.11111111111103,423.7777777777777,172.11111111111103,172.11111111111106,Paquete
1.11.1.1.2,250.0,252.77777777777777,420.99999999999994,423.7777777777777,170.99999999999994,170.99999999999994,Paquete
1.11.1.2.3,250.0,252.22222222222223,421.5555555555555,423.7777777777777,171.5555555555555,171.5555555555555,Paquete
1.11.1.MB.1.13.1,250.0,252.77777777777777,399.4444444444444,402.2222222222222,149.4444444444444,61.22222222222223,Paquete
1.11.4.1.1.1.1,250.0,250.0,423.7777777777777,423.7777777777777,173.77777777777771,173.77777777777771,Cobertura presencial por día
1.11.4.1.1.1.2,250.0,250.0,423.7777777777777,423.7777777777777,173.77777777777771,173.77777777777771,Cobertura presencial por día
1.11.4.1.2.1.1,250.0,250.0,423.7777777777777,423.7777777777777,173.77777777777771,173.77777777777771,Cobertura presencial por día
1.11.4.1.2.1.2,250.0,250.0,423.7777777777777,423.7777777777777,173.77777777777771,173.77777777777771,Cobertura presencial por día
1.11.4.1.3.1.1,250.0,250.0,423.7777777777777,423.7777777777777,173.77777777777771,173.77777777777771,Cobertura presencial por día
1.11.4.1.3.1.2,250.0,250.0,423.7777777777777,423.7777777777777,173.77777777777771,173.77777777777771,Cobertura presencial por día
1.11.4.1.4.1.1,250.0,250.0,423.7777777777777,423.7777777777777,173.77777777777771,173.77777777777771,Cobertura presencial por día
1.11.4.1.4.1.2,250.0,250.0,423.7777777777777,423.7777777777777,173.77777777777771,173.77777777777771,Cobertura presencial por día
1.5.1.2.1,250.0,252.22222222222223,305.4444444444445,307.66666666666674,55.444444444444514,0.0,Paquete
1.5.1.2.4.1,252.22222222222223,254.44444444444446,325.4444444444445,327.66666666666674,73.22222222222229,27.77777777777777,Paquete
1.5.1.2.4.2,252.22222222222223,254.44444444444446,325.4444444444445,327.66666666666674,73.22222222222229,27.77777777777777,Paquete
1.5.1.2.4.3,252.22222222222223,253.81944444444446,326.0694444444445,327.66666666666674,73.84722222222229,28.40277777777777,Paquete
1.5.1.4.1,250.0,252.22222222222223,305.4444444444445,307.66666666666674,55.444444444444514,0.0,Paquete
1.5.1.4.4.1,252.22222222222223,254.30555555555557,325.5833333333334,327.66666666666674,73.3611111111112,27.916666666666657,Paquete
1.5.1.4.4.2,252.22222222222223,254.44444444444446,325.4444444444445,327.66666666666674,73.22222222222229,27.77777777777777,Paquete
1.5.1.4.4.3,252.22222222222223,253.81944444444446,326.0694444444445,327.66666666666674,73.84722222222229,28.40277777777777,Paquete
1.5.3.3.1,250.0,252.22222222222223,305.4444444444445,307.66666666666674,55.444444444444514,0.0,Paquete
1.5.3.3.4.1,252.22222222222223,254.30555555555557,325.5833333333334,327.66666666666674,73.3611111111112,27.916666666666657,Paquete
1.5.3.3.4.2,252.22222222222223,254.44444444444446,325.4444444444445,327.66666666666674,73.22222222222229,27.77777777777777,Paquete
1.5.3.3.4.3,252.22222222222223,253.81944444444446,326.0694444444445,327.66666666666674,73.84722222222229,28.40277777777777,Paquete
1.5.3.5.1,250.0,252.22222222222223,305.4444444444445,307.66666666666674,55.444444444444514,0.0,Paquete
1.5.3.5.4.1,252.22222222222223,254.30555555555557,325.5833333333334,327.66666666666674,73.3611111111112,27.916666666666657,Paquete
1.5.3.5.4.2,252.22222222222223,254.44444444444446,325.4444444444445,327.66666666666674,73.22222222222229,27.77777777777777,Paquete
1.5.3.5.4.3,252.22222222222223,253.81944444444446,326.0694444444445,327.66666666666674,73.84722222222229,28.40277777777777,Paquete
1.6.2.1.1,250.0,252.22222222222223,305.4444444444445,307.66666666666674,55.444444444444514,0.0,Paquete
1.6.2.1.4.1,252.22222222222223,254.30555555555557,325.5833333333334,327.66666666666674,73.3611111111112,27.916666666666657,Paquete
1.6.2.1.4.2,252.22222222222223,254.30555555555557,325.5833333333334,327.66666666666674,73.3611111111112,27.916666666666657,Paquete
1.6.2.1.4.3,252.22222222222223,253.81944444444446,326.0694444444445,327.66666666666674,73.84722222222229,28.40277777777777,Paquete
1.6.2.3.1,250.0,252.22222222222223,305.4444444444445,307.66666666666674,55.444444444444514,0.0,Paquete
1.6.2.3.4.1,252.22222222222223,254.30555555555557,325.5833333333334,327.66666666666674,73.3611111111112,27.916666666666657,Paquete
1.6.2.3.4.2,252.22222222222223,254.30555555555557,325.5833333333334,327.66666666666674,73.3611111111112,27.916666666666657,Paquete
1.6.2.3.4.3,252.22222222222223,253.81944444444446,326.0694444444445,327.66666666666674,73.84722222222229,28.40277777777777,Paquete
1.9.1.1.1,250.0,252.22222222222223,305.4444444444445,307.66666666666674,55.444444444444514,0.0,Paquete
1.9.2.1.1,250.0,252.77777777777777,304.88888888888897,307.66666666666674,54.88888888888897,9.444444444444457,Paquete
1.9.3.1.1,250.0,253.33333333333334,304.3333333333334,307.66666666666674,54.33333333333343,8.888888888888886,Paquete
1.9.4.2.1,252.22222222222223,254.44444444444446,343.9629629629628,346.18518518518505,91.74074074074059,17.555555555555543,Paquete
1.9.5.1.1,250.0,253.33333333333334,304.3333333333334,307.66666666666674,54.33333333333343,8.888888888888886,Paquete
MB-INI-E1,250.0,250.0,398.88888888888886,398.88888888888886,148.88888888888886,52.0,Puerta
1.11.4.1.1.2.1,251.0,251.0,423.7777777777777,423.7777777777777,172.77777777777771,172.77777777777771,Cobertura presencial por día
1.11.4.1.1.2.2,251.0,251.0,423.7777777777777,423.7777777777777,172.77777777777771,172.77777777777771,Cobertura presencial por día
1.11.4.1.2.2.1,251.0,251.0,423.7777777777777,423.7777777777777,172.77777777777771,172.77777777777771,Cobertura presencial por día
1.11.4.1.2.2.2,251.0,251.0,423.7777777777777,423.7777777777777,172.77777777777771,172.77777777777771,Cobertura presencial por día
1.11.4.1.3.2.1,251.0,251.0,423.7777777777777,423.7777777777777,172.77777777777771,172.77777777777771,Cobertura presencial por día
1.11.4.1.3.2.2,251.0,251.0,423.7777777777777,423.7777777777777,172.77777777777771,172.77777777777771,Cobertura presencial por día
1.11.4.1.4.2.1,251.0,251.0,423.7777777777777,423.7777777777777,172.77777777777771,172.77777777777771,Cobertura presencial por día
1.11.4.1.4.2.2,251.0,251.0,423.7777777777777,423.7777777777777,172.77777777777771,172.77777777777771,Cobertura presencial por día
1.11.4.1.1.3.1,252.0,252.0,423.7777777777777,423.7777777777777,171.77777777777771,171.77777777777771,Cobertura presencial por día
1.11.4.1.1.3.2,252.0,252.0,423.7777777777777,423.7777777777777,171.77777777777771,171.77777777777771,Cobertura presencial por día
1.11.4.1.2.3.1,252.0,252.0,423.7777777777777,423.7777777777777,171.77777777777771,171.77777777777771,Cobertura presencial por día
1.11.4.1.2.3.2,252.0,252.0,423.7777777777777,423.7777777777777,171.77777777777771,171.77777777777771,Cobertura presencial por día
1.11.4.1.3.3.1,252.0,252.0,423.7777777777777,423.7777777777777,171.77777777777771,171.77777777777771,Cobertura presencial por día
1.11.4.1.3.3.2,252.0,252.0,423.7777777777777,423.7777777777777,171.77777777777771,171.77777777777771,Cobertura presencial por día
1.11.4.1.4.3.1,252.0,252.0,423.7777777777777,423.7777777777777,171.77777777777771,171.77777777777771,Cobertura presencial por día
1.11.4.1.4.3.2,252.0,252.0,423.7777777777777,423.7777777777777,171.77777777777771,171.77777777777771,Cobertura presencial por día
1.11.4.1.1.4.1,253.0,253.0,423.7777777777777,423.7777777777777,170.77777777777771,170.77777777777771,Cobertura presencial por día
1.11.4.1.1.4.2,253.0,253.0,423.7777777777777,423.7777777777777,170.77777777777771,170.77777777777771,Cobertura presencial por día
1.11.4.1.1.5.1,253.0,253.0,423.7777777777777,423.7777777777777,170.77777777777771,170.77777777777771,Cobertura presencial por día
1.11.4.1.1.5.2,253.0,253.0,423.7777777777777,423.7777777777777,170.77777777777771,170.77777777777771,Cobertura presencial por día
1.11.4.1.1.6.1,253.0,253.0,423.7777777777777,423.7777777777777,170.77777777777771,170.77777777777771,Cobertura presencial por día
1.11.4.1.1.6.2,253.0,253.0,423.7777777777777,423.7777777777777,170.77777777777771,170.77777777777771,Cobertura presencial por día
1.11.4.1.2.4.1,253.0,253.0,423.7777777777777,423.7777777777777,170.77777777777771,170.77777777777771,Cobertura presencial por día
1.11.4.1.2.4.2,253.0,253.0,423.7777777777777,423.7777777777777,170.77777777777771,170.77777777777771,Cobertura presencial por día
1.11.4.1.2.5.1,253.0,253.0,423.7777777777777,423.7777777777777,170.77777777777771,170.77777777777771,Cobertura presencial por día
1.11.4.1.2.5.2,253.0,253.0,423.7777777777777,423.7777777777777,170.77777777777771,170.77777777777771,Cobertura presencial por día
1.11.4.1.2.6.1,253.0,253.0,423.7777777777777,423.7777777777777,170.77777777777771,170.77777777777771,Cobertura presencial por día
1.11.4.1.2.6.2,253.0,253.0,423.7777777777777,423.7777777777777,170.77777777777771,170.77777777777771,Cobertura presencial por día
1.11.4.1.3.4.1,253.0,253.0,423.7777777777777,423.7777777777777,170.77777777777771,170.77777777777771,Cobertura presencial por día
1.11.4.1.3.4.2,253.0,253.0,423.7777777777777,423.7777777777777,170.77777777777771,170.77777777777771,Cobertura presencial por día
1.11.4.1.3.5.1,253.0,253.0,423.7777777777777,423.7777777777777,170.77777777777771,170.77777777777771,Cobertura presencial por día
1.11.4.1.3.5.2,253.0,253.0,423.7777777777777,423.7777777777777,170.77777777777771,170.77777777777771,Cobertura presencial por día
1.11.4.1.3.6.1,253.0,253.0,423.7777777777777,423.7777777777777,170.77777777777771,170.77777777777771,Cobertura presencial por día
1.11.4.1.3.6.2,253.0,253.0,423.7777777777777,423.7777777777777,170.77777777777771,170.77777777777771,Cobertura presencial por día
1.11.4.1.4.4.1,253.0,253.0,423.7777777777777,423.7777777777777,170.77777777777771,170.77777777777771,Cobertura presencial por día
1.11.4.1.4.4.2,253.0,253.0,423.7777777777777,423.7777777777777,170.77777777777771,170.77777777777771,Cobertura presencial por día
1.11.4.1.4.5.1,253.0,253.0,423.7777777777777,423.7777777777777,170.77777777777771,170.77777777777771,Cobertura presencial por día
1.11.4.1.4.5.2,253.0,253.0,423.7777777777777,423.7777777777777,170.77777777777771,170.77777777777771,Cobertura presencial por día
1.11.4.1.4.6.1,253.0,253.0,423.7777777777777,423.7777777777777,170.77777777777771,170.77777777777771,Cobertura presencial por día
1.11.4.1.4.6.2,253.0,253.0,423.7777777777777,423.7777777777777,170.77777777777771,170.77777777777771,Cobertura presencial por día
1.11.4.1.1.7.1,254.0,254.0,423.7777777777777,423.7777777777777,169.77777777777771,169.77777777777771,Cobertura presencial por día
1.11.4.1.1.7.2,254.0,254.0,423.7777777777777,423.7777777777777,169.77777777777771,169.77777777777771,Cobertura presencial por día
1.11.4.1.2.7.1,254.0,254.0,423.7777777777777,423.7777777777777,169.77777777777771,169.77777777777771,Cobertura presencial por día
1.11.4.1.2.7.2,254.0,254.0,423.7777777777777,423.7777777777777,169.77777777777771,169.77777777777771,Cobertura presencial por día
1.11.4.1.3.7.1,254.0,254.0,423.7777777777777,423.7777777777777,169.77777777777771,169.77777777777771,Cobertura presencial por día
1.11.4.1.3.7.2,254.0,254.0,423.7777777777777,423.7777777777777,169.77777777777771,169.77777777777771,Cobertura presencial por día
1.11.4.1.4.7.1,254.0,254.0,423.7777777777777,423.7777777777777,169.77777777777771,169.77777777777771,Cobertura presencial por día
1.11.4.1.4.7.2,254.0,254.0,423.7777777777777,423.7777777777777,169.77777777777771,169.77777777777771,Cobertura presencial por día
1.11.4.1.1.8.1,255.0,255.0,423.7777777777777,423.7777777777777,168.77777777777771,168.77777777777771,Cobertura presencial por día
1.11.4.1.1.8.2,255.0,255.0,423.7777777777777,423.7777777777777,168.77777777777771,168.77777777777771,Cobertura presencial por día
1.11.4.1.1.9.1,255.0,255.0,423.7777777777777,423.7777777777777,168.77777777777771,168.77777777777771,Cobertura presencial por día
1.11.4.1.1.9.2,255.0,255.0,423.7777777777777,423.7777777777777,168.77777777777771,168.77777777777771,Cobertura presencial por día
1.11.4.1.2.8.1,255.0,255.0,423.7777777777777,423.7777777777777,168.77777777777771,168.77777777777771,Cobertura presencial por día
1.11.4.1.2.8.2,255.0,255.0,423.7777777777777,423.7777777777777,168.77777777777771,168.77777777777771,Cobertura presencial por día
1.11.4.1.2.9.1,255.0,255.0,423.7777777777777,423.7777777777777,168.77777777777771,168.77777777777771,Cobertura presencial por día
1.11.4.1.2.9.2,255.0,255.0,423.7777777777777,423.7777777777777,168.77777777777771,168.77777777777771,Cobertura presencial por día
1.11.4.1.3.8.1,255.0,255.0,423.7777777777777,423.7777777777777,168.77777777777771,168.77777777777771,Cobertura presencial por día
1.11.4.1.3.8.2,255.0,255.0,423.7777777777777,423.7777777777777,168.77777777777771,168.77777777777771,Cobertura presencial por día
1.11.4.1.3.9.1,255.0,255.0,423.7777777777777,423.7777777777777,168.77777777777771,168.77777777777771,Cobertura presencial por día
1.11.4.1.3.9.2,255.0,255.0,423.7777777777777,423.7777777777777,168.77777777777771,168.77777777777771,Cobertura presencial por día
1.11.4.1.4.8.1,255.0,255.0,423.7777777777777,423.7777777777777,168.77777777777771,168.77777777777771,Cobertura presencial por día
1.11.4.1.4.8.2,255.0,255.0,423.7777777777777,423.7777777777777,168.77777777777771,168.77777777777771,Cobertura presencial por día
1.11.4.1.4.9.1,255.0,255.0,423.7777777777777,423.7777777777777,168.77777777777771,168.77777777777771,Cobertura presencial por día
1.11.4.1.4.9.2,255.0,255.0,423.7777777777777,423.7777777777777,168.77777777777771,168.77777777777771,Cobertura presencial por día
1.11.4.1.1.10.1,256.0,256.0,423.7777777777777,423.7777777777777,167.77777777777771,167.77777777777771,Cobertura presencial por día
1.11.4.1.1.10.2,256.0,256.0,423.7777777777777,423.7777777777777,167.77777777777771,167.77777777777771,Cobertura presencial por día
1.11.4.1.2.10.1,256.0,256.0,423.7777777777777,423.7777777777777,167.77777777777771,167.77777777777771,Cobertura presencial por día
1.11.4.1.2.10.2,256.0,256.0,423.7777777777777,423.7777777777777,167.77777777777771,167.77777777777771,Cobertura presencial por día
1.11.4.1.3.10.1,256.0,256.0,423.7777777777777,423.7777777777777,167.77777777777771,167.77777777777771,Cobertura presencial por día
1.11.4.1.3.10.2,256.0,256.0,423.7777777777777,423.7777777777777,167.77777777777771,167.77777777777771,Cobertura presencial por día
1.11.4.1.4.10.1,256.0,256.0,423.7777777777777,423.7777777777777,167.77777777777771,167.77777777777771,Cobertura presencial por día
1.11.4.1.4.10.2,256.0,256.0,423.7777777777777,423.7777777777777,167.77777777777771,167.77777777777771,Cobertura presencial por día
1.11.4.1.1.11.1,257.0,257.0,423.7777777777777,423.7777777777777,166.77777777777771,166.77777777777771,Cobertura presencial por día
1.11.4.1.1.11.2,257.0,257.0,423.7777777777777,423.7777777777777,166.77777777777771,166.77777777777771,Cobertura presencial por día
1.11.4.1.1.12.1,257.0,257.0,423.7777777777777,423.7777777777777,166.77777777777771,166.77777777777771,Cobertura presencial por día
1.11.4.1.1.12.2,257.0,257.0,423.7777777777777,423.7777777777777,166.77777777777771,166.77777777777771,Cobertura presencial por día
1.11.4.1.1.13.1,257.0,257.0,423.7777777777777,423.7777777777777,166.77777777777771,166.77777777777771,Cobertura presencial por día
1.11.4.1.1.13.2,257.0,257.0,423.7777777777777,423.7777777777777,166.77777777777771,166.77777777777771,Cobertura presencial por día
1.11.4.1.2.11.1,257.0,257.0,423.7777777777777,423.7777777777777,166.77777777777771,166.77777777777771,Cobertura presencial por día
1.11.4.1.2.11.2,257.0,257.0,423.7777777777777,423.7777777777777,166.77777777777771,166.77777777777771,Cobertura presencial por día
1.11.4.1.2.12.1,257.0,257.0,423.7777777777777,423.7777777777777,166.77777777777771,166.77777777777771,Cobertura presencial por día
1.11.4.1.2.12.2,257.0,257.0,423.7777777777777,423.7777777777777,166.77777777777771,166.77777777777771,Cobertura presencial por día
1.11.4.1.2.13.1,257.0,257.0,423.7777777777777,423.7777777777777,166.77777777777771,166.77777777777771,Cobertura presencial por día
1.11.4.1.2.13.2,257.0,257.0,423.7777777777777,423.7777777777777,166.77777777777771,166.77777777777771,Cobertura presencial por día
1.11.4.1.3.11.1,257.0,257.0,423.7777777777777,423.7777777777777,166.77777777777771,166.77777777777771,Cobertura presencial por día
1.11.4.1.3.11.2,257.0,257.0,423.7777777777777,423.7777777777777,166.77777777777771,166.77777777777771,Cobertura presencial por día
1.11.4.1.3.12.1,257.0,257.0,423.7777777777777,423.7777777777777,166.77777777777771,166.77777777777771,Cobertura presencial por día
1.11.4.1.3.12.2,257.0,257.0,423.7777777777777,423.7777777777777,166.77777777777771,166.77777777777771,Cobertura presencial por día
1.11.4.1.3.13.1,257.0,257.0,423.7777777777777,423.7777777777777,166.77777777777771,166.77777777777771,Cobertura presencial por día
1.11.4.1.3.13.2,257.0,257.0,423.7777777777777,423.7777777777777,166.77777777777771,166.77777777777771,Cobertura presencial por día
1.11.4.1.4.11.1,257.0,257.0,423.7777777777777,423.7777777777777,166.77777777777771,166.77777777777771,Cobertura presencial por día
1.11.4.1.4.11.2,257.0,257.0,423.7777777777777,423.7777777777777,166.77777777777771,166.77777777777771,Cobertura presencial por día
1.11.4.1.4.12.1,257.0,257.0,423.7777777777777,423.7777777777777,166.77777777777771,166.77777777777771,Cobertura presencial por día
1.11.4.1.4.12.2,257.0,257.0,423.7777777777777,423.7777777777777,166.77777777777771,166.77777777777771,Cobertura presencial por día
1.11.4.1.4.13.1,257.0,257.0,423.7777777777777,423.7777777777777,166.77777777777771,166.77777777777771,Cobertura presencial por día
1.11.4.1.4.13.2,257.0,257.0,423.7777777777777,423.7777777777777,166.77777777777771,166.77777777777771,Cobertura presencial por día
1.11.4.1.1.14.1,258.0,258.0,423.7777777777777,423.7777777777777,165.77777777777771,165.77777777777771,Cobertura presencial por día
1.11.4.1.1.14.2,258.0,258.0,423.7777777777777,423.7777777777777,165.77777777777771,165.77777777777771,Cobertura presencial por día
1.11.4.1.2.14.1,258.0,258.0,423.7777777777777,423.7777777777777,165.77777777777771,165.77777777777771,Cobertura presencial por día
1.11.4.1.2.14.2,258.0,258.0,423.7777777777777,423.7777777777777,165.77777777777771,165.77777777777771,Cobertura presencial por día
1.11.4.1.3.14.1,258.0,258.0,423.7777777777777,423.7777777777777,165.77777777777771,165.77777777777771,Cobertura presencial por día
1.11.4.1.3.14.2,258.0,258.0,423.7777777777777,423.7777777777777,165.77777777777771,165.77777777777771,Cobertura presencial por día
1.11.4.1.4.14.1,258.0,258.0,423.7777777777777,423.7777777777777,165.77777777777771,165.77777777777771,Cobertura presencial por día
1.11.4.1.4.14.2,258.0,258.0,423.7777777777777,423.7777777777777,165.77777777777771,165.77777777777771,Cobertura presencial por día
1.11.4.1.1.15.1,259.0,259.0,423.7777777777777,423.7777777777777,164.77777777777771,164.77777777777771,Cobertura presencial por día
1.11.4.1.1.15.2,259.0,259.0,423.7777777777777,423.7777777777777,164.77777777777771,164.77777777777771,Cobertura presencial por día
1.11.4.1.2.15.1,259.0,259.0,423.7777777777777,423.7777777777777,164.77777777777771,164.77777777777771,Cobertura presencial por día
1.11.4.1.2.15.2,259.0,259.0,423.7777777777777,423.7777777777777,164.77777777777771,164.77777777777771,Cobertura presencial por día
1.11.4.1.3.15.1,259.0,259.0,423.7777777777777,423.7777777777777,164.77777777777771,164.77777777777771,Cobertura presencial por día
1.11.4.1.3.15.2,259.0,259.0,423.7777777777777,423.7777777777777,164.77777777777771,164.77777777777771,Cobertura presencial por día
1.11.4.1.4.15.1,259.0,259.0,423.7777777777777,423.7777777777777,164.77777777777771,164.77777777777771,Cobertura presencial por día
1.11.4.1.4.15.2,259.0,259.0,423.7777777777777,423.7777777777777,164.77777777777771,164.77777777777771,Cobertura presencial por día
1.1.4.13.2,260.0,261.6666666666667,422.11111111111103,423.7777777777777,162.11111111111103,162.11111111111103,Paquete
1.11.1.1.3,260.0,262.22222222222223,421.5555555555555,423.7777777777777,161.5555555555555,161.5555555555555,Paquete
1.11.1.2.2,260.0,262.77777777777777,420.99999999999994,423.7777777777777,160.99999999999994,160.99999999999994,Paquete
1.11.1.MB.1.13.2,260.0,262.77777777777777,399.4444444444444,402.2222222222222,139.4444444444444,51.22222222222223,Paquete
1.11.4.1.1.16.1,260.0,260.0,423.7777777777777,423.7777777777777,163.77777777777771,163.77777777777771,Cobertura presencial por día
1.11.4.1.1.16.2,260.0,260.0,423.7777777777777,423.7777777777777,163.77777777777771,163.77777777777771,Cobertura presencial por día
1.11.4.1.2.16.1,260.0,260.0,423.7777777777777,423.7777777777777,163.77777777777771,163.77777777777771,Cobertura presencial por día
1.11.4.1.2.16.2,260.0,260.0,423.7777777777777,423.7777777777777,163.77777777777771,163.77777777777771,Cobertura presencial por día
1.11.4.1.3.16.1,260.0,260.0,423.7777777777777,423.7777777777777,163.77777777777771,163.77777777777771,Cobertura presencial por día
1.11.4.1.3.16.2,260.0,260.0,423.7777777777777,423.7777777777777,163.77777777777771,163.77777777777771,Cobertura presencial por día
1.11.4.1.4.16.1,260.0,260.0,423.7777777777777,423.7777777777777,163.77777777777771,163.77777777777771,Cobertura presencial por día
1.11.4.1.4.16.2,260.0,260.0,423.7777777777777,423.7777777777777,163.77777777777771,163.77777777777771,Cobertura presencial por día
1.5.1.3.1,260.0,262.22222222222223,305.4444444444445,307.66666666666674,45.444444444444514,0.0,Paquete
1.5.1.3.4.1,262.22222222222223,264.44444444444446,325.4444444444445,327.66666666666674,63.222222222222285,17.77777777777777,Paquete
1.5.1.3.4.2,262.22222222222223,264.44444444444446,325.4444444444445,327.66666666666674,63.222222222222285,17.77777777777777,Paquete
1.5.1.3.4.3,262.22222222222223,263.81944444444446,326.0694444444445,327.66666666666674,63.847222222222285,18.40277777777777,Paquete
1.5.1.5.1,260.0,262.22222222222223,305.4444444444445,307.66666666666674,45.444444444444514,0.0,Paquete
1.5.1.5.4.1,262.22222222222223,264.30555555555554,325.5833333333334,327.66666666666674,63.3611111111112,17.916666666666686,Paquete
1.5.1.5.4.2,262.22222222222223,264.44444444444446,325.4444444444445,327.66666666666674,63.222222222222285,17.77777777777777,Paquete
1.5.1.5.4.3,262.22222222222223,263.81944444444446,326.0694444444445,327.66666666666674,63.847222222222285,18.40277777777777,Paquete
1.5.3.4.1,260.0,262.22222222222223,305.4444444444445,307.66666666666674,45.444444444444514,0.0,Paquete
1.5.3.4.4.1,262.22222222222223,263.99305555555554,325.8958333333334,327.66666666666674,63.6736111111112,18.229166666666686,Paquete
1.5.3.4.4.2,262.22222222222223,264.25925925925924,325.62962962962973,327.66666666666674,63.407407407407504,17.96296296296299,Paquete
1.5.3.4.4.3,262.22222222222223,263.75,326.13888888888897,327.66666666666674,63.91666666666674,18.47222222222223,Paquete
1.5.3.4.4.4,262.22222222222223,264.44444444444446,325.4444444444445,327.66666666666674,63.222222222222285,17.77777777777777,Paquete
1.6.1.4.1,260.0,262.22222222222223,305.4444444444445,307.66666666666674,45.444444444444514,0.0,Paquete
1.6.1.4.4.1,262.22222222222223,263.99305555555554,325.8958333333334,327.66666666666674,63.6736111111112,18.229166666666686,Paquete
1.6.1.4.4.2,262.22222222222223,264.25925925925924,325.62962962962973,327.66666666666674,63.407407407407504,17.96296296296299,Paquete
1.6.1.4.4.3,262.22222222222223,263.75,326.13888888888897,327.66666666666674,63.91666666666674,18.47222222222223,Paquete
1.6.1.4.4.4,262.22222222222223,264.44444444444446,325.4444444444445,327.66666666666674,63.222222222222285,17.77777777777777,Paquete
1.6.2.2.1,260.0,262.22222222222223,305.4444444444445,307.66666666666674,45.444444444444514,0.0,Paquete
1.6.2.2.4.1,262.22222222222223,264.30555555555554,325.5833333333334,327.66666666666674,63.3611111111112,17.916666666666686,Paquete
1.6.2.2.4.2,262.22222222222223,264.30555555555554,325.5833333333334,327.66666666666674,63.3611111111112,17.916666666666686,Paquete
1.6.2.2.4.3,262.22222222222223,263.81944444444446,326.0694444444445,327.66666666666674,63.847222222222285,18.40277777777777,Paquete
1.6.2.4.1,260.0,262.22222222222223,305.4444444444445,307.66666666666674,45.444444444444514,0.0,Paquete
REV-H8,262.22222222222223,272.22222222222223,307.66666666666674,317.66666666666674,45.444444444444514,0.0,Revisión contractual 10 días hábiles
SUB-H8,272.22222222222223,282.22222222222223,317.66666666666674,327.66666666666674,45.444444444444514,0.0,Subsanación contractual 10 días hábiles
1.6.2.4.4.1,262.22222222222223,264.30555555555554,325.5833333333334,327.66666666666674,63.3611111111112,17.916666666666686,Paquete
1.6.2.4.4.2,262.22222222222223,264.30555555555554,325.5833333333334,327.66666666666674,63.3611111111112,17.916666666666686,Paquete
1.6.2.4.4.3,262.22222222222223,263.81944444444446,326.0694444444445,327.66666666666674,63.847222222222285,18.40277777777777,Paquete
1.9.1.1.2,260.0,261.6666666666667,338.44444444444446,340.11111111111114,78.44444444444446,10.333333333333314,Paquete
1.11.4.1.1.17.1,261.0,261.0,423.7777777777777,423.7777777777777,162.77777777777771,162.77777777777771,Cobertura presencial por día
1.11.4.1.1.17.2,261.0,261.0,423.7777777777777,423.7777777777777,162.77777777777771,162.77777777777771,Cobertura presencial por día
1.11.4.1.2.17.1,261.0,261.0,423.7777777777777,423.7777777777777,162.77777777777771,162.77777777777771,Cobertura presencial por día
1.11.4.1.2.17.2,261.0,261.0,423.7777777777777,423.7777777777777,162.77777777777771,162.77777777777771,Cobertura presencial por día
1.11.4.1.3.17.1,261.0,261.0,423.7777777777777,423.7777777777777,162.77777777777771,162.77777777777771,Cobertura presencial por día
1.11.4.1.3.17.2,261.0,261.0,423.7777777777777,423.7777777777777,162.77777777777771,162.77777777777771,Cobertura presencial por día
1.11.4.1.4.17.1,261.0,261.0,423.7777777777777,423.7777777777777,162.77777777777771,162.77777777777771,Cobertura presencial por día
1.11.4.1.4.17.2,261.0,261.0,423.7777777777777,423.7777777777777,162.77777777777771,162.77777777777771,Cobertura presencial por día
1.11.4.1.1.18.1,262.0,262.0,423.7777777777777,423.7777777777777,161.77777777777771,161.77777777777771,Cobertura presencial por día
1.11.4.1.1.18.2,262.0,262.0,423.7777777777777,423.7777777777777,161.77777777777771,161.77777777777771,Cobertura presencial por día
1.11.4.1.1.19.1,262.0,262.0,423.7777777777777,423.7777777777777,161.77777777777771,161.77777777777771,Cobertura presencial por día
1.11.4.1.1.19.2,262.0,262.0,423.7777777777777,423.7777777777777,161.77777777777771,161.77777777777771,Cobertura presencial por día
1.11.4.1.1.20.1,262.0,262.0,423.7777777777777,423.7777777777777,161.77777777777771,161.77777777777771,Cobertura presencial por día
1.11.4.1.1.20.2,262.0,262.0,423.7777777777777,423.7777777777777,161.77777777777771,161.77777777777771,Cobertura presencial por día
1.11.4.1.2.18.1,262.0,262.0,423.7777777777777,423.7777777777777,161.77777777777771,161.77777777777771,Cobertura presencial por día
1.11.4.1.2.18.2,262.0,262.0,423.7777777777777,423.7777777777777,161.77777777777771,161.77777777777771,Cobertura presencial por día
1.11.4.1.2.19.1,262.0,262.0,423.7777777777777,423.7777777777777,161.77777777777771,161.77777777777771,Cobertura presencial por día
1.11.4.1.2.19.2,262.0,262.0,423.7777777777777,423.7777777777777,161.77777777777771,161.77777777777771,Cobertura presencial por día
1.11.4.1.2.20.1,262.0,262.0,423.7777777777777,423.7777777777777,161.77777777777771,161.77777777777771,Cobertura presencial por día
1.11.4.1.2.20.2,262.0,262.0,423.7777777777777,423.7777777777777,161.77777777777771,161.77777777777771,Cobertura presencial por día
1.11.4.1.3.18.1,262.0,262.0,423.7777777777777,423.7777777777777,161.77777777777771,161.77777777777771,Cobertura presencial por día
1.11.4.1.3.18.2,262.0,262.0,423.7777777777777,423.7777777777777,161.77777777777771,161.77777777777771,Cobertura presencial por día
1.11.4.1.3.19.1,262.0,262.0,423.7777777777777,423.7777777777777,161.77777777777771,161.77777777777771,Cobertura presencial por día
1.11.4.1.3.19.2,262.0,262.0,423.7777777777777,423.7777777777777,161.77777777777771,161.77777777777771,Cobertura presencial por día
1.11.4.1.3.20.1,262.0,262.0,423.7777777777777,423.7777777777777,161.77777777777771,161.77777777777771,Cobertura presencial por día
1.11.4.1.3.20.2,262.0,262.0,423.7777777777777,423.7777777777777,161.77777777777771,161.77777777777771,Cobertura presencial por día
1.11.4.1.4.18.1,262.0,262.0,423.7777777777777,423.7777777777777,161.77777777777771,161.77777777777771,Cobertura presencial por día
1.11.4.1.4.18.2,262.0,262.0,423.7777777777777,423.7777777777777,161.77777777777771,161.77777777777771,Cobertura presencial por día
1.11.4.1.4.19.1,262.0,262.0,423.7777777777777,423.7777777777777,161.77777777777771,161.77777777777771,Cobertura presencial por día
1.11.4.1.4.19.2,262.0,262.0,423.7777777777777,423.7777777777777,161.77777777777771,161.77777777777771,Cobertura presencial por día
1.11.4.1.4.20.1,262.0,262.0,423.7777777777777,423.7777777777777,161.77777777777771,161.77777777777771,Cobertura presencial por día
1.11.4.1.4.20.2,262.0,262.0,423.7777777777777,423.7777777777777,161.77777777777771,161.77777777777771,Cobertura presencial por día
1.11.4.1.1.21.1,263.0,263.0,423.7777777777777,423.7777777777777,160.77777777777771,160.77777777777771,Cobertura presencial por día
1.11.4.1.1.21.2,263.0,263.0,423.7777777777777,423.7777777777777,160.77777777777771,160.77777777777771,Cobertura presencial por día
1.11.4.1.2.21.1,263.0,263.0,423.7777777777777,423.7777777777777,160.77777777777771,160.77777777777771,Cobertura presencial por día
1.11.4.1.2.21.2,263.0,263.0,423.7777777777777,423.7777777777777,160.77777777777771,160.77777777777771,Cobertura presencial por día
1.11.4.1.3.21.1,263.0,263.0,423.7777777777777,423.7777777777777,160.77777777777771,160.77777777777771,Cobertura presencial por día
1.11.4.1.3.21.2,263.0,263.0,423.7777777777777,423.7777777777777,160.77777777777771,160.77777777777771,Cobertura presencial por día
1.11.4.1.4.21.1,263.0,263.0,423.7777777777777,423.7777777777777,160.77777777777771,160.77777777777771,Cobertura presencial por día
1.11.4.1.4.21.2,263.0,263.0,423.7777777777777,423.7777777777777,160.77777777777771,160.77777777777771,Cobertura presencial por día
1.11.4.1.1.22.1,264.0,264.0,423.7777777777777,423.7777777777777,159.77777777777771,159.77777777777771,Cobertura presencial por día
1.11.4.1.1.22.2,264.0,264.0,423.7777777777777,423.7777777777777,159.77777777777771,159.77777777777771,Cobertura presencial por día
1.11.4.1.2.22.1,264.0,264.0,423.7777777777777,423.7777777777777,159.77777777777771,159.77777777777771,Cobertura presencial por día
1.11.4.1.2.22.2,264.0,264.0,423.7777777777777,423.7777777777777,159.77777777777771,159.77777777777771,Cobertura presencial por día
1.11.4.1.3.22.1,264.0,264.0,423.7777777777777,423.7777777777777,159.77777777777771,159.77777777777771,Cobertura presencial por día
1.11.4.1.3.22.2,264.0,264.0,423.7777777777777,423.7777777777777,159.77777777777771,159.77777777777771,Cobertura presencial por día
1.11.4.1.4.22.1,264.0,264.0,423.7777777777777,423.7777777777777,159.77777777777771,159.77777777777771,Cobertura presencial por día
1.11.4.1.4.22.2,264.0,264.0,423.7777777777777,423.7777777777777,159.77777777777771,159.77777777777771,Cobertura presencial por día
1.11.4.1.1.23.1,265.0,265.0,423.7777777777777,423.7777777777777,158.77777777777771,158.77777777777771,Cobertura presencial por día
1.11.4.1.1.23.2,265.0,265.0,423.7777777777777,423.7777777777777,158.77777777777771,158.77777777777771,Cobertura presencial por día
1.11.4.1.2.23.1,265.0,265.0,423.7777777777777,423.7777777777777,158.77777777777771,158.77777777777771,Cobertura presencial por día
1.11.4.1.2.23.2,265.0,265.0,423.7777777777777,423.7777777777777,158.77777777777771,158.77777777777771,Cobertura presencial por día
1.11.4.1.3.23.1,265.0,265.0,423.7777777777777,423.7777777777777,158.77777777777771,158.77777777777771,Cobertura presencial por día
1.11.4.1.3.23.2,265.0,265.0,423.7777777777777,423.7777777777777,158.77777777777771,158.77777777777771,Cobertura presencial por día
1.11.4.1.4.23.1,265.0,265.0,423.7777777777777,423.7777777777777,158.77777777777771,158.77777777777771,Cobertura presencial por día
1.11.4.1.4.23.2,265.0,265.0,423.7777777777777,423.7777777777777,158.77777777777771,158.77777777777771,Cobertura presencial por día
1.11.4.1.1.24.1,266.0,266.0,423.7777777777777,423.7777777777777,157.77777777777771,157.77777777777771,Cobertura presencial por día
1.11.4.1.1.24.2,266.0,266.0,423.7777777777777,423.7777777777777,157.77777777777771,157.77777777777771,Cobertura presencial por día
1.11.4.1.2.24.1,266.0,266.0,423.7777777777777,423.7777777777777,157.77777777777771,157.77777777777771,Cobertura presencial por día
1.11.4.1.2.24.2,266.0,266.0,423.7777777777777,423.7777777777777,157.77777777777771,157.77777777777771,Cobertura presencial por día
1.11.4.1.3.24.1,266.0,266.0,423.7777777777777,423.7777777777777,157.77777777777771,157.77777777777771,Cobertura presencial por día
1.11.4.1.3.24.2,266.0,266.0,423.7777777777777,423.7777777777777,157.77777777777771,157.77777777777771,Cobertura presencial por día
1.11.4.1.4.24.1,266.0,266.0,423.7777777777777,423.7777777777777,157.77777777777771,157.77777777777771,Cobertura presencial por día
1.11.4.1.4.24.2,266.0,266.0,423.7777777777777,423.7777777777777,157.77777777777771,157.77777777777771,Cobertura presencial por día
1.11.4.1.1.25.1,267.0,267.0,423.7777777777777,423.7777777777777,156.77777777777771,156.77777777777771,Cobertura presencial por día
1.11.4.1.1.25.2,267.0,267.0,423.7777777777777,423.7777777777777,156.77777777777771,156.77777777777771,Cobertura presencial por día
1.11.4.1.1.26.1,267.0,267.0,423.7777777777777,423.7777777777777,156.77777777777771,156.77777777777771,Cobertura presencial por día
1.11.4.1.1.26.2,267.0,267.0,423.7777777777777,423.7777777777777,156.77777777777771,156.77777777777771,Cobertura presencial por día
1.11.4.1.1.27.1,267.0,267.0,423.7777777777777,423.7777777777777,156.77777777777771,156.77777777777771,Cobertura presencial por día
1.11.4.1.1.27.2,267.0,267.0,423.7777777777777,423.7777777777777,156.77777777777771,156.77777777777771,Cobertura presencial por día
1.11.4.1.2.25.1,267.0,267.0,423.7777777777777,423.7777777777777,156.77777777777771,156.77777777777771,Cobertura presencial por día
1.11.4.1.2.25.2,267.0,267.0,423.7777777777777,423.7777777777777,156.77777777777771,156.77777777777771,Cobertura presencial por día
1.11.4.1.2.26.1,267.0,267.0,423.7777777777777,423.7777777777777,156.77777777777771,156.77777777777771,Cobertura presencial por día
1.11.4.1.2.26.2,267.0,267.0,423.7777777777777,423.7777777777777,156.77777777777771,156.77777777777771,Cobertura presencial por día
1.11.4.1.2.27.1,267.0,267.0,423.7777777777777,423.7777777777777,156.77777777777771,156.77777777777771,Cobertura presencial por día
1.11.4.1.2.27.2,267.0,267.0,423.7777777777777,423.7777777777777,156.77777777777771,156.77777777777771,Cobertura presencial por día
1.11.4.1.3.25.1,267.0,267.0,423.7777777777777,423.7777777777777,156.77777777777771,156.77777777777771,Cobertura presencial por día
1.11.4.1.3.25.2,267.0,267.0,423.7777777777777,423.7777777777777,156.77777777777771,156.77777777777771,Cobertura presencial por día
1.11.4.1.3.26.1,267.0,267.0,423.7777777777777,423.7777777777777,156.77777777777771,156.77777777777771,Cobertura presencial por día
1.11.4.1.3.26.2,267.0,267.0,423.7777777777777,423.7777777777777,156.77777777777771,156.77777777777771,Cobertura presencial por día
1.11.4.1.3.27.1,267.0,267.0,423.7777777777777,423.7777777777777,156.77777777777771,156.77777777777771,Cobertura presencial por día
1.11.4.1.3.27.2,267.0,267.0,423.7777777777777,423.7777777777777,156.77777777777771,156.77777777777771,Cobertura presencial por día
1.11.4.1.4.25.1,267.0,267.0,423.7777777777777,423.7777777777777,156.77777777777771,156.77777777777771,Cobertura presencial por día
1.11.4.1.4.25.2,267.0,267.0,423.7777777777777,423.7777777777777,156.77777777777771,156.77777777777771,Cobertura presencial por día
1.11.4.1.4.26.1,267.0,267.0,423.7777777777777,423.7777777777777,156.77777777777771,156.77777777777771,Cobertura presencial por día
1.11.4.1.4.26.2,267.0,267.0,423.7777777777777,423.7777777777777,156.77777777777771,156.77777777777771,Cobertura presencial por día
1.11.4.1.4.27.1,267.0,267.0,423.7777777777777,423.7777777777777,156.77777777777771,156.77777777777771,Cobertura presencial por día
1.11.4.1.4.27.2,267.0,267.0,423.7777777777777,423.7777777777777,156.77777777777771,156.77777777777771,Cobertura presencial por día
1.11.4.1.1.28.1,268.0,268.0,423.7777777777777,423.7777777777777,155.77777777777771,155.77777777777771,Cobertura presencial por día
1.11.4.1.1.28.2,268.0,268.0,423.7777777777777,423.7777777777777,155.77777777777771,155.77777777777771,Cobertura presencial por día
1.11.4.1.2.28.1,268.0,268.0,423.7777777777777,423.7777777777777,155.77777777777771,155.77777777777771,Cobertura presencial por día
1.11.4.1.2.28.2,268.0,268.0,423.7777777777777,423.7777777777777,155.77777777777771,155.77777777777771,Cobertura presencial por día
1.11.4.1.3.28.1,268.0,268.0,423.7777777777777,423.7777777777777,155.77777777777771,155.77777777777771,Cobertura presencial por día
1.11.4.1.3.28.2,268.0,268.0,423.7777777777777,423.7777777777777,155.77777777777771,155.77777777777771,Cobertura presencial por día
1.11.4.1.4.28.1,268.0,268.0,423.7777777777777,423.7777777777777,155.77777777777771,155.77777777777771,Cobertura presencial por día
1.11.4.1.4.28.2,268.0,268.0,423.7777777777777,423.7777777777777,155.77777777777771,155.77777777777771,Cobertura presencial por día
1.1.4.14.1,272.0,273.6666666666667,422.11111111111103,423.7777777777777,150.11111111111103,150.11111111111103,Paquete
1.11.1.MB.1.14.1,272.0,274.77777777777777,399.4444444444444,402.2222222222222,127.4444444444444,39.22222222222223,Paquete
1.9.1.1.3,272.0,275.3333333333333,368.0,371.3333333333333,96.0,80.66666666666669,Paquete
1.9.1.2.1,272.0,275.3333333333333,340.11111111111114,343.44444444444446,68.11111111111114,17.666666666666686,Paquete
1.9.2.1.2,272.0,274.22222222222223,340.99999999999983,343.22222222222206,68.99999999999983,0.0,Paquete
1.9.2.2.1,274.22222222222223,277.1851851851852,343.22222222222206,346.18518518518505,68.99999999999983,15.814814814814781,Paquete
1.9.3.1.2,272.0,274.22222222222223,339.9259259259259,342.14814814814815,67.92592592592592,0.0,Paquete
1.9.3.2.1,274.22222222222223,277.55555555555554,342.14814814814815,345.48148148148147,67.92592592592592,15.444444444444457,Paquete
1.9.4.2.2,272.0,274.962962962963,346.18518518518505,349.14814814814804,74.18518518518505,18.03703703703701,Paquete
1.9.5.1.2,272.0,274.22222222222223,344.14814814814804,346.37037037037027,72.14814814814804,0.0,Paquete
1.9.5.2.1,274.22222222222223,277.1851851851852,346.37037037037027,349.33333333333326,72.14814814814804,26.81481481481478,Paquete
H8,282.22222222222223,282.22222222222223,327.66666666666674,327.66666666666674,45.444444444444514,0.0,Puerta
1.5.1.2.2,282.22222222222223,285.0,340.47916666666663,343.2569444444444,58.2569444444444,0.0,Paquete
1.5.1.2.5.1,285.0,287.15277777777777,343.2569444444444,345.4097222222222,58.2569444444444,5.8472222222222285,Paquete
1.5.1.4.2,282.22222222222223,285.0,340.51388888888886,343.29166666666663,58.29166666666663,0.0,Paquete
1.5.1.4.5.1,285.0,287.11805555555554,343.29166666666663,345.4097222222222,58.29166666666663,5.881944444444457,Paquete
1.5.3.3.2,282.22222222222223,285.0,340.51388888888886,343.29166666666663,58.29166666666663,0.0,Paquete
1.5.3.3.5.1,285.0,287.11805555555554,343.29166666666663,345.4097222222222,58.29166666666663,5.881944444444457,Paquete
1.5.3.5.2,282.22222222222223,285.0,340.51388888888886,343.29166666666663,58.29166666666663,0.0,Paquete
1.5.3.5.5.1,285.0,287.11805555555554,343.29166666666663,345.4097222222222,58.29166666666663,5.881944444444457,Paquete
1.6.2.1.2,282.22222222222223,285.0,340.51388888888886,343.29166666666663,58.29166666666663,0.0,Paquete
1.6.2.1.5.1,285.0,287.11805555555554,343.29166666666663,345.4097222222222,58.29166666666663,5.881944444444457,Paquete
1.6.2.3.2,282.22222222222223,285.0,340.51388888888886,343.29166666666663,58.29166666666663,0.0,Paquete
1.6.2.3.5.1,285.0,287.11805555555554,343.29166666666663,345.4097222222222,58.29166666666663,5.881944444444457,Paquete
EXT-CONTABLE,274.0,274.0,348.7777777777777,348.7777777777777,74.77777777777771,8.0,Habilitación del cliente/proveedor con fecha requerida
EXT-PAGOS,274.0,274.0,348.7777777777777,348.7777777777777,74.77777777777771,8.0,Habilitación del cliente/proveedor con fecha requerida
1.8.8.1,282.22222222222223,285.55555555555554,327.66666666666674,331.00000000000006,45.444444444444514,0.0,Paquete
1.8.8.2,282.22222222222223,285.55555555555554,327.66666666666674,331.00000000000006,45.444444444444514,0.0,Paquete
1.8.8.3,282.22222222222223,285.55555555555554,327.66666666666674,331.00000000000006,45.444444444444514,0.0,Paquete
1.8.8.4,282.22222222222223,285.55555555555554,327.66666666666674,331.00000000000006,45.444444444444514,0.0,Paquete
VM-E2,285.55555555555554,285.55555555555554,331.00000000000006,331.00000000000006,45.444444444444514,0.0,Manifiesto de universo completo de datos
ENS-INI-2-1,285.55555555555554,285.55555555555554,331.00000000000006,331.00000000000006,45.444444444444514,0.0,Puerta
1.10.1.2.1.1,285.55555555555554,286.66666666666663,335.4444444444446,336.5555555555557,49.888888888889085,0.0,Paquete
1.10.1.2.1.2,286.66666666666663,287.7777777777777,336.5555555555557,337.6666666666668,49.888888888889085,0.0,Paquete
1.10.1.2.1.3,287.7777777777777,288.8888888888888,337.6666666666668,338.7777777777779,49.888888888889085,0.0,Paquete
1.10.1.2.1.4,288.8888888888888,289.9999999999999,338.7777777777779,339.88888888888897,49.888888888889085,0.0,Paquete
1.10.1.2.1.5,289.9999999999999,291.111111111111,339.88888888888897,341.00000000000006,49.888888888889085,4.444444444444571,Paquete
ENS-VENT-2-1,285.55555555555554,295.55555555555554,331.00000000000006,341.00000000000006,45.444444444444514,0.0,Ensayo completo mínimo diez días hábiles
ENS-REV-2-1,295.55555555555554,305.55555555555554,341.00000000000006,351.00000000000006,45.444444444444514,0.0,Revisión de ensayo diez días hábiles
1.10.3.2.1,305.55555555555554,309.44444444444446,419.8888888888888,423.7777777777777,114.33333333333326,114.33333333333326,Paquete
1.10.3.2.2,305.55555555555554,309.44444444444446,419.8888888888888,423.7777777777777,114.33333333333326,114.33333333333326,Paquete
ENS-SUB-2-1,305.55555555555554,315.55555555555554,351.00000000000006,361.00000000000006,45.444444444444514,0.0,Subsanación de ensayo diez días hábiles
ENS-INI-2-2,315.55555555555554,315.55555555555554,361.00000000000006,361.00000000000006,45.444444444444514,0.0,Puerta
1.10.1.2.2.1,315.55555555555554,316.66666666666663,361.00000000000006,362.11111111111114,45.444444444444514,0.0,Paquete
1.10.1.2.2.2,316.66666666666663,317.7777777777777,362.11111111111114,363.22222222222223,45.444444444444514,0.0,Paquete
1.10.1.2.2.3,317.7777777777777,318.8888888888888,363.22222222222223,364.3333333333333,45.444444444444514,0.0,Paquete
1.10.1.2.2.4,318.8888888888888,319.9999999999999,364.3333333333333,365.4444444444444,45.444444444444514,0.0,Paquete
1.10.1.2.2.5,319.9999999999999,321.111111111111,365.4444444444444,366.5555555555555,45.444444444444514,4.444444444444571,Paquete
ENS-VENT-2-2,315.55555555555554,325.55555555555554,399.8888888888888,409.8888888888888,84.33333333333326,0.0,Ensayo completo mínimo diez días hábiles
ENS-REV-2-2,325.55555555555554,335.55555555555554,409.8888888888888,419.8888888888888,84.33333333333326,0.0,Revisión de ensayo diez días hábiles
1.10.3.2.3,335.55555555555554,339.44444444444446,419.8888888888888,423.7777777777777,84.33333333333326,84.33333333333326,Paquete
1.10.3.2.4,335.55555555555554,339.44444444444446,419.8888888888888,423.7777777777777,84.33333333333326,84.33333333333326,Paquete
1.1.4.14.2,282.0,283.6666666666667,422.11111111111103,423.7777777777777,140.11111111111103,140.11111111111103,Paquete
1.11.1.MB.1.14.2,282.0,284.77777777777777,399.4444444444444,402.2222222222222,117.4444444444444,29.22222222222223,Paquete
1.5.1.3.2,282.22222222222223,285.0,340.51388888888886,343.29166666666663,58.29166666666663,0.0,Paquete
1.5.1.3.5.1,285.0,287.11805555555554,343.29166666666663,345.4097222222222,58.29166666666663,16.881944444444457,Paquete
1.5.1.5.2,282.22222222222223,285.0,340.51388888888886,343.29166666666663,58.29166666666663,0.0,Paquete
1.5.1.5.5.1,285.0,287.11805555555554,343.29166666666663,345.4097222222222,58.29166666666663,16.881944444444457,Paquete
1.5.3.4.2,282.22222222222223,285.0,341.2430555555555,344.02083333333326,59.02083333333326,0.0,Paquete
1.5.3.4.5.1,285.0,286.7708333333333,344.02083333333326,345.7916666666666,59.02083333333326,17.229166666666686,Paquete
1.5.3.4.5.2,285.0,286.7708333333333,344.02083333333326,345.7916666666666,59.02083333333326,17.229166666666686,Paquete
1.5.3.4.5.3,285.0,286.7708333333333,344.02083333333326,345.7916666666666,59.02083333333326,17.229166666666686,Paquete
1.5.3.4.5.4,285.0,286.7361111111111,344.0555555555555,345.7916666666666,59.055555555555486,17.263888888888914,Paquete
1.6.1.4.2,282.22222222222223,285.0,340.7222222222222,343.49999999999994,58.49999999999994,0.0,Paquete
1.6.1.4.5.1,285.0,286.7708333333333,343.49999999999994,345.27083333333326,58.49999999999994,17.229166666666686,Paquete
1.6.1.4.5.2,285.0,286.7708333333333,343.49999999999994,345.27083333333326,58.49999999999994,17.229166666666686,Paquete
1.6.1.4.5.3,285.0,286.7708333333333,343.49999999999994,345.27083333333326,58.49999999999994,17.229166666666686,Paquete
1.6.1.4.5.4,285.0,286.7361111111111,343.5347222222222,345.27083333333326,58.53472222222217,17.263888888888914,Paquete
1.6.2.2.2,282.22222222222223,285.0,340.51388888888886,343.29166666666663,58.29166666666663,0.0,Paquete
1.6.2.2.5.1,285.0,287.11805555555554,343.29166666666663,345.4097222222222,58.29166666666663,16.881944444444457,Paquete
1.6.2.4.2,282.22222222222223,285.0,340.51388888888886,343.29166666666663,58.29166666666663,0.0,Paquete
1.6.2.4.5.1,285.0,287.11805555555554,343.29166666666663,345.4097222222222,58.29166666666663,16.881944444444457,Paquete
1.7.4.3,282.0,285.3333333333333,348.7777777777777,352.11111111111103,66.77777777777771,25.506944444444457,Paquete
1.7.4.4,282.0,285.3333333333333,348.7777777777777,352.11111111111103,66.77777777777771,25.506944444444457,Paquete
1.9.1.2.2,282.0,284.962962962963,343.25925925925924,346.22222222222223,61.25925925925924,19.03703703703701,Paquete
1.9.3.2.2,282.0,285.3333333333333,342.14814814814815,345.48148148148147,60.14814814814815,7.666666666666686,Paquete
1.1.3.4,293.0,294.1111111111111,422.66666666666663,423.7777777777777,129.66666666666663,129.66666666666663,Paquete
1.1.4.15.1,293.0,294.6666666666667,422.11111111111103,423.7777777777777,129.11111111111103,129.11111111111103,Paquete
1.11.1.MB.1.15.1,293.0,295.77777777777777,399.4444444444444,402.2222222222222,106.4444444444444,18.22222222222223,Paquete
1.11.3.1.2,293.0,296.3333333333333,395.55555555555554,398.88888888888886,102.55555555555554,5.666666666666686,Paquete
1.5.1.2.3,293.0,295.77777777777777,345.4097222222222,348.18749999999994,52.40972222222217,0.0,Paquete
1.5.1.2.6.1,295.77777777777777,297.8611111111111,348.18749999999994,350.27083333333326,52.40972222222217,0.0,Paquete
1.5.1.2.7.1,297.8611111111111,299.70138888888886,350.27083333333326,352.11111111111103,52.40972222222217,11.138888888888914,Paquete
1.5.1.4.3,293.0,295.77777777777777,345.4097222222222,348.18749999999994,52.40972222222217,0.0,Paquete
1.5.1.4.6.1,295.77777777777777,297.8611111111111,348.18749999999994,350.27083333333326,52.40972222222217,0.0,Paquete
1.5.1.4.7.1,297.8611111111111,299.70138888888886,350.27083333333326,352.11111111111103,52.40972222222217,11.138888888888914,Paquete
1.5.3.3.3,293.0,295.77777777777777,345.4097222222222,348.18749999999994,52.40972222222217,0.0,Paquete
1.5.3.3.6.1,295.77777777777777,297.8611111111111,348.18749999999994,350.27083333333326,52.40972222222217,0.0,Paquete
1.5.3.3.7.1,297.8611111111111,299.70138888888886,350.27083333333326,352.11111111111103,52.40972222222217,11.138888888888914,Paquete
1.5.3.5.3,293.0,295.77777777777777,345.4097222222222,348.18749999999994,52.40972222222217,0.0,Paquete
1.5.3.5.6.1,295.77777777777777,297.8611111111111,348.18749999999994,350.27083333333326,52.40972222222217,0.0,Paquete
1.5.3.5.7.1,297.8611111111111,299.70138888888886,350.27083333333326,352.11111111111103,52.40972222222217,11.138888888888914,Paquete
1.6.2.1.3,293.0,295.77777777777777,345.4097222222222,348.18749999999994,52.40972222222217,0.0,Paquete
1.6.2.1.6.1,295.77777777777777,297.8611111111111,348.18749999999994,350.27083333333326,52.40972222222217,0.0,Paquete
1.6.2.1.7.1,297.8611111111111,299.70138888888886,350.27083333333326,352.11111111111103,52.40972222222217,11.138888888888914,Paquete
1.6.2.3.3,293.0,295.77777777777777,345.4097222222222,348.18749999999994,52.40972222222217,0.0,Paquete
1.6.2.3.6.1,295.77777777777777,297.8611111111111,348.18749999999994,350.27083333333326,52.40972222222217,0.0,Paquete
1.6.2.3.7.1,297.8611111111111,299.70138888888886,350.27083333333326,352.11111111111103,52.40972222222217,11.138888888888914,Paquete
1.9.1.2.3,293.0,296.3333333333333,346.22222222222223,349.55555555555554,53.22222222222223,14.506944444444457,Paquete
1.9.1.3.1,293.0,296.3333333333333,343.44444444444446,346.77777777777777,50.44444444444446,7.666666666666686,Paquete
1.9.2.2.2,293.0,295.962962962963,346.18518518518505,349.14814814814804,53.18518518518505,8.03703703703701,Paquete
1.9.3.3.1,293.0,295.962962962963,345.48148148148147,348.44444444444446,52.48148148148147,8.03703703703701,Paquete
1.9.4.2.3,293.0,295.962962962963,349.14814814814804,352.11111111111103,56.14814814814804,14.877314814814781,Paquete
1.9.5.2.2,293.0,295.962962962963,346.37037037037027,349.33333333333326,53.37037037037027,8.03703703703701,Paquete
1.11.5.1.1,302.0,305.3333333333333,398.88888888888886,402.2222222222222,96.88888888888886,8.666666666666686,Paquete
1.1.4.15.2,304.0,305.6666666666667,422.11111111111103,423.7777777777777,118.11111111111103,118.11111111111103,Paquete
1.11.1.MB.1.15.2,304.0,306.77777777777777,399.4444444444444,402.2222222222222,95.4444444444444,7.2222222222222285,Paquete
1.5.1.3.3,304.0,306.77777777777777,345.4097222222222,348.18749999999994,41.40972222222217,0.0,Paquete
1.5.1.3.6.1,306.77777777777777,308.8611111111111,348.18749999999994,350.27083333333326,41.40972222222217,0.0,Paquete
1.5.1.3.7.1,308.8611111111111,310.70138888888886,350.27083333333326,352.11111111111103,41.40972222222217,0.13888888888891415,Paquete
1.5.1.5.3,304.0,306.77777777777777,345.4097222222222,348.18749999999994,41.40972222222217,0.0,Paquete
1.5.1.5.6.1,306.77777777777777,308.8611111111111,348.18749999999994,350.27083333333326,41.40972222222217,0.0,Paquete
1.5.1.5.7.1,308.8611111111111,310.70138888888886,350.27083333333326,352.11111111111103,41.40972222222217,0.13888888888891415,Paquete
1.5.3.4.3,304.0,306.77777777777777,345.7916666666666,348.56944444444434,41.79166666666657,0.0,Paquete
1.5.3.4.6.1,306.77777777777777,308.4791666666667,348.56944444444434,350.27083333333326,41.79166666666657,0.0,Paquete
1.5.3.4.6.2,306.77777777777777,308.4791666666667,348.56944444444434,350.27083333333326,41.79166666666657,0.0,Paquete
1.5.3.4.7.1,308.4791666666667,310.31944444444446,350.27083333333326,352.11111111111103,41.79166666666657,0.5208333333333144,Paquete
1.5.3.4.7.2,308.4791666666667,310.31944444444446,350.27083333333326,352.11111111111103,41.79166666666657,0.5208333333333144,Paquete
1.6.1.4.3,304.0,306.77777777777777,345.27083333333326,348.04861111111103,41.27083333333326,0.0,Paquete
1.6.1.4.6.1,306.77777777777777,308.4791666666667,348.56944444444434,350.27083333333326,41.79166666666657,0.5208333333333144,Paquete
1.6.1.4.6.2,306.77777777777777,309.0,348.04861111111103,350.27083333333326,41.27083333333326,0.0,Paquete
1.6.1.4.7.1,309.0,310.84027777777777,350.27083333333326,352.11111111111103,41.27083333333326,0.0,Paquete
1.6.1.4.7.2,309.0,310.84027777777777,350.27083333333326,352.11111111111103,41.27083333333326,0.0,Paquete
1.6.2.2.3,304.0,306.77777777777777,345.4097222222222,348.18749999999994,41.40972222222217,0.0,Paquete
1.6.2.2.6.1,306.77777777777777,308.8611111111111,348.18749999999994,350.27083333333326,41.40972222222217,0.0,Paquete
1.6.2.2.7.1,308.8611111111111,310.70138888888886,350.27083333333326,352.11111111111103,41.40972222222217,0.13888888888891415,Paquete
1.6.2.4.3,304.0,306.77777777777777,345.4097222222222,348.18749999999994,41.40972222222217,0.0,Paquete
1.6.2.4.6.1,306.77777777777777,308.8611111111111,348.18749999999994,350.27083333333326,41.40972222222217,0.0,Paquete
1.6.2.4.7.1,308.8611111111111,310.70138888888886,350.27083333333326,352.11111111111103,41.40972222222217,0.13888888888891415,Paquete
1.9.1.3.2,304.0,307.3333333333333,346.22222222222223,349.55555555555554,42.22222222222223,3.506944444444457,Paquete
1.9.1.3.3,304.0,306.77777777777777,346.77777777777777,349.55555555555554,42.77777777777777,4.0625,Paquete
1.9.2.3.1,304.0,306.962962962963,349.14814814814804,352.11111111111103,45.14814814814804,3.877314814814781,Paquete
1.9.3.3.2,304.0,307.3333333333333,348.44444444444446,351.77777777777777,44.44444444444446,3.506944444444457,Paquete
1.9.3.3.3,304.0,307.3333333333333,348.44444444444446,351.77777777777777,44.44444444444446,3.506944444444457,Paquete
1.9.5.2.3,304.0,306.77777777777777,349.33333333333326,352.11111111111103,45.33333333333326,4.0625,Paquete
VS-E2,310.84027777777777,310.84027777777777,352.11111111111103,352.11111111111103,41.27083333333326,0.0,Manifiesto de versión completa
VERSION-E2,310.84027777777777,310.84027777777777,352.11111111111103,352.11111111111103,41.27083333333326,14.159722222222229,Puerta
1.1.4.16.1,314.0,315.6666666666667,422.11111111111103,423.7777777777777,108.11111111111103,108.11111111111103,Paquete
1.11.1.EST.1.1,314.0,317.3333333333333,420.4444444444444,423.7777777777777,106.4444444444444,106.4444444444444,Paquete
1.9.1.4.1,314.0,316.77777777777777,349.55555555555554,352.3333333333333,35.55555555555554,8.222222222222229,Paquete
1.9.2.3.2,314.0,317.3333333333333,410.4444444444444,413.7777777777777,96.4444444444444,7.666666666666686,Paquete
1.9.3.4.1,314.0,316.77777777777777,351.77777777777777,354.55555555555554,37.77777777777777,8.222222222222229,Paquete
1.9.4.2.4,314.0,316.77777777777777,356.22222222222223,359.0,42.22222222222223,39.22222222222223,Paquete
1.9.5.2.4,314.0,316.77777777777777,356.22222222222223,359.0,42.22222222222223,8.222222222222229,Paquete
MARCHA-E1,314.0,314.0,402.2222222222222,402.2222222222222,88.22222222222217,0.0,Cierre observación de marcha blanca completa
1.11.5.1.2,314.0,314.55555555555554,402.2222222222222,402.7777777777777,88.22222222222217,0.0,Paquete
REV-H7,314.55555555555554,324.55555555555554,402.7777777777777,412.7777777777777,88.22222222222217,0.0,Revisión contractual 10 días hábiles
SUB-H7,324.55555555555554,334.55555555555554,412.7777777777777,422.7777777777777,88.22222222222217,0.0,Subsanación contractual 10 días hábiles
H7,334.55555555555554,334.55555555555554,422.7777777777777,422.7777777777777,88.22222222222217,0.0,Puerta
CORTE-E1,334.55555555555554,335.55555555555554,422.7777777777777,423.7777777777777,88.22222222222217,1.444444444444457,Conmutación en ventana segura
1.1.4.16.2,325.0,326.6666666666667,422.11111111111103,423.7777777777777,97.11111111111103,97.11111111111103,Paquete
1.10.2.2.1,325.0,328.3333333333333,363.2222222222222,366.5555555555555,38.22222222222217,11.111111111111143,Paquete
1.10.2.2.2,325.0,327.77777777777777,363.7777777777777,366.5555555555555,38.777777777777715,11.666666666666686,Paquete
1.10.2.2.4,325.0,327.77777777777777,352.11111111111103,354.8888888888888,27.11111111111103,0.0,Paquete
1.10.2.2.5,327.77777777777777,331.6666666666667,354.8888888888888,358.7777777777777,27.11111111111103,0.0,Paquete
1.10.2.2.6,331.6666666666667,336.11111111111114,358.7777777777777,363.2222222222222,27.11111111111103,0.0,Paquete
1.10.2.2.7,336.11111111111114,339.44444444444446,363.2222222222222,366.5555555555555,27.11111111111103,0.0,Paquete
1.10.2.2.8,325.0,329.44444444444446,359.33333333333326,363.7777777777777,34.33333333333326,0.0,Paquete
1.10.2.2.3,329.44444444444446,332.22222222222223,363.7777777777777,366.5555555555555,34.33333333333326,7.2222222222222285,Paquete
1.10.2.2.9,325.0,327.77777777777777,363.7777777777777,366.5555555555555,38.777777777777715,11.666666666666686,Paquete
1.10.2.2.10,339.44444444444446,343.33333333333337,366.5555555555555,370.4444444444444,27.11111111111103,0.0,Paquete
REV-H10,343.33333333333337,353.33333333333337,370.4444444444444,380.4444444444444,27.11111111111103,0.0,Revisión contractual 10 días hábiles
SUB-H10,353.33333333333337,363.33333333333337,380.4444444444444,390.4444444444444,27.11111111111103,0.0,Subsanación contractual 10 días hábiles
1.11.1.EST.1.2,325.0,328.3333333333333,420.4444444444444,423.7777777777777,95.4444444444444,95.4444444444444,Paquete
1.9.1.4.2,325.0,329.44444444444446,352.3333333333333,356.77777777777777,27.333333333333314,26.555555555555543,Paquete
1.9.2.3.3,325.0,327.77777777777777,413.7777777777777,416.5555555555555,88.77777777777771,0.0,Paquete
1.9.2.4.1,327.77777777777777,330.55555555555554,416.5555555555555,419.33333333333326,88.77777777777771,0.0,Paquete
1.9.2.4.2,330.55555555555554,335.0,419.33333333333326,423.7777777777777,88.77777777777771,88.77777777777771,Paquete
1.9.3.4.2,325.0,329.44444444444446,354.55555555555554,359.0,29.555555555555543,0.0,Paquete
1.9.3.5.1,329.44444444444446,332.77777777777777,385.99999999999994,389.33333333333326,56.555555555555486,23.22222222222223,Paquete
1.9.5.3.1,325.0,328.3333333333333,383.77777777777777,387.1111111111111,58.77777777777777,27.666666666666686,Paquete
1.1.4.17.1,337.0,338.6666666666667,422.11111111111103,423.7777777777777,85.11111111111103,85.11111111111103,Paquete
1.11.6.1.1.1,337.0,337.0,423.7777777777777,423.7777777777777,86.77777777777771,86.77777777777771,Cobertura presencial por día
1.11.6.1.1.2,337.0,337.0,423.7777777777777,423.7777777777777,86.77777777777771,86.77777777777771,Cobertura presencial por día
1.11.6.1.2.1,337.0,337.0,423.7777777777777,423.7777777777777,86.77777777777771,86.77777777777771,Cobertura presencial por día
1.11.6.1.2.2,337.0,337.0,423.7777777777777,423.7777777777777,86.77777777777771,86.77777777777771,Cobertura presencial por día
1.11.6.1.3.1,337.0,337.0,423.7777777777777,423.7777777777777,86.77777777777771,86.77777777777771,Cobertura presencial por día
1.11.6.1.3.2,337.0,337.0,423.7777777777777,423.7777777777777,86.77777777777771,86.77777777777771,Cobertura presencial por día
1.11.6.1.4.1,338.0,338.0,423.7777777777777,423.7777777777777,85.77777777777771,85.77777777777771,Cobertura presencial por día
1.11.6.1.4.2,338.0,338.0,423.7777777777777,423.7777777777777,85.77777777777771,85.77777777777771,Cobertura presencial por día
1.11.6.1.5.1,339.0,339.0,423.7777777777777,423.7777777777777,84.77777777777771,84.77777777777771,Cobertura presencial por día
1.11.6.1.5.2,339.0,339.0,423.7777777777777,423.7777777777777,84.77777777777771,84.77777777777771,Cobertura presencial por día
1.11.6.1.6.1,340.0,340.0,423.7777777777777,423.7777777777777,83.77777777777771,83.77777777777771,Cobertura presencial por día
1.11.6.1.6.2,340.0,340.0,423.7777777777777,423.7777777777777,83.77777777777771,83.77777777777771,Cobertura presencial por día
1.11.6.1.7.1,341.0,341.0,423.7777777777777,423.7777777777777,82.77777777777771,82.77777777777771,Cobertura presencial por día
1.11.6.1.7.2,341.0,341.0,423.7777777777777,423.7777777777777,82.77777777777771,82.77777777777771,Cobertura presencial por día
1.11.6.1.10.1,342.0,342.0,423.7777777777777,423.7777777777777,81.77777777777771,81.77777777777771,Cobertura presencial por día
1.11.6.1.10.2,342.0,342.0,423.7777777777777,423.7777777777777,81.77777777777771,81.77777777777771,Cobertura presencial por día
1.11.6.1.8.1,342.0,342.0,423.7777777777777,423.7777777777777,81.77777777777771,81.77777777777771,Cobertura presencial por día
1.11.6.1.8.2,342.0,342.0,423.7777777777777,423.7777777777777,81.77777777777771,81.77777777777771,Cobertura presencial por día
1.11.6.1.9.1,342.0,342.0,423.7777777777777,423.7777777777777,81.77777777777771,81.77777777777771,Cobertura presencial por día
1.11.6.1.9.2,342.0,342.0,423.7777777777777,423.7777777777777,81.77777777777771,81.77777777777771,Cobertura presencial por día
1.11.6.1.11.1,343.0,343.0,423.7777777777777,423.7777777777777,80.77777777777771,80.77777777777771,Cobertura presencial por día
1.11.6.1.11.2,343.0,343.0,423.7777777777777,423.7777777777777,80.77777777777771,80.77777777777771,Cobertura presencial por día
1.11.6.1.12.1,344.0,344.0,423.7777777777777,423.7777777777777,79.77777777777771,79.77777777777771,Cobertura presencial por día
1.11.6.1.12.2,344.0,344.0,423.7777777777777,423.7777777777777,79.77777777777771,79.77777777777771,Cobertura presencial por día
1.11.6.1.13.1,345.0,345.0,423.7777777777777,423.7777777777777,78.77777777777771,78.77777777777771,Cobertura presencial por día
1.11.6.1.13.2,345.0,345.0,423.7777777777777,423.7777777777777,78.77777777777771,78.77777777777771,Cobertura presencial por día
1.1.4.17.2,346.0,347.6666666666667,422.11111111111103,423.7777777777777,76.11111111111103,76.11111111111103,Paquete
1.11.2.2.1,346.0,349.3333333333333,391.55555555555554,394.88888888888886,45.55555555555554,0.0,Paquete
1.11.7.2.1.1.1,349.3333333333333,350.72222222222223,395.7222222222222,397.1111111111111,46.38888888888886,0.8333333333333144,Paquete
1.11.7.2.1.1.10,349.3333333333333,350.72222222222223,395.7222222222222,397.1111111111111,46.38888888888886,0.8333333333333144,Paquete
1.11.7.2.1.1.100,349.3333333333333,350.72222222222223,395.7222222222222,397.1111111111111,46.38888888888886,0.8333333333333144,Paquete
1.11.7.2.1.1.11,349.3333333333333,350.72222222222223,395.7222222222222,397.1111111111111,46.38888888888886,0.8333333333333144,Paquete
1.11.7.2.1.1.12,349.3333333333333,350.72222222222223,395.7222222222222,397.1111111111111,46.38888888888886,0.8333333333333144,Paquete
1.11.7.2.1.1.13,349.3333333333333,350.72222222222223,395.7222222222222,397.1111111111111,46.38888888888886,0.8333333333333144,Paquete
1.11.7.2.1.1.14,349.3333333333333,350.72222222222223,395.7222222222222,397.1111111111111,46.38888888888886,0.8333333333333144,Paquete
1.11.7.2.1.1.15,349.3333333333333,350.72222222222223,395.7222222222222,397.1111111111111,46.38888888888886,0.8333333333333144,Paquete
1.11.7.2.1.1.16,349.3333333333333,350.72222222222223,395.7222222222222,397.1111111111111,46.38888888888886,0.8333333333333144,Paquete
1.11.7.2.1.1.17,349.3333333333333,350.72222222222223,395.7222222222222,397.1111111111111,46.38888888888886,0.8333333333333144,Paquete
1.11.7.2.1.1.18,349.3333333333333,350.72222222222223,395.7222222222222,397.1111111111111,46.38888888888886,0.8333333333333144,Paquete
1.11.7.2.1.1.19,349.3333333333333,350.72222222222223,395.7222222222222,397.1111111111111,46.38888888888886,0.8333333333333144,Paquete
1.11.7.2.1.1.2,349.3333333333333,350.72222222222223,395.7222222222222,397.1111111111111,46.38888888888886,0.8333333333333144,Paquete
1.11.7.2.1.1.20,349.3333333333333,350.72222222222223,395.7222222222222,397.1111111111111,46.38888888888886,0.8333333333333144,Paquete
1.11.7.2.1.1.21,349.3333333333333,350.72222222222223,395.7222222222222,397.1111111111111,46.38888888888886,0.8333333333333144,Paquete
1.11.7.2.1.1.22,349.3333333333333,350.72222222222223,395.7222222222222,397.1111111111111,46.38888888888886,0.8333333333333144,Paquete
1.11.7.2.1.1.23,349.3333333333333,350.72222222222223,395.7222222222222,397.1111111111111,46.38888888888886,0.8333333333333144,Paquete
1.11.7.2.1.1.24,349.3333333333333,350.72222222222223,395.7222222222222,397.1111111111111,46.38888888888886,0.8333333333333144,Paquete
1.11.7.2.1.1.25,349.3333333333333,350.72222222222223,395.7222222222222,397.1111111111111,46.38888888888886,0.8333333333333144,Paquete
1.11.7.2.1.1.26,349.3333333333333,350.72222222222223,395.7222222222222,397.1111111111111,46.38888888888886,0.8333333333333144,Paquete
1.11.7.2.1.1.27,349.3333333333333,350.72222222222223,395.7222222222222,397.1111111111111,46.38888888888886,0.8333333333333144,Paquete
1.11.7.2.1.1.28,349.3333333333333,350.72222222222223,395.7222222222222,397.1111111111111,46.38888888888886,0.8333333333333144,Paquete
1.11.7.2.1.1.29,349.3333333333333,350.72222222222223,395.7222222222222,397.1111111111111,46.38888888888886,0.8333333333333144,Paquete
1.11.7.2.1.1.3,349.3333333333333,350.72222222222223,395.7222222222222,397.1111111111111,46.38888888888886,0.8333333333333144,Paquete
1.11.7.2.1.1.30,349.3333333333333,350.72222222222223,395.7222222222222,397.1111111111111,46.38888888888886,0.8333333333333144,Paquete
1.11.7.2.1.1.31,349.3333333333333,350.72222222222223,395.7222222222222,397.1111111111111,46.38888888888886,0.8333333333333144,Paquete
1.11.7.2.1.1.32,349.3333333333333,350.72222222222223,395.7222222222222,397.1111111111111,46.38888888888886,0.8333333333333144,Paquete
1.11.7.2.1.1.33,349.3333333333333,350.72222222222223,395.7222222222222,397.1111111111111,46.38888888888886,0.8333333333333144,Paquete
1.11.7.2.1.1.34,349.3333333333333,350.72222222222223,395.7222222222222,397.1111111111111,46.38888888888886,0.8333333333333144,Paquete
1.11.7.2.1.1.35,349.3333333333333,350.72222222222223,395.7222222222222,397.1111111111111,46.38888888888886,0.8333333333333144,Paquete
1.11.7.2.1.1.36,349.3333333333333,350.72222222222223,395.7222222222222,397.1111111111111,46.38888888888886,0.8333333333333144,Paquete
1.11.7.2.1.1.37,349.3333333333333,350.72222222222223,395.7222222222222,397.1111111111111,46.38888888888886,0.8333333333333144,Paquete
1.11.7.2.1.1.38,349.3333333333333,350.72222222222223,395.7222222222222,397.1111111111111,46.38888888888886,0.8333333333333144,Paquete
1.11.7.2.1.1.39,349.3333333333333,350.72222222222223,395.7222222222222,397.1111111111111,46.38888888888886,0.8333333333333144,Paquete
1.11.7.2.1.1.4,349.3333333333333,350.72222222222223,395.7222222222222,397.1111111111111,46.38888888888886,0.8333333333333144,Paquete
1.11.7.2.1.1.40,349.3333333333333,350.72222222222223,395.7222222222222,397.1111111111111,46.38888888888886,0.8333333333333144,Paquete
1.11.7.2.1.1.41,349.3333333333333,350.72222222222223,395.7222222222222,397.1111111111111,46.38888888888886,0.8333333333333144,Paquete
1.11.7.2.1.1.42,349.3333333333333,350.72222222222223,395.7222222222222,397.1111111111111,46.38888888888886,0.8333333333333144,Paquete
1.11.7.2.1.1.43,349.3333333333333,350.72222222222223,395.7222222222222,397.1111111111111,46.38888888888886,0.8333333333333144,Paquete
1.11.7.2.1.1.44,349.3333333333333,350.72222222222223,395.7222222222222,397.1111111111111,46.38888888888886,0.8333333333333144,Paquete
1.11.7.2.1.1.45,349.3333333333333,350.72222222222223,395.7222222222222,397.1111111111111,46.38888888888886,0.8333333333333144,Paquete
1.11.7.2.1.1.46,349.3333333333333,350.72222222222223,395.7222222222222,397.1111111111111,46.38888888888886,0.8333333333333144,Paquete
1.11.7.2.1.1.47,349.3333333333333,350.72222222222223,395.7222222222222,397.1111111111111,46.38888888888886,0.8333333333333144,Paquete
1.11.7.2.1.1.48,349.3333333333333,350.72222222222223,395.7222222222222,397.1111111111111,46.38888888888886,0.8333333333333144,Paquete
1.11.7.2.1.1.49,349.3333333333333,350.72222222222223,395.7222222222222,397.1111111111111,46.38888888888886,0.8333333333333144,Paquete
1.11.7.2.1.1.5,349.3333333333333,350.72222222222223,395.7222222222222,397.1111111111111,46.38888888888886,0.8333333333333144,Paquete
1.11.7.2.1.1.50,349.3333333333333,350.72222222222223,395.7222222222222,397.1111111111111,46.38888888888886,0.8333333333333144,Paquete
1.11.7.2.1.1.51,349.3333333333333,350.72222222222223,395.7222222222222,397.1111111111111,46.38888888888886,0.8333333333333144,Paquete
1.11.7.2.1.1.52,349.3333333333333,350.72222222222223,395.7222222222222,397.1111111111111,46.38888888888886,0.8333333333333144,Paquete
1.11.7.2.1.1.53,349.3333333333333,350.72222222222223,395.7222222222222,397.1111111111111,46.38888888888886,0.8333333333333144,Paquete
1.11.7.2.1.1.54,349.3333333333333,350.72222222222223,395.7222222222222,397.1111111111111,46.38888888888886,0.8333333333333144,Paquete
1.11.7.2.1.1.55,349.3333333333333,350.72222222222223,395.7222222222222,397.1111111111111,46.38888888888886,0.8333333333333144,Paquete
1.11.7.2.1.1.56,349.3333333333333,350.72222222222223,395.7222222222222,397.1111111111111,46.38888888888886,0.8333333333333144,Paquete
1.11.7.2.1.1.57,349.3333333333333,350.72222222222223,395.7222222222222,397.1111111111111,46.38888888888886,0.8333333333333144,Paquete
1.11.7.2.1.1.58,349.3333333333333,350.72222222222223,395.7222222222222,397.1111111111111,46.38888888888886,0.8333333333333144,Paquete
1.11.7.2.1.1.59,349.3333333333333,350.72222222222223,395.7222222222222,397.1111111111111,46.38888888888886,0.8333333333333144,Paquete
1.11.7.2.1.1.6,349.3333333333333,350.72222222222223,395.7222222222222,397.1111111111111,46.38888888888886,0.8333333333333144,Paquete
1.11.7.2.1.1.60,349.3333333333333,350.72222222222223,395.7222222222222,397.1111111111111,46.38888888888886,0.8333333333333144,Paquete
1.11.7.2.1.1.61,349.3333333333333,350.72222222222223,395.7222222222222,397.1111111111111,46.38888888888886,0.8333333333333144,Paquete
1.11.7.2.1.1.62,349.3333333333333,350.72222222222223,395.7222222222222,397.1111111111111,46.38888888888886,0.8333333333333144,Paquete
1.11.7.2.1.1.63,349.3333333333333,350.72222222222223,395.7222222222222,397.1111111111111,46.38888888888886,0.8333333333333144,Paquete
1.11.7.2.1.1.64,349.3333333333333,350.72222222222223,395.7222222222222,397.1111111111111,46.38888888888886,0.8333333333333144,Paquete
1.11.7.2.1.1.65,349.3333333333333,350.72222222222223,395.7222222222222,397.1111111111111,46.38888888888886,0.8333333333333144,Paquete
1.11.7.2.1.1.66,349.3333333333333,350.72222222222223,395.7222222222222,397.1111111111111,46.38888888888886,0.8333333333333144,Paquete
1.11.7.2.1.1.67,349.3333333333333,350.72222222222223,395.7222222222222,397.1111111111111,46.38888888888886,0.8333333333333144,Paquete
1.11.7.2.1.1.68,349.3333333333333,350.72222222222223,395.7222222222222,397.1111111111111,46.38888888888886,0.8333333333333144,Paquete
1.11.7.2.1.1.69,349.3333333333333,350.72222222222223,395.7222222222222,397.1111111111111,46.38888888888886,0.8333333333333144,Paquete
1.11.7.2.1.1.7,349.3333333333333,350.72222222222223,395.7222222222222,397.1111111111111,46.38888888888886,0.8333333333333144,Paquete
1.11.7.2.1.1.70,349.3333333333333,350.72222222222223,395.7222222222222,397.1111111111111,46.38888888888886,0.8333333333333144,Paquete
1.11.7.2.1.1.71,349.3333333333333,350.72222222222223,395.7222222222222,397.1111111111111,46.38888888888886,0.8333333333333144,Paquete
1.11.7.2.1.1.72,349.3333333333333,350.72222222222223,395.7222222222222,397.1111111111111,46.38888888888886,0.8333333333333144,Paquete
1.11.7.2.1.1.73,349.3333333333333,350.72222222222223,395.7222222222222,397.1111111111111,46.38888888888886,0.8333333333333144,Paquete
1.11.7.2.1.1.74,349.3333333333333,350.72222222222223,395.7222222222222,397.1111111111111,46.38888888888886,0.8333333333333144,Paquete
1.11.7.2.1.1.75,349.3333333333333,350.72222222222223,395.7222222222222,397.1111111111111,46.38888888888886,0.8333333333333144,Paquete
1.11.7.2.1.1.76,349.3333333333333,350.72222222222223,395.7222222222222,397.1111111111111,46.38888888888886,0.8333333333333144,Paquete
1.11.7.2.1.1.77,349.3333333333333,350.72222222222223,395.7222222222222,397.1111111111111,46.38888888888886,0.8333333333333144,Paquete
1.11.7.2.1.1.78,349.3333333333333,350.72222222222223,395.7222222222222,397.1111111111111,46.38888888888886,0.8333333333333144,Paquete
1.11.7.2.1.1.79,349.3333333333333,350.72222222222223,395.7222222222222,397.1111111111111,46.38888888888886,0.8333333333333144,Paquete
1.11.7.2.1.1.8,349.3333333333333,350.72222222222223,395.7222222222222,397.1111111111111,46.38888888888886,0.8333333333333144,Paquete
1.11.7.2.1.1.80,349.3333333333333,350.72222222222223,395.7222222222222,397.1111111111111,46.38888888888886,0.8333333333333144,Paquete
1.11.7.2.1.1.81,349.3333333333333,350.72222222222223,395.7222222222222,397.1111111111111,46.38888888888886,0.8333333333333144,Paquete
1.11.7.2.1.1.82,349.3333333333333,350.72222222222223,395.7222222222222,397.1111111111111,46.38888888888886,0.8333333333333144,Paquete
1.11.7.2.1.1.83,349.3333333333333,350.72222222222223,395.7222222222222,397.1111111111111,46.38888888888886,0.8333333333333144,Paquete
1.11.7.2.1.1.84,349.3333333333333,350.72222222222223,395.7222222222222,397.1111111111111,46.38888888888886,0.8333333333333144,Paquete
1.11.7.2.1.1.85,349.3333333333333,350.72222222222223,395.7222222222222,397.1111111111111,46.38888888888886,0.8333333333333144,Paquete
1.11.7.2.1.1.86,349.3333333333333,350.72222222222223,395.7222222222222,397.1111111111111,46.38888888888886,0.8333333333333144,Paquete
1.11.7.2.1.1.87,349.3333333333333,350.72222222222223,395.7222222222222,397.1111111111111,46.38888888888886,0.8333333333333144,Paquete
1.11.7.2.1.1.88,349.3333333333333,350.72222222222223,395.7222222222222,397.1111111111111,46.38888888888886,0.8333333333333144,Paquete
1.11.7.2.1.1.89,349.3333333333333,350.72222222222223,395.7222222222222,397.1111111111111,46.38888888888886,0.8333333333333144,Paquete
1.11.7.2.1.1.9,349.3333333333333,350.72222222222223,395.7222222222222,397.1111111111111,46.38888888888886,0.8333333333333144,Paquete
1.11.7.2.1.1.90,349.3333333333333,350.72222222222223,395.7222222222222,397.1111111111111,46.38888888888886,0.8333333333333144,Paquete
1.11.7.2.1.1.91,349.3333333333333,350.72222222222223,395.7222222222222,397.1111111111111,46.38888888888886,0.8333333333333144,Paquete
1.11.7.2.1.1.92,349.3333333333333,350.72222222222223,395.7222222222222,397.1111111111111,46.38888888888886,0.8333333333333144,Paquete
1.11.7.2.1.1.93,349.3333333333333,350.72222222222223,395.7222222222222,397.1111111111111,46.38888888888886,0.8333333333333144,Paquete
1.11.7.2.1.1.94,349.3333333333333,350.72222222222223,395.7222222222222,397.1111111111111,46.38888888888886,0.8333333333333144,Paquete
1.11.7.2.1.1.95,349.3333333333333,350.72222222222223,395.7222222222222,397.1111111111111,46.38888888888886,0.8333333333333144,Paquete
1.11.7.2.1.1.96,349.3333333333333,350.72222222222223,395.7222222222222,397.1111111111111,46.38888888888886,0.8333333333333144,Paquete
1.11.7.2.1.1.97,349.3333333333333,350.72222222222223,395.7222222222222,397.1111111111111,46.38888888888886,0.8333333333333144,Paquete
1.11.7.2.1.1.98,349.3333333333333,350.72222222222223,395.7222222222222,397.1111111111111,46.38888888888886,0.8333333333333144,Paquete
1.11.7.2.1.1.99,349.3333333333333,350.72222222222223,395.7222222222222,397.1111111111111,46.38888888888886,0.8333333333333144,Paquete
1.11.2.2.2,346.0,349.3333333333333,391.55555555555554,394.88888888888886,45.55555555555554,0.0,Paquete
1.11.7.2.2.1.1,349.3333333333333,350.72222222222223,395.7222222222222,397.1111111111111,46.38888888888886,0.8333333333333144,Paquete
1.11.7.2.2.1.2,349.3333333333333,350.72222222222223,395.7222222222222,397.1111111111111,46.38888888888886,0.8333333333333144,Paquete
1.11.2.2.3,346.0,349.3333333333333,391.55555555555554,394.88888888888886,45.55555555555554,0.0,Paquete
1.11.7.2.3.1.1,349.3333333333333,350.72222222222223,395.7222222222222,397.1111111111111,46.38888888888886,0.8333333333333144,Paquete
1.11.2.2.4,346.0,349.3333333333333,391.55555555555554,394.88888888888886,45.55555555555554,0.0,Paquete
1.11.7.2.4.1.1,349.3333333333333,350.72222222222223,395.7222222222222,397.1111111111111,46.38888888888886,0.8333333333333144,Paquete
1.11.2.2.5,346.0,349.3333333333333,391.55555555555554,394.88888888888886,45.55555555555554,0.0,Paquete
1.11.7.2.5.1.1,349.3333333333333,350.72222222222223,395.7222222222222,397.1111111111111,46.38888888888886,0.8333333333333144,Paquete
1.11.7.2.5.1.2,349.3333333333333,350.72222222222223,395.7222222222222,397.1111111111111,46.38888888888886,0.8333333333333144,Paquete
1.11.7.2.5.1.3,349.3333333333333,350.72222222222223,395.7222222222222,397.1111111111111,46.38888888888886,0.8333333333333144,Paquete
1.11.3.2.1,349.3333333333333,351.55555555555554,394.88888888888886,397.1111111111111,45.55555555555554,0.0,Paquete
FORMACION-E2,351.55555555555554,351.55555555555554,397.1111111111111,397.1111111111111,45.55555555555554,26.444444444444457,Puerta
1.11.6.1.14.1,346.0,346.0,423.7777777777777,423.7777777777777,77.77777777777771,77.77777777777771,Cobertura presencial por día
1.11.6.1.14.2,346.0,346.0,423.7777777777777,423.7777777777777,77.77777777777771,77.77777777777771,Cobertura presencial por día
1.11.6.1.15.1,346.0,346.0,423.7777777777777,423.7777777777777,77.77777777777771,77.77777777777771,Cobertura presencial por día
1.11.6.1.15.2,346.0,346.0,423.7777777777777,423.7777777777777,77.77777777777771,77.77777777777771,Cobertura presencial por día
1.11.6.1.16.1,346.0,346.0,423.7777777777777,423.7777777777777,77.77777777777771,77.77777777777771,Cobertura presencial por día
1.11.6.1.16.2,346.0,346.0,423.7777777777777,423.7777777777777,77.77777777777771,77.77777777777771,Cobertura presencial por día
1.11.6.1.17.1,346.0,346.0,423.7777777777777,423.7777777777777,77.77777777777771,77.77777777777771,Cobertura presencial por día
1.11.6.1.17.2,346.0,346.0,423.7777777777777,423.7777777777777,77.77777777777771,77.77777777777771,Cobertura presencial por día
1.11.6.1.18.1,347.0,347.0,423.7777777777777,423.7777777777777,76.77777777777771,76.77777777777771,Cobertura presencial por día
1.11.6.1.18.2,347.0,347.0,423.7777777777777,423.7777777777777,76.77777777777771,76.77777777777771,Cobertura presencial por día
1.11.6.1.19.1,348.0,348.0,423.7777777777777,423.7777777777777,75.77777777777771,75.77777777777771,Cobertura presencial por día
1.11.6.1.19.2,348.0,348.0,423.7777777777777,423.7777777777777,75.77777777777771,75.77777777777771,Cobertura presencial por día
1.11.6.1.20.1,349.0,349.0,423.7777777777777,423.7777777777777,74.77777777777771,74.77777777777771,Cobertura presencial por día
1.11.6.1.20.2,349.0,349.0,423.7777777777777,423.7777777777777,74.77777777777771,74.77777777777771,Cobertura presencial por día
1.11.6.1.21.1,350.0,350.0,423.7777777777777,423.7777777777777,73.77777777777771,73.77777777777771,Cobertura presencial por día
1.11.6.1.21.2,350.0,350.0,423.7777777777777,423.7777777777777,73.77777777777771,73.77777777777771,Cobertura presencial por día
1.11.6.1.22.1,351.0,351.0,423.7777777777777,423.7777777777777,72.77777777777771,72.77777777777771,Cobertura presencial por día
1.11.6.1.22.2,351.0,351.0,423.7777777777777,423.7777777777777,72.77777777777771,72.77777777777771,Cobertura presencial por día
1.11.6.1.23.1,351.0,351.0,423.7777777777777,423.7777777777777,72.77777777777771,72.77777777777771,Cobertura presencial por día
1.11.6.1.23.2,351.0,351.0,423.7777777777777,423.7777777777777,72.77777777777771,72.77777777777771,Cobertura presencial por día
1.11.6.1.24.1,351.0,351.0,423.7777777777777,423.7777777777777,72.77777777777771,72.77777777777771,Cobertura presencial por día
1.11.6.1.24.2,351.0,351.0,423.7777777777777,423.7777777777777,72.77777777777771,72.77777777777771,Cobertura presencial por día
1.11.6.1.25.1,352.0,352.0,423.7777777777777,423.7777777777777,71.77777777777771,71.77777777777771,Cobertura presencial por día
1.11.6.1.25.2,352.0,352.0,423.7777777777777,423.7777777777777,71.77777777777771,71.77777777777771,Cobertura presencial por día
1.11.6.1.26.1,353.0,353.0,423.7777777777777,423.7777777777777,70.77777777777771,70.77777777777771,Cobertura presencial por día
1.11.6.1.26.2,353.0,353.0,423.7777777777777,423.7777777777777,70.77777777777771,70.77777777777771,Cobertura presencial por día
1.11.6.1.27.1,354.0,354.0,423.7777777777777,423.7777777777777,69.77777777777771,69.77777777777771,Cobertura presencial por día
1.11.6.1.27.2,354.0,354.0,423.7777777777777,423.7777777777777,69.77777777777771,69.77777777777771,Cobertura presencial por día
1.11.6.1.28.1,355.0,355.0,423.7777777777777,423.7777777777777,68.77777777777771,68.77777777777771,Cobertura presencial por día
1.11.6.1.28.2,355.0,355.0,423.7777777777777,423.7777777777777,68.77777777777771,68.77777777777771,Cobertura presencial por día
1.1.3.3.18,356.0,357.1111111111111,422.66666666666663,423.7777777777777,66.66666666666663,66.66666666666663,Paquete
1.1.4.18.1,356.0,357.6666666666667,422.11111111111103,423.7777777777777,66.11111111111103,66.11111111111103,Paquete
1.12.1.1,356.0,358.22222222222223,418.7777777777777,420.99999999999994,62.777777777777715,39.77777777777777,Paquete
1.9.1.5.2,356.0,358.22222222222223,371.3333333333333,373.55555555555554,15.333333333333314,7.7777777777777715,Paquete
1.9.3.5.2.19.1,356.0,357.6666666666667,389.33333333333326,390.99999999999994,33.33333333333326,8.333333333333314,Paquete
1.9.4.3.1.1,356.0,358.22222222222223,387.1111111111111,389.3333333333333,31.111111111111086,7.7777777777777715,Paquete
1.9.5.3.2.1,356.0,358.22222222222223,387.1111111111111,389.3333333333333,31.111111111111086,7.7777777777777715,Paquete
H10,363.33333333333337,363.33333333333337,390.4444444444444,390.4444444444444,27.11111111111103,0.0,Puerta
RES-MAR-E2,363.33333333333337,373.33333333333337,390.4444444444444,400.4444444444444,27.11111111111103,4.666666666666629,Reserva marina de diez días hábiles antes de activación
OBS-IN1-BASE,356.0,375.0,356.77777777777777,375.77777777777777,0.7777777777777715,0.0,Ventana natural de 28 días
OBS-IN3-BASE,356.0,375.0,359.0,378.0,3.0,3.0,Ventana natural de 28 días
OBS-IN4-BASE,356.0,375.0,359.0,378.0,3.0,3.0,Ventana natural de 28 días
OBS-IN5-BASE,356.0,375.0,359.0,378.0,3.0,3.0,Ventana natural de 28 días
1.1.4.18.2,366.0,367.6666666666667,422.11111111111103,423.7777777777777,56.11111111111103,56.11111111111103,Paquete
1.11.1.3.1,366.0,368.22222222222223,421.5555555555555,423.7777777777777,55.555555555555486,55.555555555555486,Paquete
1.9.1.5.3,366.0,368.22222222222223,373.55555555555554,375.77777777777777,7.555555555555543,6.7777777777777715,Paquete
1.9.3.5.2.19.2,366.0,367.6666666666667,390.99999999999994,392.66666666666663,24.999999999999943,10.333333333333314,Paquete
1.9.4.3.1.2,366.0,368.22222222222223,389.3333333333333,391.55555555555554,23.333333333333314,9.777777777777771,Paquete
1.9.5.3.2.2,366.0,368.22222222222223,389.3333333333333,391.55555555555554,23.333333333333314,9.777777777777771,Paquete
1.9.1.5.1,375.0,377.22222222222223,375.77777777777777,378.0,0.7777777777777715,0.7777777777777715,Paquete
1.1.4.19.1,378.0,379.6666666666667,422.11111111111103,423.7777777777777,44.11111111111103,44.11111111111103,Paquete
1.11.1.3.2,378.0,380.77777777777777,420.99999999999994,423.7777777777777,42.99999999999994,42.99999999999994,Paquete
1.11.1.MB.2.19.1,378.0,380.77777777777777,420.99999999999994,423.7777777777777,42.99999999999994,38.22222222222223,Paquete
1.11.3.2.2,378.0,381.3333333333333,397.1111111111111,400.4444444444444,19.111111111111086,6.666666666666686,Paquete
1.11.4.2.1.1.1,378.0,378.0,423.7777777777777,423.7777777777777,45.777777777777715,45.777777777777715,Cobertura presencial por día
1.11.4.2.1.1.2,378.0,378.0,423.7777777777777,423.7777777777777,45.777777777777715,45.777777777777715,Cobertura presencial por día
1.11.4.2.2.1.1,378.0,378.0,423.7777777777777,423.7777777777777,45.777777777777715,45.777777777777715,Cobertura presencial por día
1.11.4.2.2.1.2,378.0,378.0,423.7777777777777,423.7777777777777,45.777777777777715,45.777777777777715,Cobertura presencial por día
1.11.4.2.3.1.1,378.0,378.0,423.7777777777777,423.7777777777777,45.777777777777715,45.777777777777715,Cobertura presencial por día
1.11.4.2.3.1.2,378.0,378.0,423.7777777777777,423.7777777777777,45.777777777777715,45.777777777777715,Cobertura presencial por día
1.11.4.2.4.1.1,378.0,378.0,423.7777777777777,423.7777777777777,45.777777777777715,45.777777777777715,Cobertura presencial por día
1.11.4.2.4.1.2,378.0,378.0,423.7777777777777,423.7777777777777,45.777777777777715,45.777777777777715,Cobertura presencial por día
1.9.1.5.4,378.0,380.22222222222223,391.55555555555554,393.77777777777777,13.555555555555543,8.777777777777771,Paquete
1.9.3.5.2.20.1,378.0,379.6666666666667,392.66666666666663,394.3333333333333,14.666666666666629,9.333333333333314,Paquete
1.9.4.3.2.1,378.0,380.22222222222223,391.55555555555554,393.77777777777777,13.555555555555543,8.777777777777771,Paquete
1.9.5.3.3.1,378.0,380.22222222222223,391.55555555555554,393.77777777777777,13.555555555555543,8.777777777777771,Paquete
MB-INI-E2,378.0,378.0,400.4444444444444,400.4444444444444,22.4444444444444,10.0,Puerta
OBS-IN1-PILOTO,378.0,396.0,378.0,396.0,0.0,0.0,Ventana natural de 28 días
OBS-IN3-PILOTO,378.0,396.0,378.0,396.0,0.0,0.0,Ventana natural de 28 días
OBS-IN4-PILOTO,378.0,396.0,378.0,396.0,0.0,0.0,Ventana natural de 28 días
OBS-IN5-PILOTO,378.0,396.0,378.0,396.0,0.0,0.0,Ventana natural de 28 días
1.11.4.2.1.2.1,379.0,379.0,423.7777777777777,423.7777777777777,44.777777777777715,44.777777777777715,Cobertura presencial por día
1.11.4.2.1.2.2,379.0,379.0,423.7777777777777,423.7777777777777,44.777777777777715,44.777777777777715,Cobertura presencial por día
1.11.4.2.2.2.1,379.0,379.0,423.7777777777777,423.7777777777777,44.777777777777715,44.777777777777715,Cobertura presencial por día
1.11.4.2.2.2.2,379.0,379.0,423.7777777777777,423.7777777777777,44.777777777777715,44.777777777777715,Cobertura presencial por día
1.11.4.2.3.2.1,379.0,379.0,423.7777777777777,423.7777777777777,44.777777777777715,44.777777777777715,Cobertura presencial por día
1.11.4.2.3.2.2,379.0,379.0,423.7777777777777,423.7777777777777,44.777777777777715,44.777777777777715,Cobertura presencial por día
1.11.4.2.4.2.1,379.0,379.0,423.7777777777777,423.7777777777777,44.777777777777715,44.777777777777715,Cobertura presencial por día
1.11.4.2.4.2.2,379.0,379.0,423.7777777777777,423.7777777777777,44.777777777777715,44.777777777777715,Cobertura presencial por día
1.11.4.2.1.3.1,380.0,380.0,423.7777777777777,423.7777777777777,43.777777777777715,43.777777777777715,Cobertura presencial por día
1.11.4.2.1.3.2,380.0,380.0,423.7777777777777,423.7777777777777,43.777777777777715,43.777777777777715,Cobertura presencial por día
1.11.4.2.1.4.1,380.0,380.0,423.7777777777777,423.7777777777777,43.777777777777715,43.777777777777715,Cobertura presencial por día
1.11.4.2.1.4.2,380.0,380.0,423.7777777777777,423.7777777777777,43.777777777777715,43.777777777777715,Cobertura presencial por día
1.11.4.2.1.5.1,380.0,380.0,423.7777777777777,423.7777777777777,43.777777777777715,43.777777777777715,Cobertura presencial por día
1.11.4.2.1.5.2,380.0,380.0,423.7777777777777,423.7777777777777,43.777777777777715,43.777777777777715,Cobertura presencial por día
1.11.4.2.2.3.1,380.0,380.0,423.7777777777777,423.7777777777777,43.777777777777715,43.777777777777715,Cobertura presencial por día
1.11.4.2.2.3.2,380.0,380.0,423.7777777777777,423.7777777777777,43.777777777777715,43.777777777777715,Cobertura presencial por día
1.11.4.2.2.4.1,380.0,380.0,423.7777777777777,423.7777777777777,43.777777777777715,43.777777777777715,Cobertura presencial por día
1.11.4.2.2.4.2,380.0,380.0,423.7777777777777,423.7777777777777,43.777777777777715,43.777777777777715,Cobertura presencial por día
1.11.4.2.2.5.1,380.0,380.0,423.7777777777777,423.7777777777777,43.777777777777715,43.777777777777715,Cobertura presencial por día
1.11.4.2.2.5.2,380.0,380.0,423.7777777777777,423.7777777777777,43.777777777777715,43.777777777777715,Cobertura presencial por día
1.11.4.2.3.3.1,380.0,380.0,423.7777777777777,423.7777777777777,43.777777777777715,43.777777777777715,Cobertura presencial por día
1.11.4.2.3.3.2,380.0,380.0,423.7777777777777,423.7777777777777,43.777777777777715,43.777777777777715,Cobertura presencial por día
1.11.4.2.3.4.1,380.0,380.0,423.7777777777777,423.7777777777777,43.777777777777715,43.777777777777715,Cobertura presencial por día
1.11.4.2.3.4.2,380.0,380.0,423.7777777777777,423.7777777777777,43.777777777777715,43.777777777777715,Cobertura presencial por día
1.11.4.2.3.5.1,380.0,380.0,423.7777777777777,423.7777777777777,43.777777777777715,43.777777777777715,Cobertura presencial por día
1.11.4.2.3.5.2,380.0,380.0,423.7777777777777,423.7777777777777,43.777777777777715,43.777777777777715,Cobertura presencial por día
1.11.4.2.4.3.1,380.0,380.0,423.7777777777777,423.7777777777777,43.777777777777715,43.777777777777715,Cobertura presencial por día
1.11.4.2.4.3.2,380.0,380.0,423.7777777777777,423.7777777777777,43.777777777777715,43.777777777777715,Cobertura presencial por día
1.11.4.2.4.4.1,380.0,380.0,423.7777777777777,423.7777777777777,43.777777777777715,43.777777777777715,Cobertura presencial por día
1.11.4.2.4.4.2,380.0,380.0,423.7777777777777,423.7777777777777,43.777777777777715,43.777777777777715,Cobertura presencial por día
1.11.4.2.4.5.1,380.0,380.0,423.7777777777777,423.7777777777777,43.777777777777715,43.777777777777715,Cobertura presencial por día
1.11.4.2.4.5.2,380.0,380.0,423.7777777777777,423.7777777777777,43.777777777777715,43.777777777777715,Cobertura presencial por día
1.11.4.2.1.6.1,381.0,381.0,423.7777777777777,423.7777777777777,42.777777777777715,42.777777777777715,Cobertura presencial por día
1.11.4.2.1.6.2,381.0,381.0,423.7777777777777,423.7777777777777,42.777777777777715,42.777777777777715,Cobertura presencial por día
1.11.4.2.2.6.1,381.0,381.0,423.7777777777777,423.7777777777777,42.777777777777715,42.777777777777715,Cobertura presencial por día
1.11.4.2.2.6.2,381.0,381.0,423.7777777777777,423.7777777777777,42.777777777777715,42.777777777777715,Cobertura presencial por día
1.11.4.2.3.6.1,381.0,381.0,423.7777777777777,423.7777777777777,42.777777777777715,42.777777777777715,Cobertura presencial por día
1.11.4.2.3.6.2,381.0,381.0,423.7777777777777,423.7777777777777,42.777777777777715,42.777777777777715,Cobertura presencial por día
1.11.4.2.4.6.1,381.0,381.0,423.7777777777777,423.7777777777777,42.777777777777715,42.777777777777715,Cobertura presencial por día
1.11.4.2.4.6.2,381.0,381.0,423.7777777777777,423.7777777777777,42.777777777777715,42.777777777777715,Cobertura presencial por día
1.11.4.2.1.7.1,382.0,382.0,423.7777777777777,423.7777777777777,41.777777777777715,41.777777777777715,Cobertura presencial por día
1.11.4.2.1.7.2,382.0,382.0,423.7777777777777,423.7777777777777,41.777777777777715,41.777777777777715,Cobertura presencial por día
1.11.4.2.2.7.1,382.0,382.0,423.7777777777777,423.7777777777777,41.777777777777715,41.777777777777715,Cobertura presencial por día
1.11.4.2.2.7.2,382.0,382.0,423.7777777777777,423.7777777777777,41.777777777777715,41.777777777777715,Cobertura presencial por día
1.11.4.2.3.7.1,382.0,382.0,423.7777777777777,423.7777777777777,41.777777777777715,41.777777777777715,Cobertura presencial por día
1.11.4.2.3.7.2,382.0,382.0,423.7777777777777,423.7777777777777,41.777777777777715,41.777777777777715,Cobertura presencial por día
1.11.4.2.4.7.1,382.0,382.0,423.7777777777777,423.7777777777777,41.777777777777715,41.777777777777715,Cobertura presencial por día
1.11.4.2.4.7.2,382.0,382.0,423.7777777777777,423.7777777777777,41.777777777777715,41.777777777777715,Cobertura presencial por día
1.11.4.2.1.8.1,383.0,383.0,423.7777777777777,423.7777777777777,40.777777777777715,40.777777777777715,Cobertura presencial por día
1.11.4.2.1.8.2,383.0,383.0,423.7777777777777,423.7777777777777,40.777777777777715,40.777777777777715,Cobertura presencial por día
1.11.4.2.2.8.1,383.0,383.0,423.7777777777777,423.7777777777777,40.777777777777715,40.777777777777715,Cobertura presencial por día
1.11.4.2.2.8.2,383.0,383.0,423.7777777777777,423.7777777777777,40.777777777777715,40.777777777777715,Cobertura presencial por día
1.11.4.2.3.8.1,383.0,383.0,423.7777777777777,423.7777777777777,40.777777777777715,40.777777777777715,Cobertura presencial por día
1.11.4.2.3.8.2,383.0,383.0,423.7777777777777,423.7777777777777,40.777777777777715,40.777777777777715,Cobertura presencial por día
1.11.4.2.4.8.1,383.0,383.0,423.7777777777777,423.7777777777777,40.777777777777715,40.777777777777715,Cobertura presencial por día
1.11.4.2.4.8.2,383.0,383.0,423.7777777777777,423.7777777777777,40.777777777777715,40.777777777777715,Cobertura presencial por día
1.11.4.2.1.9.1,384.0,384.0,423.7777777777777,423.7777777777777,39.777777777777715,39.777777777777715,Cobertura presencial por día
1.11.4.2.1.9.2,384.0,384.0,423.7777777777777,423.7777777777777,39.777777777777715,39.777777777777715,Cobertura presencial por día
1.11.4.2.2.9.1,384.0,384.0,423.7777777777777,423.7777777777777,39.777777777777715,39.777777777777715,Cobertura presencial por día
1.11.4.2.2.9.2,384.0,384.0,423.7777777777777,423.7777777777777,39.777777777777715,39.777777777777715,Cobertura presencial por día
1.11.4.2.3.9.1,384.0,384.0,423.7777777777777,423.7777777777777,39.777777777777715,39.777777777777715,Cobertura presencial por día
1.11.4.2.3.9.2,384.0,384.0,423.7777777777777,423.7777777777777,39.777777777777715,39.777777777777715,Cobertura presencial por día
1.11.4.2.4.9.1,384.0,384.0,423.7777777777777,423.7777777777777,39.777777777777715,39.777777777777715,Cobertura presencial por día
1.11.4.2.4.9.2,384.0,384.0,423.7777777777777,423.7777777777777,39.777777777777715,39.777777777777715,Cobertura presencial por día
1.11.4.2.1.10.1,385.0,385.0,423.7777777777777,423.7777777777777,38.777777777777715,38.777777777777715,Cobertura presencial por día
1.11.4.2.1.10.2,385.0,385.0,423.7777777777777,423.7777777777777,38.777777777777715,38.777777777777715,Cobertura presencial por día
1.11.4.2.1.11.1,385.0,385.0,423.7777777777777,423.7777777777777,38.777777777777715,38.777777777777715,Cobertura presencial por día
1.11.4.2.1.11.2,385.0,385.0,423.7777777777777,423.7777777777777,38.777777777777715,38.777777777777715,Cobertura presencial por día
1.11.4.2.1.12.1,385.0,385.0,423.7777777777777,423.7777777777777,38.777777777777715,38.777777777777715,Cobertura presencial por día
1.11.4.2.1.12.2,385.0,385.0,423.7777777777777,423.7777777777777,38.777777777777715,38.777777777777715,Cobertura presencial por día
1.11.4.2.2.10.1,385.0,385.0,423.7777777777777,423.7777777777777,38.777777777777715,38.777777777777715,Cobertura presencial por día
1.11.4.2.2.10.2,385.0,385.0,423.7777777777777,423.7777777777777,38.777777777777715,38.777777777777715,Cobertura presencial por día
1.11.4.2.2.11.1,385.0,385.0,423.7777777777777,423.7777777777777,38.777777777777715,38.777777777777715,Cobertura presencial por día
1.11.4.2.2.11.2,385.0,385.0,423.7777777777777,423.7777777777777,38.777777777777715,38.777777777777715,Cobertura presencial por día
1.11.4.2.2.12.1,385.0,385.0,423.7777777777777,423.7777777777777,38.777777777777715,38.777777777777715,Cobertura presencial por día
1.11.4.2.2.12.2,385.0,385.0,423.7777777777777,423.7777777777777,38.777777777777715,38.777777777777715,Cobertura presencial por día
1.11.4.2.3.10.1,385.0,385.0,423.7777777777777,423.7777777777777,38.777777777777715,38.777777777777715,Cobertura presencial por día
1.11.4.2.3.10.2,385.0,385.0,423.7777777777777,423.7777777777777,38.777777777777715,38.777777777777715,Cobertura presencial por día
1.11.4.2.3.11.1,385.0,385.0,423.7777777777777,423.7777777777777,38.777777777777715,38.777777777777715,Cobertura presencial por día
1.11.4.2.3.11.2,385.0,385.0,423.7777777777777,423.7777777777777,38.777777777777715,38.777777777777715,Cobertura presencial por día
1.11.4.2.3.12.1,385.0,385.0,423.7777777777777,423.7777777777777,38.777777777777715,38.777777777777715,Cobertura presencial por día
1.11.4.2.3.12.2,385.0,385.0,423.7777777777777,423.7777777777777,38.777777777777715,38.777777777777715,Cobertura presencial por día
1.11.4.2.4.10.1,385.0,385.0,423.7777777777777,423.7777777777777,38.777777777777715,38.777777777777715,Cobertura presencial por día
1.11.4.2.4.10.2,385.0,385.0,423.7777777777777,423.7777777777777,38.777777777777715,38.777777777777715,Cobertura presencial por día
1.11.4.2.4.11.1,385.0,385.0,423.7777777777777,423.7777777777777,38.777777777777715,38.777777777777715,Cobertura presencial por día
1.11.4.2.4.11.2,385.0,385.0,423.7777777777777,423.7777777777777,38.777777777777715,38.777777777777715,Cobertura presencial por día
1.11.4.2.4.12.1,385.0,385.0,423.7777777777777,423.7777777777777,38.777777777777715,38.777777777777715,Cobertura presencial por día
1.11.4.2.4.12.2,385.0,385.0,423.7777777777777,423.7777777777777,38.777777777777715,38.777777777777715,Cobertura presencial por día
1.11.4.2.1.13.1,386.0,386.0,423.7777777777777,423.7777777777777,37.777777777777715,37.777777777777715,Cobertura presencial por día
1.11.4.2.1.13.2,386.0,386.0,423.7777777777777,423.7777777777777,37.777777777777715,37.777777777777715,Cobertura presencial por día
1.11.4.2.2.13.1,386.0,386.0,423.7777777777777,423.7777777777777,37.777777777777715,37.777777777777715,Cobertura presencial por día
1.11.4.2.2.13.2,386.0,386.0,423.7777777777777,423.7777777777777,37.777777777777715,37.777777777777715,Cobertura presencial por día
1.11.4.2.3.13.1,386.0,386.0,423.7777777777777,423.7777777777777,37.777777777777715,37.777777777777715,Cobertura presencial por día
1.11.4.2.3.13.2,386.0,386.0,423.7777777777777,423.7777777777777,37.777777777777715,37.777777777777715,Cobertura presencial por día
1.11.4.2.4.13.1,386.0,386.0,423.7777777777777,423.7777777777777,37.777777777777715,37.777777777777715,Cobertura presencial por día
1.11.4.2.4.13.2,386.0,386.0,423.7777777777777,423.7777777777777,37.777777777777715,37.777777777777715,Cobertura presencial por día
1.11.4.2.1.14.1,387.0,387.0,423.7777777777777,423.7777777777777,36.777777777777715,36.777777777777715,Cobertura presencial por día
1.11.4.2.1.14.2,387.0,387.0,423.7777777777777,423.7777777777777,36.777777777777715,36.777777777777715,Cobertura presencial por día
1.11.4.2.2.14.1,387.0,387.0,423.7777777777777,423.7777777777777,36.777777777777715,36.777777777777715,Cobertura presencial por día
1.11.4.2.2.14.2,387.0,387.0,423.7777777777777,423.7777777777777,36.777777777777715,36.777777777777715,Cobertura presencial por día
1.11.4.2.3.14.1,387.0,387.0,423.7777777777777,423.7777777777777,36.777777777777715,36.777777777777715,Cobertura presencial por día
1.11.4.2.3.14.2,387.0,387.0,423.7777777777777,423.7777777777777,36.777777777777715,36.777777777777715,Cobertura presencial por día
1.11.4.2.4.14.1,387.0,387.0,423.7777777777777,423.7777777777777,36.777777777777715,36.777777777777715,Cobertura presencial por día
1.11.4.2.4.14.2,387.0,387.0,423.7777777777777,423.7777777777777,36.777777777777715,36.777777777777715,Cobertura presencial por día
1.11.4.2.1.15.1,388.0,388.0,423.7777777777777,423.7777777777777,35.777777777777715,35.777777777777715,Cobertura presencial por día
1.11.4.2.1.15.2,388.0,388.0,423.7777777777777,423.7777777777777,35.777777777777715,35.777777777777715,Cobertura presencial por día
1.11.4.2.2.15.1,388.0,388.0,423.7777777777777,423.7777777777777,35.777777777777715,35.777777777777715,Cobertura presencial por día
1.11.4.2.2.15.2,388.0,388.0,423.7777777777777,423.7777777777777,35.777777777777715,35.777777777777715,Cobertura presencial por día
1.11.4.2.3.15.1,388.0,388.0,423.7777777777777,423.7777777777777,35.777777777777715,35.777777777777715,Cobertura presencial por día
1.11.4.2.3.15.2,388.0,388.0,423.7777777777777,423.7777777777777,35.777777777777715,35.777777777777715,Cobertura presencial por día
1.11.4.2.4.15.1,388.0,388.0,423.7777777777777,423.7777777777777,35.777777777777715,35.777777777777715,Cobertura presencial por día
1.11.4.2.4.15.2,388.0,388.0,423.7777777777777,423.7777777777777,35.777777777777715,35.777777777777715,Cobertura presencial por día
1.11.5.2.1,388.0,391.3333333333333,400.4444444444444,403.7777777777777,12.4444444444444,0.0,Paquete
REV-PARCIAL-E2,391.3333333333333,401.3333333333333,403.7777777777777,413.7777777777777,12.4444444444444,0.0,Revisión parcial: diez días hábiles de evidencia producida
SUB-PARCIAL-E2,401.3333333333333,411.3333333333333,413.7777777777777,423.7777777777777,12.4444444444444,7.666666666666686,Respuesta a observaciones parciales: diez días hábiles
1.1.4.19.2,389.0,390.6666666666667,422.11111111111103,423.7777777777777,33.11111111111103,33.11111111111103,Paquete
1.11.1.3.3,389.0,391.22222222222223,421.5555555555555,423.7777777777777,32.555555555555486,32.555555555555486,Paquete
1.11.1.MB.2.19.2,389.0,391.77777777777777,420.99999999999994,423.7777777777777,31.999999999999943,27.22222222222223,Paquete
1.11.4.2.1.16.1,389.0,389.0,423.7777777777777,423.7777777777777,34.777777777777715,34.777777777777715,Cobertura presencial por día
1.11.4.2.1.16.2,389.0,389.0,423.7777777777777,423.7777777777777,34.777777777777715,34.777777777777715,Cobertura presencial por día
1.11.4.2.2.16.1,389.0,389.0,423.7777777777777,423.7777777777777,34.777777777777715,34.777777777777715,Cobertura presencial por día
1.11.4.2.2.16.2,389.0,389.0,423.7777777777777,423.7777777777777,34.777777777777715,34.777777777777715,Cobertura presencial por día
1.11.4.2.3.16.1,389.0,389.0,423.7777777777777,423.7777777777777,34.777777777777715,34.777777777777715,Cobertura presencial por día
1.11.4.2.3.16.2,389.0,389.0,423.7777777777777,423.7777777777777,34.777777777777715,34.777777777777715,Cobertura presencial por día
1.11.4.2.4.16.1,389.0,389.0,423.7777777777777,423.7777777777777,34.777777777777715,34.777777777777715,Cobertura presencial por día
1.11.4.2.4.16.2,389.0,389.0,423.7777777777777,423.7777777777777,34.777777777777715,34.777777777777715,Cobertura presencial por día
1.9.1.5.5,389.0,391.22222222222223,393.77777777777777,396.0,4.7777777777777715,4.7777777777777715,Paquete
1.9.1.5.6,396.0,399.3333333333333,396.0,399.3333333333333,0.0,0.0,Paquete
1.9.3.5.2.20.2,389.0,390.6666666666667,394.3333333333333,396.0,5.333333333333314,5.333333333333314,Paquete
1.9.3.5.3,396.0,399.3333333333333,396.0,399.3333333333333,0.0,0.0,Paquete
1.9.4.3.2.2,389.0,391.22222222222223,393.77777777777777,396.0,4.7777777777777715,4.7777777777777715,Paquete
1.9.4.3.3,396.0,399.3333333333333,396.0,399.3333333333333,0.0,0.0,Paquete
1.9.5.3.3.2,389.0,391.22222222222223,393.77777777777777,396.0,4.7777777777777715,4.7777777777777715,Paquete
1.9.5.3.4,396.0,399.3333333333333,396.0,399.3333333333333,0.0,0.0,Paquete
PILOTOS-REV,399.3333333333333,409.3333333333333,399.3333333333333,409.3333333333333,0.0,0.0,Revisión conjunta de pilotos
PILOTOS-SUB,409.3333333333333,419.3333333333333,409.3333333333333,419.3333333333333,0.0,0.0,Subsanación de pilotos
1.11.4.2.1.17.1,390.0,390.0,423.7777777777777,423.7777777777777,33.777777777777715,33.777777777777715,Cobertura presencial por día
1.11.4.2.1.17.2,390.0,390.0,423.7777777777777,423.7777777777777,33.777777777777715,33.777777777777715,Cobertura presencial por día
1.11.4.2.1.18.1,390.0,390.0,423.7777777777777,423.7777777777777,33.777777777777715,33.777777777777715,Cobertura presencial por día
1.11.4.2.1.18.2,390.0,390.0,423.7777777777777,423.7777777777777,33.777777777777715,33.777777777777715,Cobertura presencial por día
1.11.4.2.1.19.1,390.0,390.0,423.7777777777777,423.7777777777777,33.777777777777715,33.777777777777715,Cobertura presencial por día
1.11.4.2.1.19.2,390.0,390.0,423.7777777777777,423.7777777777777,33.777777777777715,33.777777777777715,Cobertura presencial por día
1.11.4.2.2.17.1,390.0,390.0,423.7777777777777,423.7777777777777,33.777777777777715,33.777777777777715,Cobertura presencial por día
1.11.4.2.2.17.2,390.0,390.0,423.7777777777777,423.7777777777777,33.777777777777715,33.777777777777715,Cobertura presencial por día
1.11.4.2.2.18.1,390.0,390.0,423.7777777777777,423.7777777777777,33.777777777777715,33.777777777777715,Cobertura presencial por día
1.11.4.2.2.18.2,390.0,390.0,423.7777777777777,423.7777777777777,33.777777777777715,33.777777777777715,Cobertura presencial por día
1.11.4.2.2.19.1,390.0,390.0,423.7777777777777,423.7777777777777,33.777777777777715,33.777777777777715,Cobertura presencial por día
1.11.4.2.2.19.2,390.0,390.0,423.7777777777777,423.7777777777777,33.777777777777715,33.777777777777715,Cobertura presencial por día
1.11.4.2.3.17.1,390.0,390.0,423.7777777777777,423.7777777777777,33.777777777777715,33.777777777777715,Cobertura presencial por día
1.11.4.2.3.17.2,390.0,390.0,423.7777777777777,423.7777777777777,33.777777777777715,33.777777777777715,Cobertura presencial por día
1.11.4.2.3.18.1,390.0,390.0,423.7777777777777,423.7777777777777,33.777777777777715,33.777777777777715,Cobertura presencial por día
1.11.4.2.3.18.2,390.0,390.0,423.7777777777777,423.7777777777777,33.777777777777715,33.777777777777715,Cobertura presencial por día
1.11.4.2.3.19.1,390.0,390.0,423.7777777777777,423.7777777777777,33.777777777777715,33.777777777777715,Cobertura presencial por día
1.11.4.2.3.19.2,390.0,390.0,423.7777777777777,423.7777777777777,33.777777777777715,33.777777777777715,Cobertura presencial por día
1.11.4.2.4.17.1,390.0,390.0,423.7777777777777,423.7777777777777,33.777777777777715,33.777777777777715,Cobertura presencial por día
1.11.4.2.4.17.2,390.0,390.0,423.7777777777777,423.7777777777777,33.777777777777715,33.777777777777715,Cobertura presencial por día
1.11.4.2.4.18.1,390.0,390.0,423.7777777777777,423.7777777777777,33.777777777777715,33.777777777777715,Cobertura presencial por día
1.11.4.2.4.18.2,390.0,390.0,423.7777777777777,423.7777777777777,33.777777777777715,33.777777777777715,Cobertura presencial por día
1.11.4.2.4.19.1,390.0,390.0,423.7777777777777,423.7777777777777,33.777777777777715,33.777777777777715,Cobertura presencial por día
1.11.4.2.4.19.2,390.0,390.0,423.7777777777777,423.7777777777777,33.777777777777715,33.777777777777715,Cobertura presencial por día
1.11.4.2.1.20.1,391.0,391.0,423.7777777777777,423.7777777777777,32.777777777777715,32.777777777777715,Cobertura presencial por día
1.11.4.2.1.20.2,391.0,391.0,423.7777777777777,423.7777777777777,32.777777777777715,32.777777777777715,Cobertura presencial por día
1.11.4.2.1.21.1,391.0,391.0,423.7777777777777,423.7777777777777,32.777777777777715,32.777777777777715,Cobertura presencial por día
1.11.4.2.1.21.2,391.0,391.0,423.7777777777777,423.7777777777777,32.777777777777715,32.777777777777715,Cobertura presencial por día
1.11.4.2.2.20.1,391.0,391.0,423.7777777777777,423.7777777777777,32.777777777777715,32.777777777777715,Cobertura presencial por día
1.11.4.2.2.20.2,391.0,391.0,423.7777777777777,423.7777777777777,32.777777777777715,32.777777777777715,Cobertura presencial por día
1.11.4.2.2.21.1,391.0,391.0,423.7777777777777,423.7777777777777,32.777777777777715,32.777777777777715,Cobertura presencial por día
1.11.4.2.2.21.2,391.0,391.0,423.7777777777777,423.7777777777777,32.777777777777715,32.777777777777715,Cobertura presencial por día
1.11.4.2.3.20.1,391.0,391.0,423.7777777777777,423.7777777777777,32.777777777777715,32.777777777777715,Cobertura presencial por día
1.11.4.2.3.20.2,391.0,391.0,423.7777777777777,423.7777777777777,32.777777777777715,32.777777777777715,Cobertura presencial por día
1.11.4.2.3.21.1,391.0,391.0,423.7777777777777,423.7777777777777,32.777777777777715,32.777777777777715,Cobertura presencial por día
1.11.4.2.3.21.2,391.0,391.0,423.7777777777777,423.7777777777777,32.777777777777715,32.777777777777715,Cobertura presencial por día
1.11.4.2.4.20.1,391.0,391.0,423.7777777777777,423.7777777777777,32.777777777777715,32.777777777777715,Cobertura presencial por día
1.11.4.2.4.20.2,391.0,391.0,423.7777777777777,423.7777777777777,32.777777777777715,32.777777777777715,Cobertura presencial por día
1.11.4.2.4.21.1,391.0,391.0,423.7777777777777,423.7777777777777,32.777777777777715,32.777777777777715,Cobertura presencial por día
1.11.4.2.4.21.2,391.0,391.0,423.7777777777777,423.7777777777777,32.777777777777715,32.777777777777715,Cobertura presencial por día
1.11.4.2.1.22.1,392.0,392.0,423.7777777777777,423.7777777777777,31.777777777777715,31.777777777777715,Cobertura presencial por día
1.11.4.2.1.22.2,392.0,392.0,423.7777777777777,423.7777777777777,31.777777777777715,31.777777777777715,Cobertura presencial por día
1.11.4.2.2.22.1,392.0,392.0,423.7777777777777,423.7777777777777,31.777777777777715,31.777777777777715,Cobertura presencial por día
1.11.4.2.2.22.2,392.0,392.0,423.7777777777777,423.7777777777777,31.777777777777715,31.777777777777715,Cobertura presencial por día
1.11.4.2.3.22.1,392.0,392.0,423.7777777777777,423.7777777777777,31.777777777777715,31.777777777777715,Cobertura presencial por día
1.11.4.2.3.22.2,392.0,392.0,423.7777777777777,423.7777777777777,31.777777777777715,31.777777777777715,Cobertura presencial por día
1.11.4.2.4.22.1,392.0,392.0,423.7777777777777,423.7777777777777,31.777777777777715,31.777777777777715,Cobertura presencial por día
1.11.4.2.4.22.2,392.0,392.0,423.7777777777777,423.7777777777777,31.777777777777715,31.777777777777715,Cobertura presencial por día
1.11.4.2.1.23.1,393.0,393.0,423.7777777777777,423.7777777777777,30.777777777777715,30.777777777777715,Cobertura presencial por día
1.11.4.2.1.23.2,393.0,393.0,423.7777777777777,423.7777777777777,30.777777777777715,30.777777777777715,Cobertura presencial por día
1.11.4.2.2.23.1,393.0,393.0,423.7777777777777,423.7777777777777,30.777777777777715,30.777777777777715,Cobertura presencial por día
1.11.4.2.2.23.2,393.0,393.0,423.7777777777777,423.7777777777777,30.777777777777715,30.777777777777715,Cobertura presencial por día
1.11.4.2.3.23.1,393.0,393.0,423.7777777777777,423.7777777777777,30.777777777777715,30.777777777777715,Cobertura presencial por día
1.11.4.2.3.23.2,393.0,393.0,423.7777777777777,423.7777777777777,30.777777777777715,30.777777777777715,Cobertura presencial por día
1.11.4.2.4.23.1,393.0,393.0,423.7777777777777,423.7777777777777,30.777777777777715,30.777777777777715,Cobertura presencial por día
1.11.4.2.4.23.2,393.0,393.0,423.7777777777777,423.7777777777777,30.777777777777715,30.777777777777715,Cobertura presencial por día
1.11.4.2.1.24.1,394.0,394.0,423.7777777777777,423.7777777777777,29.777777777777715,29.777777777777715,Cobertura presencial por día
1.11.4.2.1.24.2,394.0,394.0,423.7777777777777,423.7777777777777,29.777777777777715,29.777777777777715,Cobertura presencial por día
1.11.4.2.1.25.1,394.0,394.0,423.7777777777777,423.7777777777777,29.777777777777715,29.777777777777715,Cobertura presencial por día
1.11.4.2.1.25.2,394.0,394.0,423.7777777777777,423.7777777777777,29.777777777777715,29.777777777777715,Cobertura presencial por día
1.11.4.2.1.26.1,394.0,394.0,423.7777777777777,423.7777777777777,29.777777777777715,29.777777777777715,Cobertura presencial por día
1.11.4.2.1.26.2,394.0,394.0,423.7777777777777,423.7777777777777,29.777777777777715,29.777777777777715,Cobertura presencial por día
1.11.4.2.1.27.1,394.0,394.0,423.7777777777777,423.7777777777777,29.777777777777715,29.777777777777715,Cobertura presencial por día
1.11.4.2.1.27.2,394.0,394.0,423.7777777777777,423.7777777777777,29.777777777777715,29.777777777777715,Cobertura presencial por día
1.11.4.2.2.24.1,394.0,394.0,423.7777777777777,423.7777777777777,29.777777777777715,29.777777777777715,Cobertura presencial por día
1.11.4.2.2.24.2,394.0,394.0,423.7777777777777,423.7777777777777,29.777777777777715,29.777777777777715,Cobertura presencial por día
1.11.4.2.2.25.1,394.0,394.0,423.7777777777777,423.7777777777777,29.777777777777715,29.777777777777715,Cobertura presencial por día
1.11.4.2.2.25.2,394.0,394.0,423.7777777777777,423.7777777777777,29.777777777777715,29.777777777777715,Cobertura presencial por día
1.11.4.2.2.26.1,394.0,394.0,423.7777777777777,423.7777777777777,29.777777777777715,29.777777777777715,Cobertura presencial por día
1.11.4.2.2.26.2,394.0,394.0,423.7777777777777,423.7777777777777,29.777777777777715,29.777777777777715,Cobertura presencial por día
1.11.4.2.2.27.1,394.0,394.0,423.7777777777777,423.7777777777777,29.777777777777715,29.777777777777715,Cobertura presencial por día
1.11.4.2.2.27.2,394.0,394.0,423.7777777777777,423.7777777777777,29.777777777777715,29.777777777777715,Cobertura presencial por día
1.11.4.2.3.24.1,394.0,394.0,423.7777777777777,423.7777777777777,29.777777777777715,29.777777777777715,Cobertura presencial por día
1.11.4.2.3.24.2,394.0,394.0,423.7777777777777,423.7777777777777,29.777777777777715,29.777777777777715,Cobertura presencial por día
1.11.4.2.3.25.1,394.0,394.0,423.7777777777777,423.7777777777777,29.777777777777715,29.777777777777715,Cobertura presencial por día
1.11.4.2.3.25.2,394.0,394.0,423.7777777777777,423.7777777777777,29.777777777777715,29.777777777777715,Cobertura presencial por día
1.11.4.2.3.26.1,394.0,394.0,423.7777777777777,423.7777777777777,29.777777777777715,29.777777777777715,Cobertura presencial por día
1.11.4.2.3.26.2,394.0,394.0,423.7777777777777,423.7777777777777,29.777777777777715,29.777777777777715,Cobertura presencial por día
1.11.4.2.3.27.1,394.0,394.0,423.7777777777777,423.7777777777777,29.777777777777715,29.777777777777715,Cobertura presencial por día
1.11.4.2.3.27.2,394.0,394.0,423.7777777777777,423.7777777777777,29.777777777777715,29.777777777777715,Cobertura presencial por día
1.11.4.2.4.24.1,394.0,394.0,423.7777777777777,423.7777777777777,29.777777777777715,29.777777777777715,Cobertura presencial por día
1.11.4.2.4.24.2,394.0,394.0,423.7777777777777,423.7777777777777,29.777777777777715,29.777777777777715,Cobertura presencial por día
1.11.4.2.4.25.1,394.0,394.0,423.7777777777777,423.7777777777777,29.777777777777715,29.777777777777715,Cobertura presencial por día
1.11.4.2.4.25.2,394.0,394.0,423.7777777777777,423.7777777777777,29.777777777777715,29.777777777777715,Cobertura presencial por día
1.11.4.2.4.26.1,394.0,394.0,423.7777777777777,423.7777777777777,29.777777777777715,29.777777777777715,Cobertura presencial por día
1.11.4.2.4.26.2,394.0,394.0,423.7777777777777,423.7777777777777,29.777777777777715,29.777777777777715,Cobertura presencial por día
1.11.4.2.4.27.1,394.0,394.0,423.7777777777777,423.7777777777777,29.777777777777715,29.777777777777715,Cobertura presencial por día
1.11.4.2.4.27.2,394.0,394.0,423.7777777777777,423.7777777777777,29.777777777777715,29.777777777777715,Cobertura presencial por día
1.11.4.2.1.28.1,395.0,395.0,423.7777777777777,423.7777777777777,28.777777777777715,28.777777777777715,Cobertura presencial por día
1.11.4.2.1.28.2,395.0,395.0,423.7777777777777,423.7777777777777,28.777777777777715,28.777777777777715,Cobertura presencial por día
1.11.4.2.2.28.1,395.0,395.0,423.7777777777777,423.7777777777777,28.777777777777715,28.777777777777715,Cobertura presencial por día
1.11.4.2.2.28.2,395.0,395.0,423.7777777777777,423.7777777777777,28.777777777777715,28.777777777777715,Cobertura presencial por día
1.11.4.2.3.28.1,395.0,395.0,423.7777777777777,423.7777777777777,28.777777777777715,28.777777777777715,Cobertura presencial por día
1.11.4.2.3.28.2,395.0,395.0,423.7777777777777,423.7777777777777,28.777777777777715,28.777777777777715,Cobertura presencial por día
1.11.4.2.4.28.1,395.0,395.0,423.7777777777777,423.7777777777777,28.777777777777715,28.777777777777715,Cobertura presencial por día
1.11.4.2.4.28.2,395.0,395.0,423.7777777777777,423.7777777777777,28.777777777777715,28.777777777777715,Cobertura presencial por día
1.1.4.20.1,398.0,399.6666666666667,422.11111111111103,423.7777777777777,24.11111111111103,24.11111111111103,Paquete
1.11.1.MB.2.20.1,398.0,400.77777777777777,420.99999999999994,423.7777777777777,22.999999999999943,18.22222222222223,Paquete
1.12.1.2,398.0,400.77777777777777,420.99999999999994,423.7777777777777,22.999999999999943,22.999999999999943,Paquete
1.1.4.20.2,408.0,409.6666666666667,422.11111111111103,423.7777777777777,14.111111111111029,14.111111111111029,Paquete
1.11.1.MB.2.20.2,408.0,410.77777777777777,420.99999999999994,423.7777777777777,12.999999999999943,8.222222222222229,Paquete
1.11.5.2.2,418.0,418.0,423.7777777777777,423.7777777777777,5.777777777777715,1.0,Cobertura presencial por día
1.9.1.6.1,419.3333333333333,422.66666666666663,419.3333333333333,422.66666666666663,0.0,0.0,Paquete
1.9.3.6.1,419.3333333333333,422.66666666666663,420.4444444444444,423.7777777777777,1.1111111111110858,1.1111111111110858,Paquete
1.9.4.4.1,422.66666666666663,423.7777777777777,422.66666666666663,423.7777777777777,0.0,0.0,Paquete
1.9.5.4.1,419.3333333333333,422.66666666666663,420.4444444444444,423.7777777777777,1.1111111111110858,1.1111111111110858,Paquete
MARCHA-E2,419.0,419.0,423.7777777777777,423.7777777777777,4.777777777777715,0.0,Cierre observación de marcha blanca completa
CIERRE-DELTA-E2,419.0,419.0,423.7777777777777,423.7777777777777,4.777777777777715,0.0,Cierre automático de última evidencia natural; control final requerido
ACTA-MB-E2,419.0,419.0,423.7777777777777,423.7777777777777,4.777777777777715,0.0,Acta expresa de marcha blanca requerida al inicio de 21; no obtenida
CORTE-E2,419.0,419.0,423.7777777777777,423.7777777777777,4.777777777777715,4.777777777777715,"Habilitación lógica preparada, condicionada al acta expresa"
H12,423.7777777777777,423.7777777777777,423.7777777777777,423.7777777777777,0.0,0.0,Aceptación final de implementación dentro de mes 21; no obtenida
FIN-IMPLEMENTACION,423.7777777777777,423.7777777777777,423.7777777777777,423.7777777777777,0.0,0.0,Cierre de todos los paquetes de implementación
