Codigo,Nombre,Mes,Quincena,Fase,Etapa,Pred,Referencia,Responsable,Total,Aceptacion,Origen_archivo,A,D,S,Q,V,I,O,L,J
1.4.1.1.4.1,"Análisis de reglas, excepciones y protocolo: Movimientos de salida y regreso identificados — lote 1/1",3,1,E1 Desarrollo,E1,1.4.1.1.1,RF-NAV-04/05; RN-01--03; modelo UCP y conciliación de alcance 1.4–1.6,Ulysses Barreto,51,"Lote identificado de reglas, contratos, construcción, pruebas o documentación del componente; evidencia versionada, revisión independiente y trazabilidad al flujo UCP. No reconstruye identidad, canales ni adaptadores comunes.",componentes/paquetes_conciliacion_ucp.csv,51,0,0,0,0,0,0,0,0
1.4.1.1.4.2,Diseño de datos y restricciones del núcleo: Movimientos de salida y regreso identificados — lote 1/1,3,1,E1 Desarrollo,E1,1.4.1.1.1,RF-NAV-04/05; RN-01--03; modelo UCP y conciliación de alcance 1.4–1.6,Nicolás Torfan,44,"Lote identificado de reglas, contratos, construcción, pruebas o documentación del componente; evidencia versionada, revisión independiente y trazabilidad al flujo UCP. No reconstruye identidad, canales ni adaptadores comunes.",componentes/paquetes_conciliacion_ucp.csv,0,44,0,0,0,0,0,0,0
1.4.1.1.4.3,Diseño de contratos internos y composición: Movimientos de salida y regreso identificados — lote 1/2,3,1,E1 Desarrollo,E1,1.4.1.1.1,RF-NAV-04/05; RN-01--03; modelo UCP y conciliación de alcance 1.4–1.6,Fernando Guerrero,33,"Lote identificado de reglas, contratos, construcción, pruebas o documentación del componente; evidencia versionada, revisión independiente y trazabilidad al flujo UCP. No reconstruye identidad, canales ni adaptadores comunes.",componentes/paquetes_conciliacion_ucp.csv,0,0,0,0,0,33,0,0,0
1.4.1.1.4.4,Diseño de contratos internos y composición: Movimientos de salida y regreso identificados — lote 2/2,3,1,E1 Desarrollo,E1,1.4.1.1.1,RF-NAV-04/05; RN-01--03; modelo UCP y conciliación de alcance 1.4–1.6,Fernando Guerrero,32,"Lote identificado de reglas, contratos, construcción, pruebas o documentación del componente; evidencia versionada, revisión independiente y trazabilidad al flujo UCP. No reconstruye identidad, canales ni adaptadores comunes.",componentes/paquetes_conciliacion_ucp.csv,0,0,0,0,0,32,0,0,0
1.4.1.1.5.1,Construcción funcional y pruebas unitarias: Movimientos de salida y regreso identificados — lote 1/4,8,1,E1 Desarrollo,E1,"1.4.1.1.2,1.4.1.1.4.1,1.4.1.1.4.2,1.4.1.1.4.3,1.4.1.1.4.4",RF-NAV-04/05; RN-01--03; modelo UCP y conciliación de alcance 1.4–1.6,Nikolai Navea,51,"Lote identificado de reglas, contratos, construcción, pruebas o documentación del componente; evidencia versionada, revisión independiente y trazabilidad al flujo UCP. No reconstruye identidad, canales ni adaptadores comunes.",componentes/paquetes_conciliacion_ucp.csv,0,0,0,0,51,0,0,0,0
1.4.1.1.5.2,Construcción funcional y pruebas unitarias: Movimientos de salida y regreso identificados — lote 2/4,8,1,E1 Desarrollo,E1,"1.4.1.1.2,1.4.1.1.4.1,1.4.1.1.4.2,1.4.1.1.4.3,1.4.1.1.4.4",RF-NAV-04/05; RN-01--03; modelo UCP y conciliación de alcance 1.4–1.6,Nikolai Navea,51,"Lote identificado de reglas, contratos, construcción, pruebas o documentación del componente; evidencia versionada, revisión independiente y trazabilidad al flujo UCP. No reconstruye identidad, canales ni adaptadores comunes.",componentes/paquetes_conciliacion_ucp.csv,0,0,0,0,51,0,0,0,0
1.4.1.1.5.3,Construcción funcional y pruebas unitarias: Movimientos de salida y regreso identificados — lote 3/4,8,1,E1 Desarrollo,E1,"1.4.1.1.2,1.4.1.1.4.1,1.4.1.1.4.2,1.4.1.1.4.3,1.4.1.1.4.4",RF-NAV-04/05; RN-01--03; modelo UCP y conciliación de alcance 1.4–1.6,Nikolai Navea,51,"Lote identificado de reglas, contratos, construcción, pruebas o documentación del componente; evidencia versionada, revisión independiente y trazabilidad al flujo UCP. No reconstruye identidad, canales ni adaptadores comunes.",componentes/paquetes_conciliacion_ucp.csv,0,0,0,0,51,0,0,0,0
1.4.1.1.5.4,Construcción funcional y pruebas unitarias: Movimientos de salida y regreso identificados — lote 4/4,8,1,E1 Desarrollo,E1,"1.4.1.1.2,1.4.1.1.4.1,1.4.1.1.4.2,1.4.1.1.4.3,1.4.1.1.4.4",RF-NAV-04/05; RN-01--03; modelo UCP y conciliación de alcance 1.4–1.6,Nikolai Navea,50,"Lote identificado de reglas, contratos, construcción, pruebas o documentación del componente; evidencia versionada, revisión independiente y trazabilidad al flujo UCP. No reconstruye identidad, canales ni adaptadores comunes.",componentes/paquetes_conciliacion_ucp.csv,0,0,0,0,50,0,0,0,0
1.4.1.1.6.1,"Verificación del núcleo, regresión y evidencia: Movimientos de salida y regreso identificados — lote 1/2",8,1,E1 Desarrollo,E1,"1.4.1.1.3,1.4.1.1.5.1,1.4.1.1.5.2,1.4.1.1.5.3,1.4.1.1.5.4",RF-NAV-04/05; RN-01--03; modelo UCP y conciliación de alcance 1.4–1.6,Davor Serey,49,"Lote identificado de reglas, contratos, construcción, pruebas o documentación del componente; evidencia versionada, revisión independiente y trazabilidad al flujo UCP. No reconstruye identidad, canales ni adaptadores comunes.",componentes/paquetes_conciliacion_ucp.csv,0,0,0,49,0,0,0,0,0
1.4.1.1.6.2,"Verificación del núcleo, regresión y evidencia: Movimientos de salida y regreso identificados — lote 2/2",8,1,E1 Desarrollo,E1,"1.4.1.1.3,1.4.1.1.5.1,1.4.1.1.5.2,1.4.1.1.5.3,1.4.1.1.5.4",RF-NAV-04/05; RN-01--03; modelo UCP y conciliación de alcance 1.4–1.6,Davor Serey,49,"Lote identificado de reglas, contratos, construcción, pruebas o documentación del componente; evidencia versionada, revisión independiente y trazabilidad al flujo UCP. No reconstruye identidad, canales ni adaptadores comunes.",componentes/paquetes_conciliacion_ucp.csv,0,0,0,49,0,0,0,0,0
1.4.1.1.7.1,Coordinación y documentación del núcleo: Movimientos de salida y regreso identificados — lote 1/2,8,1,E1 Desarrollo,E1,"1.4.1.1.6.1,1.4.1.1.6.2",RF-NAV-04/05; RN-01--03; modelo UCP y conciliación de alcance 1.4–1.6,Ignacio Silva,53,"Lote identificado de reglas, contratos, construcción, pruebas o documentación del componente; evidencia versionada, revisión independiente y trazabilidad al flujo UCP. No reconstruye identidad, canales ni adaptadores comunes.",componentes/paquetes_conciliacion_ucp.csv,0,0,0,0,0,0,0,0,53
1.4.1.1.7.2,Coordinación y documentación del núcleo: Movimientos de salida y regreso identificados — lote 2/2,8,1,E1 Desarrollo,E1,"1.4.1.1.6.1,1.4.1.1.6.2",RF-NAV-04/05; RN-01--03; modelo UCP y conciliación de alcance 1.4–1.6,Ignacio Silva,53,"Lote identificado de reglas, contratos, construcción, pruebas o documentación del componente; evidencia versionada, revisión independiente y trazabilidad al flujo UCP. No reconstruye identidad, canales ni adaptadores comunes.",componentes/paquetes_conciliacion_ucp.csv,0,0,0,0,0,0,0,0,53
1.4.1.2.4.1,"Análisis de reglas, excepciones y protocolo: Planes voluntarios y discrepancias operacionales — lote 1/1",3,1,E1 Desarrollo,E1,1.4.1.2.1,RF-AUT-08; RF-NAV-06; RN-04/05; modelo UCP y conciliación de alcance 1.4–1.6,Ulysses Barreto,16,"Lote identificado de reglas, contratos, construcción, pruebas o documentación del componente; evidencia versionada, revisión independiente y trazabilidad al flujo UCP. No reconstruye identidad, canales ni adaptadores comunes.",componentes/paquetes_conciliacion_ucp.csv,16,0,0,0,0,0,0,0,0
1.4.1.2.4.2,Diseño de datos y restricciones del núcleo: Planes voluntarios y discrepancias operacionales — lote 1/1,3,1,E1 Desarrollo,E1,1.4.1.2.1,RF-AUT-08; RF-NAV-06; RN-04/05; modelo UCP y conciliación de alcance 1.4–1.6,Nicolás Torfan,16,"Lote identificado de reglas, contratos, construcción, pruebas o documentación del componente; evidencia versionada, revisión independiente y trazabilidad al flujo UCP. No reconstruye identidad, canales ni adaptadores comunes.",componentes/paquetes_conciliacion_ucp.csv,0,16,0,0,0,0,0,0,0
1.4.1.2.4.3,Diseño de contratos internos y composición: Planes voluntarios y discrepancias operacionales — lote 1/1,3,1,E1 Desarrollo,E1,1.4.1.2.1,RF-AUT-08; RF-NAV-06; RN-04/05; modelo UCP y conciliación de alcance 1.4–1.6,Fernando Guerrero,23,"Lote identificado de reglas, contratos, construcción, pruebas o documentación del componente; evidencia versionada, revisión independiente y trazabilidad al flujo UCP. No reconstruye identidad, canales ni adaptadores comunes.",componentes/paquetes_conciliacion_ucp.csv,0,0,0,0,0,23,0,0,0
1.4.1.2.5.1,Construcción funcional y pruebas unitarias: Planes voluntarios y discrepancias operacionales — lote 1/1,8,1,E1 Desarrollo,E1,"1.4.1.2.2,1.4.1.2.4.1,1.4.1.2.4.2,1.4.1.2.4.3",RF-AUT-08; RF-NAV-06; RN-04/05; modelo UCP y conciliación de alcance 1.4–1.6,Nikolai Navea,62,"Lote identificado de reglas, contratos, construcción, pruebas o documentación del componente; evidencia versionada, revisión independiente y trazabilidad al flujo UCP. No reconstruye identidad, canales ni adaptadores comunes.",componentes/paquetes_conciliacion_ucp.csv,0,0,0,0,62,0,0,0,0
1.4.1.2.6.1,"Verificación del núcleo, regresión y evidencia: Planes voluntarios y discrepancias operacionales — lote 1/1",8,1,E1 Desarrollo,E1,"1.4.1.2.3,1.4.1.2.5.1",RF-AUT-08; RF-NAV-06; RN-04/05; modelo UCP y conciliación de alcance 1.4–1.6,Davor Serey,45,"Lote identificado de reglas, contratos, construcción, pruebas o documentación del componente; evidencia versionada, revisión independiente y trazabilidad al flujo UCP. No reconstruye identidad, canales ni adaptadores comunes.",componentes/paquetes_conciliacion_ucp.csv,0,0,0,45,0,0,0,0,0
1.4.1.2.7.1,Coordinación y documentación del núcleo: Planes voluntarios y discrepancias operacionales — lote 1/1,8,1,E1 Desarrollo,E1,1.4.1.2.6.1,RF-AUT-08; RF-NAV-06; RN-04/05; modelo UCP y conciliación de alcance 1.4–1.6,Ignacio Silva,53,"Lote identificado de reglas, contratos, construcción, pruebas o documentación del componente; evidencia versionada, revisión independiente y trazabilidad al flujo UCP. No reconstruye identidad, canales ni adaptadores comunes.",componentes/paquetes_conciliacion_ucp.csv,0,0,0,0,0,0,0,0,53
1.4.1.3.4.1,"Análisis de reglas, excepciones y protocolo: Atención y escalamiento de planes vencidos — lote 1/1",3,1,E1 Desarrollo,E1,1.4.1.3.1,RF-NAV-06; DEC-21; modelo UCP y conciliación de alcance 1.4–1.6,Ulysses Barreto,16,"Lote identificado de reglas, contratos, construcción, pruebas o documentación del componente; evidencia versionada, revisión independiente y trazabilidad al flujo UCP. No reconstruye identidad, canales ni adaptadores comunes.",componentes/paquetes_conciliacion_ucp.csv,16,0,0,0,0,0,0,0,0
1.4.1.3.4.2,Diseño de datos y restricciones del núcleo: Atención y escalamiento de planes vencidos — lote 1/1,3,1,E1 Desarrollo,E1,1.4.1.3.1,RF-NAV-06; DEC-21; modelo UCP y conciliación de alcance 1.4–1.6,Nicolás Torfan,16,"Lote identificado de reglas, contratos, construcción, pruebas o documentación del componente; evidencia versionada, revisión independiente y trazabilidad al flujo UCP. No reconstruye identidad, canales ni adaptadores comunes.",componentes/paquetes_conciliacion_ucp.csv,0,16,0,0,0,0,0,0,0
1.4.1.3.4.3,Diseño de contratos internos y composición: Atención y escalamiento de planes vencidos — lote 1/1,3,1,E1 Desarrollo,E1,1.4.1.3.1,RF-NAV-06; DEC-21; modelo UCP y conciliación de alcance 1.4–1.6,Fernando Guerrero,23,"Lote identificado de reglas, contratos, construcción, pruebas o documentación del componente; evidencia versionada, revisión independiente y trazabilidad al flujo UCP. No reconstruye identidad, canales ni adaptadores comunes.",componentes/paquetes_conciliacion_ucp.csv,0,0,0,0,0,23,0,0,0
1.4.1.3.5.1,Construcción funcional y pruebas unitarias: Atención y escalamiento de planes vencidos — lote 1/1,8,1,E1 Desarrollo,E1,"1.4.1.3.2,1.4.1.3.4.1,1.4.1.3.4.2,1.4.1.3.4.3",RF-NAV-06; DEC-21; modelo UCP y conciliación de alcance 1.4–1.6,Nikolai Navea,61,"Lote identificado de reglas, contratos, construcción, pruebas o documentación del componente; evidencia versionada, revisión independiente y trazabilidad al flujo UCP. No reconstruye identidad, canales ni adaptadores comunes.",componentes/paquetes_conciliacion_ucp.csv,0,0,0,0,61,0,0,0,0
1.4.1.3.6.1,"Verificación del núcleo, regresión y evidencia: Atención y escalamiento de planes vencidos — lote 1/1",8,1,E1 Desarrollo,E1,"1.4.1.3.3,1.4.1.3.5.1",RF-NAV-06; DEC-21; modelo UCP y conciliación de alcance 1.4–1.6,Davor Serey,45,"Lote identificado de reglas, contratos, construcción, pruebas o documentación del componente; evidencia versionada, revisión independiente y trazabilidad al flujo UCP. No reconstruye identidad, canales ni adaptadores comunes.",componentes/paquetes_conciliacion_ucp.csv,0,0,0,45,0,0,0,0,0
1.4.1.3.7.1,Coordinación y documentación del núcleo: Atención y escalamiento de planes vencidos — lote 1/1,8,1,E1 Desarrollo,E1,1.4.1.3.6.1,RF-NAV-06; DEC-21; modelo UCP y conciliación de alcance 1.4–1.6,Ignacio Silva,53,"Lote identificado de reglas, contratos, construcción, pruebas o documentación del componente; evidencia versionada, revisión independiente y trazabilidad al flujo UCP. No reconstruye identidad, canales ni adaptadores comunes.",componentes/paquetes_conciliacion_ucp.csv,0,0,0,0,0,0,0,0,53
1.4.1.4.4.1,"Análisis de reglas, excepciones y protocolo: Autorización operacional de amarra y compatibilidad — lote 1/1",3,1,E1 Desarrollo,E1,1.4.1.4.1,AMA; DEC-01/05; SD5 autoridad local; modelo UCP y conciliación de alcance 1.4–1.6,Ulysses Barreto,16,"Lote identificado de reglas, contratos, construcción, pruebas o documentación del componente; evidencia versionada, revisión independiente y trazabilidad al flujo UCP. No reconstruye identidad, canales ni adaptadores comunes.",componentes/paquetes_conciliacion_ucp.csv,16,0,0,0,0,0,0,0,0
1.4.1.4.4.2,Diseño de datos y restricciones del núcleo: Autorización operacional de amarra y compatibilidad — lote 1/1,3,1,E1 Desarrollo,E1,1.4.1.4.1,AMA; DEC-01/05; SD5 autoridad local; modelo UCP y conciliación de alcance 1.4–1.6,Nicolás Torfan,16,"Lote identificado de reglas, contratos, construcción, pruebas o documentación del componente; evidencia versionada, revisión independiente y trazabilidad al flujo UCP. No reconstruye identidad, canales ni adaptadores comunes.",componentes/paquetes_conciliacion_ucp.csv,0,16,0,0,0,0,0,0,0
1.4.1.4.4.3,Diseño de contratos internos y composición: Autorización operacional de amarra y compatibilidad — lote 1/1,3,1,E1 Desarrollo,E1,1.4.1.4.1,AMA; DEC-01/05; SD5 autoridad local; modelo UCP y conciliación de alcance 1.4–1.6,Fernando Guerrero,23,"Lote identificado de reglas, contratos, construcción, pruebas o documentación del componente; evidencia versionada, revisión independiente y trazabilidad al flujo UCP. No reconstruye identidad, canales ni adaptadores comunes.",componentes/paquetes_conciliacion_ucp.csv,0,0,0,0,0,23,0,0,0
1.4.1.4.5.1,Construcción funcional y pruebas unitarias: Autorización operacional de amarra y compatibilidad — lote 1/1,8,1,E1 Desarrollo,E1,"1.4.1.4.2,1.4.1.4.4.1,1.4.1.4.4.2,1.4.1.4.4.3",AMA; DEC-01/05; SD5 autoridad local; modelo UCP y conciliación de alcance 1.4–1.6,Nikolai Navea,61,"Lote identificado de reglas, contratos, construcción, pruebas o documentación del componente; evidencia versionada, revisión independiente y trazabilidad al flujo UCP. No reconstruye identidad, canales ni adaptadores comunes.",componentes/paquetes_conciliacion_ucp.csv,0,0,0,0,61,0,0,0,0
1.4.1.4.6.1,"Verificación del núcleo, regresión y evidencia: Autorización operacional de amarra y compatibilidad — lote 1/1",8,1,E1 Desarrollo,E1,"1.4.1.4.3,1.4.1.4.5.1",AMA; DEC-01/05; SD5 autoridad local; modelo UCP y conciliación de alcance 1.4–1.6,Davor Serey,45,"Lote identificado de reglas, contratos, construcción, pruebas o documentación del componente; evidencia versionada, revisión independiente y trazabilidad al flujo UCP. No reconstruye identidad, canales ni adaptadores comunes.",componentes/paquetes_conciliacion_ucp.csv,0,0,0,45,0,0,0,0,0
1.4.1.4.7.1,Coordinación y documentación del núcleo: Autorización operacional de amarra y compatibilidad — lote 1/1,8,1,E1 Desarrollo,E1,1.4.1.4.6.1,AMA; DEC-01/05; SD5 autoridad local; modelo UCP y conciliación de alcance 1.4–1.6,Ignacio Silva,53,"Lote identificado de reglas, contratos, construcción, pruebas o documentación del componente; evidencia versionada, revisión independiente y trazabilidad al flujo UCP. No reconstruye identidad, canales ni adaptadores comunes.",componentes/paquetes_conciliacion_ucp.csv,0,0,0,0,0,0,0,0,53
1.4.2.1.4.1,"Análisis de reglas, excepciones y protocolo: Clases, nóminas y participación por intervalo — lote 1/1",3,1,E1 Desarrollo,E1,1.4.2.1.1,RF-ESC-04/06/07; RN-10--13; modelo UCP y conciliación de alcance 1.4–1.6,Ulysses Barreto,51,"Lote identificado de reglas, contratos, construcción, pruebas o documentación del componente; evidencia versionada, revisión independiente y trazabilidad al flujo UCP. No reconstruye identidad, canales ni adaptadores comunes.",componentes/paquetes_conciliacion_ucp.csv,51,0,0,0,0,0,0,0,0
1.4.2.1.4.2,"Diseño de datos y restricciones del núcleo: Clases, nóminas y participación por intervalo — lote 1/1",3,1,E1 Desarrollo,E1,1.4.2.1.1,RF-ESC-04/06/07; RN-10--13; modelo UCP y conciliación de alcance 1.4–1.6,Nicolás Torfan,44,"Lote identificado de reglas, contratos, construcción, pruebas o documentación del componente; evidencia versionada, revisión independiente y trazabilidad al flujo UCP. No reconstruye identidad, canales ni adaptadores comunes.",componentes/paquetes_conciliacion_ucp.csv,0,44,0,0,0,0,0,0,0
1.4.2.1.4.3,"Diseño de contratos internos y composición: Clases, nóminas y participación por intervalo — lote 1/2",3,1,E1 Desarrollo,E1,1.4.2.1.1,RF-ESC-04/06/07; RN-10--13; modelo UCP y conciliación de alcance 1.4–1.6,Fernando Guerrero,33,"Lote identificado de reglas, contratos, construcción, pruebas o documentación del componente; evidencia versionada, revisión independiente y trazabilidad al flujo UCP. No reconstruye identidad, canales ni adaptadores comunes.",componentes/paquetes_conciliacion_ucp.csv,0,0,0,0,0,33,0,0,0
1.4.2.1.4.4,"Diseño de contratos internos y composición: Clases, nóminas y participación por intervalo — lote 2/2",3,1,E1 Desarrollo,E1,1.4.2.1.1,RF-ESC-04/06/07; RN-10--13; modelo UCP y conciliación de alcance 1.4–1.6,Fernando Guerrero,32,"Lote identificado de reglas, contratos, construcción, pruebas o documentación del componente; evidencia versionada, revisión independiente y trazabilidad al flujo UCP. No reconstruye identidad, canales ni adaptadores comunes.",componentes/paquetes_conciliacion_ucp.csv,0,0,0,0,0,32,0,0,0
1.4.2.1.5.1,"Construcción funcional y pruebas unitarias: Clases, nóminas y participación por intervalo — lote 1/4",8,1,E1 Desarrollo,E1,"1.4.2.1.2,1.4.2.1.4.1,1.4.2.1.4.2,1.4.2.1.4.3,1.4.2.1.4.4",RF-ESC-04/06/07; RN-10--13; modelo UCP y conciliación de alcance 1.4–1.6,Nikolai Navea,51,"Lote identificado de reglas, contratos, construcción, pruebas o documentación del componente; evidencia versionada, revisión independiente y trazabilidad al flujo UCP. No reconstruye identidad, canales ni adaptadores comunes.",componentes/paquetes_conciliacion_ucp.csv,0,0,0,0,51,0,0,0,0
1.4.2.1.5.2,"Construcción funcional y pruebas unitarias: Clases, nóminas y participación por intervalo — lote 2/4",8,1,E1 Desarrollo,E1,"1.4.2.1.2,1.4.2.1.4.1,1.4.2.1.4.2,1.4.2.1.4.3,1.4.2.1.4.4",RF-ESC-04/06/07; RN-10--13; modelo UCP y conciliación de alcance 1.4–1.6,Nikolai Navea,51,"Lote identificado de reglas, contratos, construcción, pruebas o documentación del componente; evidencia versionada, revisión independiente y trazabilidad al flujo UCP. No reconstruye identidad, canales ni adaptadores comunes.",componentes/paquetes_conciliacion_ucp.csv,0,0,0,0,51,0,0,0,0
1.4.2.1.5.3,"Construcción funcional y pruebas unitarias: Clases, nóminas y participación por intervalo — lote 3/4",8,1,E1 Desarrollo,E1,"1.4.2.1.2,1.4.2.1.4.1,1.4.2.1.4.2,1.4.2.1.4.3,1.4.2.1.4.4",RF-ESC-04/06/07; RN-10--13; modelo UCP y conciliación de alcance 1.4–1.6,Nikolai Navea,51,"Lote identificado de reglas, contratos, construcción, pruebas o documentación del componente; evidencia versionada, revisión independiente y trazabilidad al flujo UCP. No reconstruye identidad, canales ni adaptadores comunes.",componentes/paquetes_conciliacion_ucp.csv,0,0,0,0,51,0,0,0,0
1.4.2.1.5.4,"Construcción funcional y pruebas unitarias: Clases, nóminas y participación por intervalo — lote 4/4",8,1,E1 Desarrollo,E1,"1.4.2.1.2,1.4.2.1.4.1,1.4.2.1.4.2,1.4.2.1.4.3,1.4.2.1.4.4",RF-ESC-04/06/07; RN-10--13; modelo UCP y conciliación de alcance 1.4–1.6,Nikolai Navea,50,"Lote identificado de reglas, contratos, construcción, pruebas o documentación del componente; evidencia versionada, revisión independiente y trazabilidad al flujo UCP. No reconstruye identidad, canales ni adaptadores comunes.",componentes/paquetes_conciliacion_ucp.csv,0,0,0,0,50,0,0,0,0
1.4.2.1.6.1,"Verificación del núcleo, regresión y evidencia: Clases, nóminas y participación por intervalo — lote 1/2",8,1,E1 Desarrollo,E1,"1.4.2.1.3,1.4.2.1.5.1,1.4.2.1.5.2,1.4.2.1.5.3,1.4.2.1.5.4",RF-ESC-04/06/07; RN-10--13; modelo UCP y conciliación de alcance 1.4–1.6,Davor Serey,49,"Lote identificado de reglas, contratos, construcción, pruebas o documentación del componente; evidencia versionada, revisión independiente y trazabilidad al flujo UCP. No reconstruye identidad, canales ni adaptadores comunes.",componentes/paquetes_conciliacion_ucp.csv,0,0,0,49,0,0,0,0,0
1.4.2.1.6.2,"Verificación del núcleo, regresión y evidencia: Clases, nóminas y participación por intervalo — lote 2/2",8,1,E1 Desarrollo,E1,"1.4.2.1.3,1.4.2.1.5.1,1.4.2.1.5.2,1.4.2.1.5.3,1.4.2.1.5.4",RF-ESC-04/06/07; RN-10--13; modelo UCP y conciliación de alcance 1.4–1.6,Davor Serey,49,"Lote identificado de reglas, contratos, construcción, pruebas o documentación del componente; evidencia versionada, revisión independiente y trazabilidad al flujo UCP. No reconstruye identidad, canales ni adaptadores comunes.",componentes/paquetes_conciliacion_ucp.csv,0,0,0,49,0,0,0,0,0
1.4.2.1.7.1,"Coordinación y documentación del núcleo: Clases, nóminas y participación por intervalo — lote 1/2",8,1,E1 Desarrollo,E1,"1.4.2.1.6.1,1.4.2.1.6.2",RF-ESC-04/06/07; RN-10--13; modelo UCP y conciliación de alcance 1.4–1.6,Ignacio Silva,53,"Lote identificado de reglas, contratos, construcción, pruebas o documentación del componente; evidencia versionada, revisión independiente y trazabilidad al flujo UCP. No reconstruye identidad, canales ni adaptadores comunes.",componentes/paquetes_conciliacion_ucp.csv,0,0,0,0,0,0,0,0,53
1.4.2.1.7.2,"Coordinación y documentación del núcleo: Clases, nóminas y participación por intervalo — lote 2/2",8,1,E1 Desarrollo,E1,"1.4.2.1.6.1,1.4.2.1.6.2",RF-ESC-04/06/07; RN-10--13; modelo UCP y conciliación de alcance 1.4–1.6,Ignacio Silva,53,"Lote identificado de reglas, contratos, construcción, pruebas o documentación del componente; evidencia versionada, revisión independiente y trazabilidad al flujo UCP. No reconstruye identidad, canales ni adaptadores comunes.",componentes/paquetes_conciliacion_ucp.csv,0,0,0,0,0,0,0,0,53
1.4.2.2.4.1,"Análisis de reglas, excepciones y protocolo: Retiros coordinados y entrega única de alumno — lote 1/1",3,1,E1 Desarrollo,E1,1.4.2.2.1,RF-ESC-08/09/10; modelo UCP y conciliación de alcance 1.4–1.6,Ulysses Barreto,15,"Lote identificado de reglas, contratos, construcción, pruebas o documentación del componente; evidencia versionada, revisión independiente y trazabilidad al flujo UCP. No reconstruye identidad, canales ni adaptadores comunes.",componentes/paquetes_conciliacion_ucp.csv,15,0,0,0,0,0,0,0,0
1.4.2.2.4.2,Diseño de datos y restricciones del núcleo: Retiros coordinados y entrega única de alumno — lote 1/1,3,1,E1 Desarrollo,E1,1.4.2.2.1,RF-ESC-08/09/10; modelo UCP y conciliación de alcance 1.4–1.6,Nicolás Torfan,16,"Lote identificado de reglas, contratos, construcción, pruebas o documentación del componente; evidencia versionada, revisión independiente y trazabilidad al flujo UCP. No reconstruye identidad, canales ni adaptadores comunes.",componentes/paquetes_conciliacion_ucp.csv,0,16,0,0,0,0,0,0,0
1.4.2.2.4.3,Diseño de contratos internos y composición: Retiros coordinados y entrega única de alumno — lote 1/1,3,1,E1 Desarrollo,E1,1.4.2.2.1,RF-ESC-08/09/10; modelo UCP y conciliación de alcance 1.4–1.6,Fernando Guerrero,23,"Lote identificado de reglas, contratos, construcción, pruebas o documentación del componente; evidencia versionada, revisión independiente y trazabilidad al flujo UCP. No reconstruye identidad, canales ni adaptadores comunes.",componentes/paquetes_conciliacion_ucp.csv,0,0,0,0,0,23,0,0,0
1.4.2.2.5.1,Construcción funcional y pruebas unitarias: Retiros coordinados y entrega única de alumno — lote 1/1,8,1,E1 Desarrollo,E1,"1.4.2.2.2,1.4.2.2.4.1,1.4.2.2.4.2,1.4.2.2.4.3",RF-ESC-08/09/10; modelo UCP y conciliación de alcance 1.4–1.6,Nikolai Navea,61,"Lote identificado de reglas, contratos, construcción, pruebas o documentación del componente; evidencia versionada, revisión independiente y trazabilidad al flujo UCP. No reconstruye identidad, canales ni adaptadores comunes.",componentes/paquetes_conciliacion_ucp.csv,0,0,0,0,61,0,0,0,0
1.4.2.2.6.1,"Verificación del núcleo, regresión y evidencia: Retiros coordinados y entrega única de alumno — lote 1/1",8,1,E1 Desarrollo,E1,"1.4.2.2.3,1.4.2.2.5.1",RF-ESC-08/09/10; modelo UCP y conciliación de alcance 1.4–1.6,Davor Serey,45,"Lote identificado de reglas, contratos, construcción, pruebas o documentación del componente; evidencia versionada, revisión independiente y trazabilidad al flujo UCP. No reconstruye identidad, canales ni adaptadores comunes.",componentes/paquetes_conciliacion_ucp.csv,0,0,0,45,0,0,0,0,0
1.4.2.2.7.1,Coordinación y documentación del núcleo: Retiros coordinados y entrega única de alumno — lote 1/1,8,1,E1 Desarrollo,E1,1.4.2.2.6.1,RF-ESC-08/09/10; modelo UCP y conciliación de alcance 1.4–1.6,Ignacio Silva,53,"Lote identificado de reglas, contratos, construcción, pruebas o documentación del componente; evidencia versionada, revisión independiente y trazabilidad al flujo UCP. No reconstruye identidad, canales ni adaptadores comunes.",componentes/paquetes_conciliacion_ucp.csv,0,0,0,0,0,0,0,0,53
1.4.2.3.4.1,"Análisis de reglas, excepciones y protocolo: Retorno de participantes y vista mínima de salud — lote 1/1",3,1,E1 Desarrollo,E1,1.4.2.3.1,RF-ESC-14; SD5 Escuela náutica; modelo UCP y conciliación de alcance 1.4–1.6,Ulysses Barreto,51,"Lote identificado de reglas, contratos, construcción, pruebas o documentación del componente; evidencia versionada, revisión independiente y trazabilidad al flujo UCP. No reconstruye identidad, canales ni adaptadores comunes.",componentes/paquetes_conciliacion_ucp.csv,51,0,0,0,0,0,0,0,0
1.4.2.3.4.2,Diseño de datos y restricciones del núcleo: Retorno de participantes y vista mínima de salud — lote 1/1,3,1,E1 Desarrollo,E1,1.4.2.3.1,RF-ESC-14; SD5 Escuela náutica; modelo UCP y conciliación de alcance 1.4–1.6,Nicolás Torfan,44,"Lote identificado de reglas, contratos, construcción, pruebas o documentación del componente; evidencia versionada, revisión independiente y trazabilidad al flujo UCP. No reconstruye identidad, canales ni adaptadores comunes.",componentes/paquetes_conciliacion_ucp.csv,0,44,0,0,0,0,0,0,0
1.4.2.3.4.3,Diseño de contratos internos y composición: Retorno de participantes y vista mínima de salud — lote 1/2,3,1,E1 Desarrollo,E1,1.4.2.3.1,RF-ESC-14; SD5 Escuela náutica; modelo UCP y conciliación de alcance 1.4–1.6,Fernando Guerrero,33,"Lote identificado de reglas, contratos, construcción, pruebas o documentación del componente; evidencia versionada, revisión independiente y trazabilidad al flujo UCP. No reconstruye identidad, canales ni adaptadores comunes.",componentes/paquetes_conciliacion_ucp.csv,0,0,0,0,0,33,0,0,0
1.4.2.3.4.4,Diseño de contratos internos y composición: Retorno de participantes y vista mínima de salud — lote 2/2,3,1,E1 Desarrollo,E1,1.4.2.3.1,RF-ESC-14; SD5 Escuela náutica; modelo UCP y conciliación de alcance 1.4–1.6,Fernando Guerrero,32,"Lote identificado de reglas, contratos, construcción, pruebas o documentación del componente; evidencia versionada, revisión independiente y trazabilidad al flujo UCP. No reconstruye identidad, canales ni adaptadores comunes.",componentes/paquetes_conciliacion_ucp.csv,0,0,0,0,0,32,0,0,0
1.4.2.3.5.1,Construcción funcional y pruebas unitarias: Retorno de participantes y vista mínima de salud — lote 1/4,8,1,E1 Desarrollo,E1,"1.4.2.3.2,1.4.2.3.4.1,1.4.2.3.4.2,1.4.2.3.4.3,1.4.2.3.4.4",RF-ESC-14; SD5 Escuela náutica; modelo UCP y conciliación de alcance 1.4–1.6,Nikolai Navea,51,"Lote identificado de reglas, contratos, construcción, pruebas o documentación del componente; evidencia versionada, revisión independiente y trazabilidad al flujo UCP. No reconstruye identidad, canales ni adaptadores comunes.",componentes/paquetes_conciliacion_ucp.csv,0,0,0,0,51,0,0,0,0
1.4.2.3.5.2,Construcción funcional y pruebas unitarias: Retorno de participantes y vista mínima de salud — lote 2/4,8,1,E1 Desarrollo,E1,"1.4.2.3.2,1.4.2.3.4.1,1.4.2.3.4.2,1.4.2.3.4.3,1.4.2.3.4.4",RF-ESC-14; SD5 Escuela náutica; modelo UCP y conciliación de alcance 1.4–1.6,Nikolai Navea,51,"Lote identificado de reglas, contratos, construcción, pruebas o documentación del componente; evidencia versionada, revisión independiente y trazabilidad al flujo UCP. No reconstruye identidad, canales ni adaptadores comunes.",componentes/paquetes_conciliacion_ucp.csv,0,0,0,0,51,0,0,0,0
1.4.2.3.5.3,Construcción funcional y pruebas unitarias: Retorno de participantes y vista mínima de salud — lote 3/4,8,1,E1 Desarrollo,E1,"1.4.2.3.2,1.4.2.3.4.1,1.4.2.3.4.2,1.4.2.3.4.3,1.4.2.3.4.4",RF-ESC-14; SD5 Escuela náutica; modelo UCP y conciliación de alcance 1.4–1.6,Nikolai Navea,51,"Lote identificado de reglas, contratos, construcción, pruebas o documentación del componente; evidencia versionada, revisión independiente y trazabilidad al flujo UCP. No reconstruye identidad, canales ni adaptadores comunes.",componentes/paquetes_conciliacion_ucp.csv,0,0,0,0,51,0,0,0,0
1.4.2.3.5.4,Construcción funcional y pruebas unitarias: Retorno de participantes y vista mínima de salud — lote 4/4,8,1,E1 Desarrollo,E1,"1.4.2.3.2,1.4.2.3.4.1,1.4.2.3.4.2,1.4.2.3.4.3,1.4.2.3.4.4",RF-ESC-14; SD5 Escuela náutica; modelo UCP y conciliación de alcance 1.4–1.6,Nikolai Navea,50,"Lote identificado de reglas, contratos, construcción, pruebas o documentación del componente; evidencia versionada, revisión independiente y trazabilidad al flujo UCP. No reconstruye identidad, canales ni adaptadores comunes.",componentes/paquetes_conciliacion_ucp.csv,0,0,0,0,50,0,0,0,0
1.4.2.3.6.1,"Verificación del núcleo, regresión y evidencia: Retorno de participantes y vista mínima de salud — lote 1/2",8,1,E1 Desarrollo,E1,"1.4.2.3.3,1.4.2.3.5.1,1.4.2.3.5.2,1.4.2.3.5.3,1.4.2.3.5.4",RF-ESC-14; SD5 Escuela náutica; modelo UCP y conciliación de alcance 1.4–1.6,Davor Serey,49,"Lote identificado de reglas, contratos, construcción, pruebas o documentación del componente; evidencia versionada, revisión independiente y trazabilidad al flujo UCP. No reconstruye identidad, canales ni adaptadores comunes.",componentes/paquetes_conciliacion_ucp.csv,0,0,0,49,0,0,0,0,0
1.4.2.3.6.2,"Verificación del núcleo, regresión y evidencia: Retorno de participantes y vista mínima de salud — lote 2/2",8,1,E1 Desarrollo,E1,"1.4.2.3.3,1.4.2.3.5.1,1.4.2.3.5.2,1.4.2.3.5.3,1.4.2.3.5.4",RF-ESC-14; SD5 Escuela náutica; modelo UCP y conciliación de alcance 1.4–1.6,Davor Serey,49,"Lote identificado de reglas, contratos, construcción, pruebas o documentación del componente; evidencia versionada, revisión independiente y trazabilidad al flujo UCP. No reconstruye identidad, canales ni adaptadores comunes.",componentes/paquetes_conciliacion_ucp.csv,0,0,0,49,0,0,0,0,0
1.4.2.3.7.1,Coordinación y documentación del núcleo: Retorno de participantes y vista mínima de salud — lote 1/2,8,1,E1 Desarrollo,E1,"1.4.2.3.6.1,1.4.2.3.6.2",RF-ESC-14; SD5 Escuela náutica; modelo UCP y conciliación de alcance 1.4–1.6,Ignacio Silva,53,"Lote identificado de reglas, contratos, construcción, pruebas o documentación del componente; evidencia versionada, revisión independiente y trazabilidad al flujo UCP. No reconstruye identidad, canales ni adaptadores comunes.",componentes/paquetes_conciliacion_ucp.csv,0,0,0,0,0,0,0,0,53
1.4.2.3.7.2,Coordinación y documentación del núcleo: Retorno de participantes y vista mínima de salud — lote 2/2,8,1,E1 Desarrollo,E1,"1.4.2.3.6.1,1.4.2.3.6.2",RF-ESC-14; SD5 Escuela náutica; modelo UCP y conciliación de alcance 1.4–1.6,Ignacio Silva,52,"Lote identificado de reglas, contratos, construcción, pruebas o documentación del componente; evidencia versionada, revisión independiente y trazabilidad al flujo UCP. No reconstruye identidad, canales ni adaptadores comunes.",componentes/paquetes_conciliacion_ucp.csv,0,0,0,0,0,0,0,0,52
1.4.3.1.4.1,"Análisis de reglas, excepciones y protocolo: Inventario y condiciones de puestos y fondeos — lote 1/1",3,1,E1 Desarrollo,E1,1.4.3.1.1,BOY; AMA; SD5 Infraestructura; modelo UCP y conciliación de alcance 1.4–1.6,Ulysses Barreto,15,"Lote identificado de reglas, contratos, construcción, pruebas o documentación del componente; evidencia versionada, revisión independiente y trazabilidad al flujo UCP. No reconstruye identidad, canales ni adaptadores comunes.",componentes/paquetes_conciliacion_ucp.csv,15,0,0,0,0,0,0,0,0
1.4.3.1.4.2,Diseño de datos y restricciones del núcleo: Inventario y condiciones de puestos y fondeos — lote 1/1,3,1,E1 Desarrollo,E1,1.4.3.1.1,BOY; AMA; SD5 Infraestructura; modelo UCP y conciliación de alcance 1.4–1.6,Nicolás Torfan,16,"Lote identificado de reglas, contratos, construcción, pruebas o documentación del componente; evidencia versionada, revisión independiente y trazabilidad al flujo UCP. No reconstruye identidad, canales ni adaptadores comunes.",componentes/paquetes_conciliacion_ucp.csv,0,16,0,0,0,0,0,0,0
1.4.3.1.4.3,Diseño de contratos internos y composición: Inventario y condiciones de puestos y fondeos — lote 1/1,3,1,E1 Desarrollo,E1,1.4.3.1.1,BOY; AMA; SD5 Infraestructura; modelo UCP y conciliación de alcance 1.4–1.6,Fernando Guerrero,23,"Lote identificado de reglas, contratos, construcción, pruebas o documentación del componente; evidencia versionada, revisión independiente y trazabilidad al flujo UCP. No reconstruye identidad, canales ni adaptadores comunes.",componentes/paquetes_conciliacion_ucp.csv,0,0,0,0,0,23,0,0,0
1.4.3.1.5.1,Construcción funcional y pruebas unitarias: Inventario y condiciones de puestos y fondeos — lote 1/1,8,1,E1 Desarrollo,E1,"1.4.3.1.2,1.4.3.1.4.1,1.4.3.1.4.2,1.4.3.1.4.3",BOY; AMA; SD5 Infraestructura; modelo UCP y conciliación de alcance 1.4–1.6,Nikolai Navea,61,"Lote identificado de reglas, contratos, construcción, pruebas o documentación del componente; evidencia versionada, revisión independiente y trazabilidad al flujo UCP. No reconstruye identidad, canales ni adaptadores comunes.",componentes/paquetes_conciliacion_ucp.csv,0,0,0,0,61,0,0,0,0
1.4.3.1.6.1,"Verificación del núcleo, regresión y evidencia: Inventario y condiciones de puestos y fondeos — lote 1/1",8,1,E1 Desarrollo,E1,"1.4.3.1.3,1.4.3.1.5.1",BOY; AMA; SD5 Infraestructura; modelo UCP y conciliación de alcance 1.4–1.6,Davor Serey,45,"Lote identificado de reglas, contratos, construcción, pruebas o documentación del componente; evidencia versionada, revisión independiente y trazabilidad al flujo UCP. No reconstruye identidad, canales ni adaptadores comunes.",componentes/paquetes_conciliacion_ucp.csv,0,0,0,45,0,0,0,0,0
1.4.3.1.7.1,Coordinación y documentación del núcleo: Inventario y condiciones de puestos y fondeos — lote 1/1,8,1,E1 Desarrollo,E1,1.4.3.1.6.1,BOY; AMA; SD5 Infraestructura; modelo UCP y conciliación de alcance 1.4–1.6,Ignacio Silva,53,"Lote identificado de reglas, contratos, construcción, pruebas o documentación del componente; evidencia versionada, revisión independiente y trazabilidad al flujo UCP. No reconstruye identidad, canales ni adaptadores comunes.",componentes/paquetes_conciliacion_ucp.csv,0,0,0,0,0,0,0,0,53
1.4.3.2.4.1,"Análisis de reglas, excepciones y protocolo: Inspecciones de boyas y evidencia desconectada — lote 1/1",3,1,E1 Desarrollo,E1,1.4.3.2.1,BOY; CA-13; SD3 cubierta; modelo UCP y conciliación de alcance 1.4–1.6,Ulysses Barreto,51,"Lote identificado de reglas, contratos, construcción, pruebas o documentación del componente; evidencia versionada, revisión independiente y trazabilidad al flujo UCP. No reconstruye identidad, canales ni adaptadores comunes.",componentes/paquetes_conciliacion_ucp.csv,51,0,0,0,0,0,0,0,0
1.4.3.2.4.2,Diseño de datos y restricciones del núcleo: Inspecciones de boyas y evidencia desconectada — lote 1/1,3,1,E1 Desarrollo,E1,1.4.3.2.1,BOY; CA-13; SD3 cubierta; modelo UCP y conciliación de alcance 1.4–1.6,Nicolás Torfan,44,"Lote identificado de reglas, contratos, construcción, pruebas o documentación del componente; evidencia versionada, revisión independiente y trazabilidad al flujo UCP. No reconstruye identidad, canales ni adaptadores comunes.",componentes/paquetes_conciliacion_ucp.csv,0,44,0,0,0,0,0,0,0
1.4.3.2.4.3,Diseño de contratos internos y composición: Inspecciones de boyas y evidencia desconectada — lote 1/2,3,1,E1 Desarrollo,E1,1.4.3.2.1,BOY; CA-13; SD3 cubierta; modelo UCP y conciliación de alcance 1.4–1.6,Fernando Guerrero,33,"Lote identificado de reglas, contratos, construcción, pruebas o documentación del componente; evidencia versionada, revisión independiente y trazabilidad al flujo UCP. No reconstruye identidad, canales ni adaptadores comunes.",componentes/paquetes_conciliacion_ucp.csv,0,0,0,0,0,33,0,0,0
1.4.3.2.4.4,Diseño de contratos internos y composición: Inspecciones de boyas y evidencia desconectada — lote 2/2,3,1,E1 Desarrollo,E1,1.4.3.2.1,BOY; CA-13; SD3 cubierta; modelo UCP y conciliación de alcance 1.4–1.6,Fernando Guerrero,32,"Lote identificado de reglas, contratos, construcción, pruebas o documentación del componente; evidencia versionada, revisión independiente y trazabilidad al flujo UCP. No reconstruye identidad, canales ni adaptadores comunes.",componentes/paquetes_conciliacion_ucp.csv,0,0,0,0,0,32,0,0,0
1.4.3.2.5.1,Construcción funcional y pruebas unitarias: Inspecciones de boyas y evidencia desconectada — lote 1/4,8,1,E1 Desarrollo,E1,"1.4.3.2.2,1.4.3.2.4.1,1.4.3.2.4.2,1.4.3.2.4.3,1.4.3.2.4.4",BOY; CA-13; SD3 cubierta; modelo UCP y conciliación de alcance 1.4–1.6,Nikolai Navea,51,"Lote identificado de reglas, contratos, construcción, pruebas o documentación del componente; evidencia versionada, revisión independiente y trazabilidad al flujo UCP. No reconstruye identidad, canales ni adaptadores comunes.",componentes/paquetes_conciliacion_ucp.csv,0,0,0,0,51,0,0,0,0
1.4.3.2.5.2,Construcción funcional y pruebas unitarias: Inspecciones de boyas y evidencia desconectada — lote 2/4,8,1,E1 Desarrollo,E1,"1.4.3.2.2,1.4.3.2.4.1,1.4.3.2.4.2,1.4.3.2.4.3,1.4.3.2.4.4",BOY; CA-13; SD3 cubierta; modelo UCP y conciliación de alcance 1.4–1.6,Nikolai Navea,51,"Lote identificado de reglas, contratos, construcción, pruebas o documentación del componente; evidencia versionada, revisión independiente y trazabilidad al flujo UCP. No reconstruye identidad, canales ni adaptadores comunes.",componentes/paquetes_conciliacion_ucp.csv,0,0,0,0,51,0,0,0,0
1.4.3.2.5.3,Construcción funcional y pruebas unitarias: Inspecciones de boyas y evidencia desconectada — lote 3/4,8,1,E1 Desarrollo,E1,"1.4.3.2.2,1.4.3.2.4.1,1.4.3.2.4.2,1.4.3.2.4.3,1.4.3.2.4.4",BOY; CA-13; SD3 cubierta; modelo UCP y conciliación de alcance 1.4–1.6,Nikolai Navea,51,"Lote identificado de reglas, contratos, construcción, pruebas o documentación del componente; evidencia versionada, revisión independiente y trazabilidad al flujo UCP. No reconstruye identidad, canales ni adaptadores comunes.",componentes/paquetes_conciliacion_ucp.csv,0,0,0,0,51,0,0,0,0
1.4.3.2.5.4,Construcción funcional y pruebas unitarias: Inspecciones de boyas y evidencia desconectada — lote 4/4,8,1,E1 Desarrollo,E1,"1.4.3.2.2,1.4.3.2.4.1,1.4.3.2.4.2,1.4.3.2.4.3,1.4.3.2.4.4",BOY; CA-13; SD3 cubierta; modelo UCP y conciliación de alcance 1.4–1.6,Nikolai Navea,50,"Lote identificado de reglas, contratos, construcción, pruebas o documentación del componente; evidencia versionada, revisión independiente y trazabilidad al flujo UCP. No reconstruye identidad, canales ni adaptadores comunes.",componentes/paquetes_conciliacion_ucp.csv,0,0,0,0,50,0,0,0,0
1.4.3.2.6.1,"Verificación del núcleo, regresión y evidencia: Inspecciones de boyas y evidencia desconectada — lote 1/2",8,1,E1 Desarrollo,E1,"1.4.3.2.3,1.4.3.2.5.1,1.4.3.2.5.2,1.4.3.2.5.3,1.4.3.2.5.4",BOY; CA-13; SD3 cubierta; modelo UCP y conciliación de alcance 1.4–1.6,Davor Serey,49,"Lote identificado de reglas, contratos, construcción, pruebas o documentación del componente; evidencia versionada, revisión independiente y trazabilidad al flujo UCP. No reconstruye identidad, canales ni adaptadores comunes.",componentes/paquetes_conciliacion_ucp.csv,0,0,0,49,0,0,0,0,0
1.4.3.2.6.2,"Verificación del núcleo, regresión y evidencia: Inspecciones de boyas y evidencia desconectada — lote 2/2",8,1,E1 Desarrollo,E1,"1.4.3.2.3,1.4.3.2.5.1,1.4.3.2.5.2,1.4.3.2.5.3,1.4.3.2.5.4",BOY; CA-13; SD3 cubierta; modelo UCP y conciliación de alcance 1.4–1.6,Davor Serey,48,"Lote identificado de reglas, contratos, construcción, pruebas o documentación del componente; evidencia versionada, revisión independiente y trazabilidad al flujo UCP. No reconstruye identidad, canales ni adaptadores comunes.",componentes/paquetes_conciliacion_ucp.csv,0,0,0,48,0,0,0,0,0
1.4.3.2.7.1,Coordinación y documentación del núcleo: Inspecciones de boyas y evidencia desconectada — lote 1/2,8,1,E1 Desarrollo,E1,"1.4.3.2.6.1,1.4.3.2.6.2",BOY; CA-13; SD3 cubierta; modelo UCP y conciliación de alcance 1.4–1.6,Ignacio Silva,53,"Lote identificado de reglas, contratos, construcción, pruebas o documentación del componente; evidencia versionada, revisión independiente y trazabilidad al flujo UCP. No reconstruye identidad, canales ni adaptadores comunes.",componentes/paquetes_conciliacion_ucp.csv,0,0,0,0,0,0,0,0,53
1.4.3.2.7.2,Coordinación y documentación del núcleo: Inspecciones de boyas y evidencia desconectada — lote 2/2,8,1,E1 Desarrollo,E1,"1.4.3.2.6.1,1.4.3.2.6.2",BOY; CA-13; SD3 cubierta; modelo UCP y conciliación de alcance 1.4–1.6,Ignacio Silva,52,"Lote identificado de reglas, contratos, construcción, pruebas o documentación del componente; evidencia versionada, revisión independiente y trazabilidad al flujo UCP. No reconstruye identidad, canales ni adaptadores comunes.",componentes/paquetes_conciliacion_ucp.csv,0,0,0,0,0,0,0,0,52
1.4.3.3.4.1,"Análisis de reglas, excepciones y protocolo: Asociaciones temporales de medidores e instalaciones — lote 1/1",3,1,E1 Desarrollo,E1,1.4.3.3.1,CON; SD5 Infraestructura; modelo UCP y conciliación de alcance 1.4–1.6,Ulysses Barreto,15,"Lote identificado de reglas, contratos, construcción, pruebas o documentación del componente; evidencia versionada, revisión independiente y trazabilidad al flujo UCP. No reconstruye identidad, canales ni adaptadores comunes.",componentes/paquetes_conciliacion_ucp.csv,15,0,0,0,0,0,0,0,0
1.4.3.3.4.2,Diseño de datos y restricciones del núcleo: Asociaciones temporales de medidores e instalaciones — lote 1/1,3,1,E1 Desarrollo,E1,1.4.3.3.1,CON; SD5 Infraestructura; modelo UCP y conciliación de alcance 1.4–1.6,Nicolás Torfan,16,"Lote identificado de reglas, contratos, construcción, pruebas o documentación del componente; evidencia versionada, revisión independiente y trazabilidad al flujo UCP. No reconstruye identidad, canales ni adaptadores comunes.",componentes/paquetes_conciliacion_ucp.csv,0,16,0,0,0,0,0,0,0
1.4.3.3.4.3,Diseño de contratos internos y composición: Asociaciones temporales de medidores e instalaciones — lote 1/1,3,1,E1 Desarrollo,E1,1.4.3.3.1,CON; SD5 Infraestructura; modelo UCP y conciliación de alcance 1.4–1.6,Fernando Guerrero,23,"Lote identificado de reglas, contratos, construcción, pruebas o documentación del componente; evidencia versionada, revisión independiente y trazabilidad al flujo UCP. No reconstruye identidad, canales ni adaptadores comunes.",componentes/paquetes_conciliacion_ucp.csv,0,0,0,0,0,23,0,0,0
1.4.3.3.5.1,Construcción funcional y pruebas unitarias: Asociaciones temporales de medidores e instalaciones — lote 1/1,8,1,E1 Desarrollo,E1,"1.4.3.3.2,1.4.3.3.4.1,1.4.3.3.4.2,1.4.3.3.4.3",CON; SD5 Infraestructura; modelo UCP y conciliación de alcance 1.4–1.6,Nikolai Navea,61,"Lote identificado de reglas, contratos, construcción, pruebas o documentación del componente; evidencia versionada, revisión independiente y trazabilidad al flujo UCP. No reconstruye identidad, canales ni adaptadores comunes.",componentes/paquetes_conciliacion_ucp.csv,0,0,0,0,61,0,0,0,0
1.4.3.3.6.1,"Verificación del núcleo, regresión y evidencia: Asociaciones temporales de medidores e instalaciones — lote 1/1",8,1,E1 Desarrollo,E1,"1.4.3.3.3,1.4.3.3.5.1",CON; SD5 Infraestructura; modelo UCP y conciliación de alcance 1.4–1.6,Davor Serey,45,"Lote identificado de reglas, contratos, construcción, pruebas o documentación del componente; evidencia versionada, revisión independiente y trazabilidad al flujo UCP. No reconstruye identidad, canales ni adaptadores comunes.",componentes/paquetes_conciliacion_ucp.csv,0,0,0,45,0,0,0,0,0
1.4.3.3.7.1,Coordinación y documentación del núcleo: Asociaciones temporales de medidores e instalaciones — lote 1/1,8,1,E1 Desarrollo,E1,1.4.3.3.6.1,CON; SD5 Infraestructura; modelo UCP y conciliación de alcance 1.4–1.6,Ignacio Silva,53,"Lote identificado de reglas, contratos, construcción, pruebas o documentación del componente; evidencia versionada, revisión independiente y trazabilidad al flujo UCP. No reconstruye identidad, canales ni adaptadores comunes.",componentes/paquetes_conciliacion_ucp.csv,0,0,0,0,0,0,0,0,53
1.5.1.1.4.1,"Análisis de reglas, excepciones y protocolo: Maestros de faena y habilitaciones de consulta inicial — lote 1/1",3,1,E1 Desarrollo,E1,1.5.1.1.1,VAR/CTR; reparto E1 SD3; modelo UCP y conciliación de alcance 1.4–1.6,Ulysses Barreto,15,"Lote identificado de reglas, contratos, construcción, pruebas o documentación del componente; evidencia versionada, revisión independiente y trazabilidad al flujo UCP. No reconstruye identidad, canales ni adaptadores comunes.",componentes/paquetes_conciliacion_ucp.csv,15,0,0,0,0,0,0,0,0
1.5.1.1.4.2,Diseño de datos y restricciones del núcleo: Maestros de faena y habilitaciones de consulta inicial — lote 1/1,3,1,E1 Desarrollo,E1,1.5.1.1.1,VAR/CTR; reparto E1 SD3; modelo UCP y conciliación de alcance 1.4–1.6,Nicolás Torfan,16,"Lote identificado de reglas, contratos, construcción, pruebas o documentación del componente; evidencia versionada, revisión independiente y trazabilidad al flujo UCP. No reconstruye identidad, canales ni adaptadores comunes.",componentes/paquetes_conciliacion_ucp.csv,0,16,0,0,0,0,0,0,0
1.5.1.1.4.3,Diseño de contratos internos y composición: Maestros de faena y habilitaciones de consulta inicial — lote 1/1,3,1,E1 Desarrollo,E1,1.5.1.1.1,VAR/CTR; reparto E1 SD3; modelo UCP y conciliación de alcance 1.4–1.6,Fernando Guerrero,23,"Lote identificado de reglas, contratos, construcción, pruebas o documentación del componente; evidencia versionada, revisión independiente y trazabilidad al flujo UCP. No reconstruye identidad, canales ni adaptadores comunes.",componentes/paquetes_conciliacion_ucp.csv,0,0,0,0,0,23,0,0,0
1.5.1.1.5.1,Construcción funcional y pruebas unitarias: Maestros de faena y habilitaciones de consulta inicial — lote 1/1,8,1,E1 Desarrollo,E1,"1.5.1.1.2,1.5.1.1.4.1,1.5.1.1.4.2,1.5.1.1.4.3",VAR/CTR; reparto E1 SD3; modelo UCP y conciliación de alcance 1.4–1.6,Nikolai Navea,61,"Lote identificado de reglas, contratos, construcción, pruebas o documentación del componente; evidencia versionada, revisión independiente y trazabilidad al flujo UCP. No reconstruye identidad, canales ni adaptadores comunes.",componentes/paquetes_conciliacion_ucp.csv,0,0,0,0,61,0,0,0,0
1.5.1.1.6.1,"Verificación del núcleo, regresión y evidencia: Maestros de faena y habilitaciones de consulta inicial — lote 1/1",8,1,E1 Desarrollo,E1,"1.5.1.1.3,1.5.1.1.5.1",VAR/CTR; reparto E1 SD3; modelo UCP y conciliación de alcance 1.4–1.6,Davor Serey,45,"Lote identificado de reglas, contratos, construcción, pruebas o documentación del componente; evidencia versionada, revisión independiente y trazabilidad al flujo UCP. No reconstruye identidad, canales ni adaptadores comunes.",componentes/paquetes_conciliacion_ucp.csv,0,0,0,45,0,0,0,0,0
1.5.1.1.7.1,Coordinación y documentación del núcleo: Maestros de faena y habilitaciones de consulta inicial — lote 1/1,8,1,E1 Desarrollo,E1,1.5.1.1.6.1,VAR/CTR; reparto E1 SD3; modelo UCP y conciliación de alcance 1.4–1.6,Ignacio Silva,53,"Lote identificado de reglas, contratos, construcción, pruebas o documentación del componente; evidencia versionada, revisión independiente y trazabilidad al flujo UCP. No reconstruye identidad, canales ni adaptadores comunes.",componentes/paquetes_conciliacion_ucp.csv,0,0,0,0,0,0,0,0,53
1.5.2.1.4.1,"Análisis de reglas, excepciones y protocolo: Despacho identificado y captura segura de combustible — lote 1/1",3,1,E1 Desarrollo,E1,1.5.2.1.1,CON; C07 RT-03.10/RT-05.10; modelo UCP y conciliación de alcance 1.4–1.6,Ulysses Barreto,15,"Lote identificado de reglas, contratos, construcción, pruebas o documentación del componente; evidencia versionada, revisión independiente y trazabilidad al flujo UCP. No reconstruye identidad, canales ni adaptadores comunes.",componentes/paquetes_conciliacion_ucp.csv,15,0,0,0,0,0,0,0,0
1.5.2.1.4.2,Diseño de datos y restricciones del núcleo: Despacho identificado y captura segura de combustible — lote 1/1,3,1,E1 Desarrollo,E1,1.5.2.1.1,CON; C07 RT-03.10/RT-05.10; modelo UCP y conciliación de alcance 1.4–1.6,Nicolás Torfan,16,"Lote identificado de reglas, contratos, construcción, pruebas o documentación del componente; evidencia versionada, revisión independiente y trazabilidad al flujo UCP. No reconstruye identidad, canales ni adaptadores comunes.",componentes/paquetes_conciliacion_ucp.csv,0,16,0,0,0,0,0,0,0
1.5.2.1.4.3,Diseño de contratos internos y composición: Despacho identificado y captura segura de combustible — lote 1/1,3,1,E1 Desarrollo,E1,1.5.2.1.1,CON; C07 RT-03.10/RT-05.10; modelo UCP y conciliación de alcance 1.4–1.6,Fernando Guerrero,23,"Lote identificado de reglas, contratos, construcción, pruebas o documentación del componente; evidencia versionada, revisión independiente y trazabilidad al flujo UCP. No reconstruye identidad, canales ni adaptadores comunes.",componentes/paquetes_conciliacion_ucp.csv,0,0,0,0,0,23,0,0,0
1.5.2.1.5.1,Construcción funcional y pruebas unitarias: Despacho identificado y captura segura de combustible — lote 1/1,8,1,E1 Desarrollo,E1,"1.5.2.1.2,1.5.2.1.4.1,1.5.2.1.4.2,1.5.2.1.4.3",CON; C07 RT-03.10/RT-05.10; modelo UCP y conciliación de alcance 1.4–1.6,Nikolai Navea,61,"Lote identificado de reglas, contratos, construcción, pruebas o documentación del componente; evidencia versionada, revisión independiente y trazabilidad al flujo UCP. No reconstruye identidad, canales ni adaptadores comunes.",componentes/paquetes_conciliacion_ucp.csv,0,0,0,0,61,0,0,0,0
1.5.2.1.6.1,"Verificación del núcleo, regresión y evidencia: Despacho identificado y captura segura de combustible — lote 1/1",8,1,E1 Desarrollo,E1,"1.5.2.1.3,1.5.2.1.5.1",CON; C07 RT-03.10/RT-05.10; modelo UCP y conciliación de alcance 1.4–1.6,Davor Serey,45,"Lote identificado de reglas, contratos, construcción, pruebas o documentación del componente; evidencia versionada, revisión independiente y trazabilidad al flujo UCP. No reconstruye identidad, canales ni adaptadores comunes.",componentes/paquetes_conciliacion_ucp.csv,0,0,0,45,0,0,0,0,0
1.5.2.1.7.1,Coordinación y documentación del núcleo: Despacho identificado y captura segura de combustible — lote 1/1,8,1,E1 Desarrollo,E1,1.5.2.1.6.1,CON; C07 RT-03.10/RT-05.10; modelo UCP y conciliación de alcance 1.4–1.6,Ignacio Silva,53,"Lote identificado de reglas, contratos, construcción, pruebas o documentación del componente; evidencia versionada, revisión independiente y trazabilidad al flujo UCP. No reconstruye identidad, canales ni adaptadores comunes.",componentes/paquetes_conciliacion_ucp.csv,0,0,0,0,0,0,0,0,53
1.5.2.2.4.1,"Análisis de reglas, excepciones y protocolo: Conciliación de tramos y rectificación de despachos — lote 1/1",3,1,E1 Desarrollo,E1,1.5.2.2.1,SD5 Combustible; modelo UCP y conciliación de alcance 1.4–1.6,Ulysses Barreto,15,"Lote identificado de reglas, contratos, construcción, pruebas o documentación del componente; evidencia versionada, revisión independiente y trazabilidad al flujo UCP. No reconstruye identidad, canales ni adaptadores comunes.",componentes/paquetes_conciliacion_ucp.csv,15,0,0,0,0,0,0,0,0
1.5.2.2.4.2,Diseño de datos y restricciones del núcleo: Conciliación de tramos y rectificación de despachos — lote 1/1,3,1,E1 Desarrollo,E1,1.5.2.2.1,SD5 Combustible; modelo UCP y conciliación de alcance 1.4–1.6,Nicolás Torfan,16,"Lote identificado de reglas, contratos, construcción, pruebas o documentación del componente; evidencia versionada, revisión independiente y trazabilidad al flujo UCP. No reconstruye identidad, canales ni adaptadores comunes.",componentes/paquetes_conciliacion_ucp.csv,0,16,0,0,0,0,0,0,0
1.5.2.2.4.3,Diseño de contratos internos y composición: Conciliación de tramos y rectificación de despachos — lote 1/1,3,1,E1 Desarrollo,E1,1.5.2.2.1,SD5 Combustible; modelo UCP y conciliación de alcance 1.4–1.6,Fernando Guerrero,23,"Lote identificado de reglas, contratos, construcción, pruebas o documentación del componente; evidencia versionada, revisión independiente y trazabilidad al flujo UCP. No reconstruye identidad, canales ni adaptadores comunes.",componentes/paquetes_conciliacion_ucp.csv,0,0,0,0,0,23,0,0,0
1.5.2.2.5.1,Construcción funcional y pruebas unitarias: Conciliación de tramos y rectificación de despachos — lote 1/1,8,1,E1 Desarrollo,E1,"1.5.2.2.2,1.5.2.2.4.1,1.5.2.2.4.2,1.5.2.2.4.3",SD5 Combustible; modelo UCP y conciliación de alcance 1.4–1.6,Nikolai Navea,61,"Lote identificado de reglas, contratos, construcción, pruebas o documentación del componente; evidencia versionada, revisión independiente y trazabilidad al flujo UCP. No reconstruye identidad, canales ni adaptadores comunes.",componentes/paquetes_conciliacion_ucp.csv,0,0,0,0,61,0,0,0,0
1.5.2.2.6.1,"Verificación del núcleo, regresión y evidencia: Conciliación de tramos y rectificación de despachos — lote 1/1",8,1,E1 Desarrollo,E1,"1.5.2.2.3,1.5.2.2.5.1",SD5 Combustible; modelo UCP y conciliación de alcance 1.4–1.6,Davor Serey,45,"Lote identificado de reglas, contratos, construcción, pruebas o documentación del componente; evidencia versionada, revisión independiente y trazabilidad al flujo UCP. No reconstruye identidad, canales ni adaptadores comunes.",componentes/paquetes_conciliacion_ucp.csv,0,0,0,45,0,0,0,0,0
1.5.2.2.7.1,Coordinación y documentación del núcleo: Conciliación de tramos y rectificación de despachos — lote 1/1,8,1,E1 Desarrollo,E1,1.5.2.2.6.1,SD5 Combustible; modelo UCP y conciliación de alcance 1.4–1.6,Ignacio Silva,53,"Lote identificado de reglas, contratos, construcción, pruebas o documentación del componente; evidencia versionada, revisión independiente y trazabilidad al flujo UCP. No reconstruye identidad, canales ni adaptadores comunes.",componentes/paquetes_conciliacion_ucp.csv,0,0,0,0,0,0,0,0,53
1.5.3.1.4.1,"Análisis de reglas, excepciones y protocolo: Intervalos y series conciliadas de agua y energía — lote 1/1",3,1,E1 Desarrollo,E1,1.5.3.1.1,CON/AMB; CA-18/19; modelo UCP y conciliación de alcance 1.4–1.6,Ulysses Barreto,15,"Lote identificado de reglas, contratos, construcción, pruebas o documentación del componente; evidencia versionada, revisión independiente y trazabilidad al flujo UCP. No reconstruye identidad, canales ni adaptadores comunes.",componentes/paquetes_conciliacion_ucp.csv,15,0,0,0,0,0,0,0,0
1.5.3.1.4.2,Diseño de datos y restricciones del núcleo: Intervalos y series conciliadas de agua y energía — lote 1/1,3,1,E1 Desarrollo,E1,1.5.3.1.1,CON/AMB; CA-18/19; modelo UCP y conciliación de alcance 1.4–1.6,Nicolás Torfan,15,"Lote identificado de reglas, contratos, construcción, pruebas o documentación del componente; evidencia versionada, revisión independiente y trazabilidad al flujo UCP. No reconstruye identidad, canales ni adaptadores comunes.",componentes/paquetes_conciliacion_ucp.csv,0,15,0,0,0,0,0,0,0
1.5.3.1.4.3,Diseño de contratos internos y composición: Intervalos y series conciliadas de agua y energía — lote 1/1,3,1,E1 Desarrollo,E1,1.5.3.1.1,CON/AMB; CA-18/19; modelo UCP y conciliación de alcance 1.4–1.6,Fernando Guerrero,23,"Lote identificado de reglas, contratos, construcción, pruebas o documentación del componente; evidencia versionada, revisión independiente y trazabilidad al flujo UCP. No reconstruye identidad, canales ni adaptadores comunes.",componentes/paquetes_conciliacion_ucp.csv,0,0,0,0,0,23,0,0,0
1.5.3.1.5.1,Construcción funcional y pruebas unitarias: Intervalos y series conciliadas de agua y energía — lote 1/1,8,1,E1 Desarrollo,E1,"1.5.3.1.2,1.5.3.1.4.1,1.5.3.1.4.2,1.5.3.1.4.3",CON/AMB; CA-18/19; modelo UCP y conciliación de alcance 1.4–1.6,Nikolai Navea,61,"Lote identificado de reglas, contratos, construcción, pruebas o documentación del componente; evidencia versionada, revisión independiente y trazabilidad al flujo UCP. No reconstruye identidad, canales ni adaptadores comunes.",componentes/paquetes_conciliacion_ucp.csv,0,0,0,0,61,0,0,0,0
1.5.3.1.6.1,"Verificación del núcleo, regresión y evidencia: Intervalos y series conciliadas de agua y energía — lote 1/1",8,1,E1 Desarrollo,E1,"1.5.3.1.3,1.5.3.1.5.1",CON/AMB; CA-18/19; modelo UCP y conciliación de alcance 1.4–1.6,Davor Serey,45,"Lote identificado de reglas, contratos, construcción, pruebas o documentación del componente; evidencia versionada, revisión independiente y trazabilidad al flujo UCP. No reconstruye identidad, canales ni adaptadores comunes.",componentes/paquetes_conciliacion_ucp.csv,0,0,0,45,0,0,0,0,0
1.5.3.1.7.1,Coordinación y documentación del núcleo: Intervalos y series conciliadas de agua y energía — lote 1/1,8,1,E1 Desarrollo,E1,1.5.3.1.6.1,CON/AMB; CA-18/19; modelo UCP y conciliación de alcance 1.4–1.6,Ignacio Silva,53,"Lote identificado de reglas, contratos, construcción, pruebas o documentación del componente; evidencia versionada, revisión independiente y trazabilidad al flujo UCP. No reconstruye identidad, canales ni adaptadores comunes.",componentes/paquetes_conciliacion_ucp.csv,0,0,0,0,0,0,0,0,53
1.5.3.2.4.1,"Análisis de reglas, excepciones y protocolo: Consultas de consumo y evidencia ambiental inicial — lote 1/1",3,1,E1 Desarrollo,E1,1.5.3.2.1,AMB; CA-19; SD3 historia ambiental; modelo UCP y conciliación de alcance 1.4–1.6,Ulysses Barreto,15,"Lote identificado de reglas, contratos, construcción, pruebas o documentación del componente; evidencia versionada, revisión independiente y trazabilidad al flujo UCP. No reconstruye identidad, canales ni adaptadores comunes.",componentes/paquetes_conciliacion_ucp.csv,15,0,0,0,0,0,0,0,0
1.5.3.2.4.2,Diseño de datos y restricciones del núcleo: Consultas de consumo y evidencia ambiental inicial — lote 1/1,3,1,E1 Desarrollo,E1,1.5.3.2.1,AMB; CA-19; SD3 historia ambiental; modelo UCP y conciliación de alcance 1.4–1.6,Nicolás Torfan,15,"Lote identificado de reglas, contratos, construcción, pruebas o documentación del componente; evidencia versionada, revisión independiente y trazabilidad al flujo UCP. No reconstruye identidad, canales ni adaptadores comunes.",componentes/paquetes_conciliacion_ucp.csv,0,15,0,0,0,0,0,0,0
1.5.3.2.4.3,Diseño de contratos internos y composición: Consultas de consumo y evidencia ambiental inicial — lote 1/1,3,1,E1 Desarrollo,E1,1.5.3.2.1,AMB; CA-19; SD3 historia ambiental; modelo UCP y conciliación de alcance 1.4–1.6,Fernando Guerrero,23,"Lote identificado de reglas, contratos, construcción, pruebas o documentación del componente; evidencia versionada, revisión independiente y trazabilidad al flujo UCP. No reconstruye identidad, canales ni adaptadores comunes.",componentes/paquetes_conciliacion_ucp.csv,0,0,0,0,0,23,0,0,0
1.5.3.2.5.1,Construcción funcional y pruebas unitarias: Consultas de consumo y evidencia ambiental inicial — lote 1/1,8,1,E1 Desarrollo,E1,"1.5.3.2.2,1.5.3.2.4.1,1.5.3.2.4.2,1.5.3.2.4.3",AMB; CA-19; SD3 historia ambiental; modelo UCP y conciliación de alcance 1.4–1.6,Nikolai Navea,61,"Lote identificado de reglas, contratos, construcción, pruebas o documentación del componente; evidencia versionada, revisión independiente y trazabilidad al flujo UCP. No reconstruye identidad, canales ni adaptadores comunes.",componentes/paquetes_conciliacion_ucp.csv,0,0,0,0,61,0,0,0,0
1.5.3.2.6.1,"Verificación del núcleo, regresión y evidencia: Consultas de consumo y evidencia ambiental inicial — lote 1/1",8,1,E1 Desarrollo,E1,"1.5.3.2.3,1.5.3.2.5.1",AMB; CA-19; SD3 historia ambiental; modelo UCP y conciliación de alcance 1.4–1.6,Davor Serey,45,"Lote identificado de reglas, contratos, construcción, pruebas o documentación del componente; evidencia versionada, revisión independiente y trazabilidad al flujo UCP. No reconstruye identidad, canales ni adaptadores comunes.",componentes/paquetes_conciliacion_ucp.csv,0,0,0,45,0,0,0,0,0
1.5.3.2.7.1,Coordinación y documentación del núcleo: Consultas de consumo y evidencia ambiental inicial — lote 1/1,8,1,E1 Desarrollo,E1,1.5.3.2.6.1,AMB; CA-19; SD3 historia ambiental; modelo UCP y conciliación de alcance 1.4–1.6,Ignacio Silva,53,"Lote identificado de reglas, contratos, construcción, pruebas o documentación del componente; evidencia versionada, revisión independiente y trazabilidad al flujo UCP. No reconstruye identidad, canales ni adaptadores comunes.",componentes/paquetes_conciliacion_ucp.csv,0,0,0,0,0,0,0,0,53
1.6.1.1.4.1,"Análisis de reglas, excepciones y protocolo: Maestros de personas, organizaciones y embarcaciones — lote 1/1",3,1,E1 Desarrollo,E1,1.6.1.1.1,ADM/AUT; SD5 Clientes y contratos; modelo UCP y conciliación de alcance 1.4–1.6,Ulysses Barreto,15,"Lote identificado de reglas, contratos, construcción, pruebas o documentación del componente; evidencia versionada, revisión independiente y trazabilidad al flujo UCP. No reconstruye identidad, canales ni adaptadores comunes.",componentes/paquetes_conciliacion_ucp.csv,15,0,0,0,0,0,0,0,0
1.6.1.1.4.2,"Diseño de datos y restricciones del núcleo: Maestros de personas, organizaciones y embarcaciones — lote 1/1",3,1,E1 Desarrollo,E1,1.6.1.1.1,ADM/AUT; SD5 Clientes y contratos; modelo UCP y conciliación de alcance 1.4–1.6,Nicolás Torfan,15,"Lote identificado de reglas, contratos, construcción, pruebas o documentación del componente; evidencia versionada, revisión independiente y trazabilidad al flujo UCP. No reconstruye identidad, canales ni adaptadores comunes.",componentes/paquetes_conciliacion_ucp.csv,0,15,0,0,0,0,0,0,0
1.6.1.1.4.3,"Diseño de contratos internos y composición: Maestros de personas, organizaciones y embarcaciones — lote 1/1",3,1,E1 Desarrollo,E1,1.6.1.1.1,ADM/AUT; SD5 Clientes y contratos; modelo UCP y conciliación de alcance 1.4–1.6,Fernando Guerrero,23,"Lote identificado de reglas, contratos, construcción, pruebas o documentación del componente; evidencia versionada, revisión independiente y trazabilidad al flujo UCP. No reconstruye identidad, canales ni adaptadores comunes.",componentes/paquetes_conciliacion_ucp.csv,0,0,0,0,0,23,0,0,0
1.6.1.1.5.1,"Construcción funcional y pruebas unitarias: Maestros de personas, organizaciones y embarcaciones — lote 1/1",8,1,E1 Desarrollo,E1,"1.6.1.1.2,1.6.1.1.4.1,1.6.1.1.4.2,1.6.1.1.4.3",ADM/AUT; SD5 Clientes y contratos; modelo UCP y conciliación de alcance 1.4–1.6,Nikolai Navea,61,"Lote identificado de reglas, contratos, construcción, pruebas o documentación del componente; evidencia versionada, revisión independiente y trazabilidad al flujo UCP. No reconstruye identidad, canales ni adaptadores comunes.",componentes/paquetes_conciliacion_ucp.csv,0,0,0,0,61,0,0,0,0
1.6.1.1.6.1,"Verificación del núcleo, regresión y evidencia: Maestros de personas, organizaciones y embarcaciones — lote 1/1",8,1,E1 Desarrollo,E1,"1.6.1.1.3,1.6.1.1.5.1",ADM/AUT; SD5 Clientes y contratos; modelo UCP y conciliación de alcance 1.4–1.6,Davor Serey,45,"Lote identificado de reglas, contratos, construcción, pruebas o documentación del componente; evidencia versionada, revisión independiente y trazabilidad al flujo UCP. No reconstruye identidad, canales ni adaptadores comunes.",componentes/paquetes_conciliacion_ucp.csv,0,0,0,45,0,0,0,0,0
1.6.1.1.7.1,"Coordinación y documentación del núcleo: Maestros de personas, organizaciones y embarcaciones — lote 1/1",8,1,E1 Desarrollo,E1,1.6.1.1.6.1,ADM/AUT; SD5 Clientes y contratos; modelo UCP y conciliación de alcance 1.4–1.6,Ignacio Silva,53,"Lote identificado de reglas, contratos, construcción, pruebas o documentación del componente; evidencia versionada, revisión independiente y trazabilidad al flujo UCP. No reconstruye identidad, canales ni adaptadores comunes.",componentes/paquetes_conciliacion_ucp.csv,0,0,0,0,0,0,0,0,53
1.6.1.2.4.1,"Análisis de reglas, excepciones y protocolo: Contratos y documentos vigentes de consulta E1 — lote 1/1",3,1,E1 Desarrollo,E1,1.6.1.2.1,SD3 reparto E1; SD5 contratos; modelo UCP y conciliación de alcance 1.4–1.6,Ulysses Barreto,15,"Lote identificado de reglas, contratos, construcción, pruebas o documentación del componente; evidencia versionada, revisión independiente y trazabilidad al flujo UCP. No reconstruye identidad, canales ni adaptadores comunes.",componentes/paquetes_conciliacion_ucp.csv,15,0,0,0,0,0,0,0,0
1.6.1.2.4.2,Diseño de datos y restricciones del núcleo: Contratos y documentos vigentes de consulta E1 — lote 1/1,3,1,E1 Desarrollo,E1,1.6.1.2.1,SD3 reparto E1; SD5 contratos; modelo UCP y conciliación de alcance 1.4–1.6,Nicolás Torfan,15,"Lote identificado de reglas, contratos, construcción, pruebas o documentación del componente; evidencia versionada, revisión independiente y trazabilidad al flujo UCP. No reconstruye identidad, canales ni adaptadores comunes.",componentes/paquetes_conciliacion_ucp.csv,0,15,0,0,0,0,0,0,0
1.6.1.2.4.3,Diseño de contratos internos y composición: Contratos y documentos vigentes de consulta E1 — lote 1/1,3,1,E1 Desarrollo,E1,1.6.1.2.1,SD3 reparto E1; SD5 contratos; modelo UCP y conciliación de alcance 1.4–1.6,Fernando Guerrero,23,"Lote identificado de reglas, contratos, construcción, pruebas o documentación del componente; evidencia versionada, revisión independiente y trazabilidad al flujo UCP. No reconstruye identidad, canales ni adaptadores comunes.",componentes/paquetes_conciliacion_ucp.csv,0,0,0,0,0,23,0,0,0
1.6.1.2.5.1,Construcción funcional y pruebas unitarias: Contratos y documentos vigentes de consulta E1 — lote 1/1,8,1,E1 Desarrollo,E1,"1.6.1.2.2,1.6.1.2.4.1,1.6.1.2.4.2,1.6.1.2.4.3",SD3 reparto E1; SD5 contratos; modelo UCP y conciliación de alcance 1.4–1.6,Nikolai Navea,61,"Lote identificado de reglas, contratos, construcción, pruebas o documentación del componente; evidencia versionada, revisión independiente y trazabilidad al flujo UCP. No reconstruye identidad, canales ni adaptadores comunes.",componentes/paquetes_conciliacion_ucp.csv,0,0,0,0,61,0,0,0,0
1.6.1.2.6.1,"Verificación del núcleo, regresión y evidencia: Contratos y documentos vigentes de consulta E1 — lote 1/1",8,1,E1 Desarrollo,E1,"1.6.1.2.3,1.6.1.2.5.1",SD3 reparto E1; SD5 contratos; modelo UCP y conciliación de alcance 1.4–1.6,Davor Serey,45,"Lote identificado de reglas, contratos, construcción, pruebas o documentación del componente; evidencia versionada, revisión independiente y trazabilidad al flujo UCP. No reconstruye identidad, canales ni adaptadores comunes.",componentes/paquetes_conciliacion_ucp.csv,0,0,0,45,0,0,0,0,0
1.6.1.2.7.1,Coordinación y documentación del núcleo: Contratos y documentos vigentes de consulta E1 — lote 1/1,8,1,E1 Desarrollo,E1,1.6.1.2.6.1,SD3 reparto E1; SD5 contratos; modelo UCP y conciliación de alcance 1.4–1.6,Ignacio Silva,53,"Lote identificado de reglas, contratos, construcción, pruebas o documentación del componente; evidencia versionada, revisión independiente y trazabilidad al flujo UCP. No reconstruye identidad, canales ni adaptadores comunes.",componentes/paquetes_conciliacion_ucp.csv,0,0,0,0,0,0,0,0,53
1.6.1.3.4.1,"Análisis de reglas, excepciones y protocolo: Atención a visitas y asignación transitoria inicial — lote 1/1",3,1,E1 Desarrollo,E1,1.6.1.3.1,AMA/AUT; SD3 atención náutica; modelo UCP y conciliación de alcance 1.4–1.6,Ulysses Barreto,15,"Lote identificado de reglas, contratos, construcción, pruebas o documentación del componente; evidencia versionada, revisión independiente y trazabilidad al flujo UCP. No reconstruye identidad, canales ni adaptadores comunes.",componentes/paquetes_conciliacion_ucp.csv,15,0,0,0,0,0,0,0,0
1.6.1.3.4.2,Diseño de datos y restricciones del núcleo: Atención a visitas y asignación transitoria inicial — lote 1/1,3,1,E1 Desarrollo,E1,1.6.1.3.1,AMA/AUT; SD3 atención náutica; modelo UCP y conciliación de alcance 1.4–1.6,Nicolás Torfan,15,"Lote identificado de reglas, contratos, construcción, pruebas o documentación del componente; evidencia versionada, revisión independiente y trazabilidad al flujo UCP. No reconstruye identidad, canales ni adaptadores comunes.",componentes/paquetes_conciliacion_ucp.csv,0,15,0,0,0,0,0,0,0
1.6.1.3.4.3,Diseño de contratos internos y composición: Atención a visitas y asignación transitoria inicial — lote 1/1,3,1,E1 Desarrollo,E1,1.6.1.3.1,AMA/AUT; SD3 atención náutica; modelo UCP y conciliación de alcance 1.4–1.6,Fernando Guerrero,23,"Lote identificado de reglas, contratos, construcción, pruebas o documentación del componente; evidencia versionada, revisión independiente y trazabilidad al flujo UCP. No reconstruye identidad, canales ni adaptadores comunes.",componentes/paquetes_conciliacion_ucp.csv,0,0,0,0,0,23,0,0,0
1.6.1.3.5.1,Construcción funcional y pruebas unitarias: Atención a visitas y asignación transitoria inicial — lote 1/1,8,1,E1 Desarrollo,E1,"1.6.1.3.2,1.6.1.3.4.1,1.6.1.3.4.2,1.6.1.3.4.3",AMA/AUT; SD3 atención náutica; modelo UCP y conciliación de alcance 1.4–1.6,Nikolai Navea,61,"Lote identificado de reglas, contratos, construcción, pruebas o documentación del componente; evidencia versionada, revisión independiente y trazabilidad al flujo UCP. No reconstruye identidad, canales ni adaptadores comunes.",componentes/paquetes_conciliacion_ucp.csv,0,0,0,0,61,0,0,0,0
1.6.1.3.6.1,"Verificación del núcleo, regresión y evidencia: Atención a visitas y asignación transitoria inicial — lote 1/1",8,1,E1 Desarrollo,E1,"1.6.1.3.3,1.6.1.3.5.1",AMA/AUT; SD3 atención náutica; modelo UCP y conciliación de alcance 1.4–1.6,Davor Serey,45,"Lote identificado de reglas, contratos, construcción, pruebas o documentación del componente; evidencia versionada, revisión independiente y trazabilidad al flujo UCP. No reconstruye identidad, canales ni adaptadores comunes.",componentes/paquetes_conciliacion_ucp.csv,0,0,0,45,0,0,0,0,0
1.6.1.3.7.1,Coordinación y documentación del núcleo: Atención a visitas y asignación transitoria inicial — lote 1/1,8,1,E1 Desarrollo,E1,1.6.1.3.6.1,AMA/AUT; SD3 atención náutica; modelo UCP y conciliación de alcance 1.4–1.6,Ignacio Silva,53,"Lote identificado de reglas, contratos, construcción, pruebas o documentación del componente; evidencia versionada, revisión independiente y trazabilidad al flujo UCP. No reconstruye identidad, canales ni adaptadores comunes.",componentes/paquetes_conciliacion_ucp.csv,0,0,0,0,0,0,0,0,53
1.5.1.2.4.1,"Análisis de reglas, excepciones y protocolo: Agenda de varadero y posiciones compatibles — lote 1/1",13,1,E2 Desarrollo,E2,1.5.1.2.1,RF-VAR; 180 puestos SD3; modelo UCP y conciliación de alcance 1.4–1.6,Ulysses Barreto,16,"Lote identificado de reglas, contratos, construcción, pruebas o documentación del componente; evidencia versionada, revisión independiente y trazabilidad al flujo UCP. No reconstruye identidad, canales ni adaptadores comunes.",componentes/paquetes_conciliacion_ucp.csv,16,0,0,0,0,0,0,0,0
1.5.1.2.4.2,Diseño de datos y restricciones del núcleo: Agenda de varadero y posiciones compatibles — lote 1/1,13,1,E2 Desarrollo,E2,1.5.1.2.1,RF-VAR; 180 puestos SD3; modelo UCP y conciliación de alcance 1.4–1.6,Nicolás Torfan,16,"Lote identificado de reglas, contratos, construcción, pruebas o documentación del componente; evidencia versionada, revisión independiente y trazabilidad al flujo UCP. No reconstruye identidad, canales ni adaptadores comunes.",componentes/paquetes_conciliacion_ucp.csv,0,16,0,0,0,0,0,0,0
1.5.1.2.4.3,Diseño de contratos internos y composición: Agenda de varadero y posiciones compatibles — lote 1/1,13,1,E2 Desarrollo,E2,1.5.1.2.1,RF-VAR; 180 puestos SD3; modelo UCP y conciliación de alcance 1.4–1.6,Fernando Guerrero,23,"Lote identificado de reglas, contratos, construcción, pruebas o documentación del componente; evidencia versionada, revisión independiente y trazabilidad al flujo UCP. No reconstruye identidad, canales ni adaptadores comunes.",componentes/paquetes_conciliacion_ucp.csv,0,0,0,0,0,23,0,0,0
1.5.1.2.5.1,Construcción funcional y pruebas unitarias: Agenda de varadero y posiciones compatibles — lote 1/1,14,1,E2 Desarrollo,E2,"1.5.1.2.2,1.5.1.2.4.1,1.5.1.2.4.2,1.5.1.2.4.3",RF-VAR; 180 puestos SD3; modelo UCP y conciliación de alcance 1.4–1.6,Nikolai Navea,62,"Lote identificado de reglas, contratos, construcción, pruebas o documentación del componente; evidencia versionada, revisión independiente y trazabilidad al flujo UCP. No reconstruye identidad, canales ni adaptadores comunes.",componentes/paquetes_conciliacion_ucp.csv,0,0,0,0,62,0,0,0,0
1.5.1.2.6.1,"Verificación del núcleo, regresión y evidencia: Agenda de varadero y posiciones compatibles — lote 1/1",15,1,E2 Desarrollo,E2,"1.5.1.2.3,1.5.1.2.5.1",RF-VAR; 180 puestos SD3; modelo UCP y conciliación de alcance 1.4–1.6,Davor Serey,45,"Lote identificado de reglas, contratos, construcción, pruebas o documentación del componente; evidencia versionada, revisión independiente y trazabilidad al flujo UCP. No reconstruye identidad, canales ni adaptadores comunes.",componentes/paquetes_conciliacion_ucp.csv,0,0,0,45,0,0,0,0,0
1.5.1.2.7.1,Coordinación y documentación del núcleo: Agenda de varadero y posiciones compatibles — lote 1/1,15,1,E2 Desarrollo,E2,1.5.1.2.6.1,RF-VAR; 180 puestos SD3; modelo UCP y conciliación de alcance 1.4–1.6,Ignacio Silva,53,"Lote identificado de reglas, contratos, construcción, pruebas o documentación del componente; evidencia versionada, revisión independiente y trazabilidad al flujo UCP. No reconstruye identidad, canales ni adaptadores comunes.",componentes/paquetes_conciliacion_ucp.csv,0,0,0,0,0,0,0,0,53
1.5.1.3.4.1,"Análisis de reglas, excepciones y protocolo: Plan de izaje, validación y suspensión de faena — lote 1/1",13,1,E2 Desarrollo,E2,1.5.1.3.1,RF-VAR-04--08; DEC-12/13; RN-15/16; modelo UCP y conciliación de alcance 1.4–1.6,Ulysses Barreto,16,"Lote identificado de reglas, contratos, construcción, pruebas o documentación del componente; evidencia versionada, revisión independiente y trazabilidad al flujo UCP. No reconstruye identidad, canales ni adaptadores comunes.",componentes/paquetes_conciliacion_ucp.csv,16,0,0,0,0,0,0,0,0
1.5.1.3.4.2,"Diseño de datos y restricciones del núcleo: Plan de izaje, validación y suspensión de faena — lote 1/1",13,1,E2 Desarrollo,E2,1.5.1.3.1,RF-VAR-04--08; DEC-12/13; RN-15/16; modelo UCP y conciliación de alcance 1.4–1.6,Nicolás Torfan,16,"Lote identificado de reglas, contratos, construcción, pruebas o documentación del componente; evidencia versionada, revisión independiente y trazabilidad al flujo UCP. No reconstruye identidad, canales ni adaptadores comunes.",componentes/paquetes_conciliacion_ucp.csv,0,16,0,0,0,0,0,0,0
1.5.1.3.4.3,"Diseño de contratos internos y composición: Plan de izaje, validación y suspensión de faena — lote 1/1",13,1,E2 Desarrollo,E2,1.5.1.3.1,RF-VAR-04--08; DEC-12/13; RN-15/16; modelo UCP y conciliación de alcance 1.4–1.6,Fernando Guerrero,23,"Lote identificado de reglas, contratos, construcción, pruebas o documentación del componente; evidencia versionada, revisión independiente y trazabilidad al flujo UCP. No reconstruye identidad, canales ni adaptadores comunes.",componentes/paquetes_conciliacion_ucp.csv,0,0,0,0,0,23,0,0,0
1.5.1.3.5.1,"Construcción funcional y pruebas unitarias: Plan de izaje, validación y suspensión de faena — lote 1/1",14,1,E2 Desarrollo,E2,"1.5.1.3.2,1.5.1.3.4.1,1.5.1.3.4.2,1.5.1.3.4.3",RF-VAR-04--08; DEC-12/13; RN-15/16; modelo UCP y conciliación de alcance 1.4–1.6,Nikolai Navea,61,"Lote identificado de reglas, contratos, construcción, pruebas o documentación del componente; evidencia versionada, revisión independiente y trazabilidad al flujo UCP. No reconstruye identidad, canales ni adaptadores comunes.",componentes/paquetes_conciliacion_ucp.csv,0,0,0,0,61,0,0,0,0
1.5.1.3.6.1,"Verificación del núcleo, regresión y evidencia: Plan de izaje, validación y suspensión de faena — lote 1/1",15,1,E2 Desarrollo,E2,"1.5.1.3.3,1.5.1.3.5.1",RF-VAR-04--08; DEC-12/13; RN-15/16; modelo UCP y conciliación de alcance 1.4–1.6,Davor Serey,45,"Lote identificado de reglas, contratos, construcción, pruebas o documentación del componente; evidencia versionada, revisión independiente y trazabilidad al flujo UCP. No reconstruye identidad, canales ni adaptadores comunes.",componentes/paquetes_conciliacion_ucp.csv,0,0,0,45,0,0,0,0,0
1.5.1.3.7.1,"Coordinación y documentación del núcleo: Plan de izaje, validación y suspensión de faena — lote 1/1",15,1,E2 Desarrollo,E2,1.5.1.3.6.1,RF-VAR-04--08; DEC-12/13; RN-15/16; modelo UCP y conciliación de alcance 1.4–1.6,Ignacio Silva,53,"Lote identificado de reglas, contratos, construcción, pruebas o documentación del componente; evidencia versionada, revisión independiente y trazabilidad al flujo UCP. No reconstruye identidad, canales ni adaptadores comunes.",componentes/paquetes_conciliacion_ucp.csv,0,0,0,0,0,0,0,0,53
1.5.1.4.4.1,"Análisis de reglas, excepciones y protocolo: Órdenes, ejecución y reprogramación de trabajos — lote 1/1",13,1,E2 Desarrollo,E2,1.5.1.4.1,SD5 Varadero y contratistas; modelo UCP y conciliación de alcance 1.4–1.6,Ulysses Barreto,15,"Lote identificado de reglas, contratos, construcción, pruebas o documentación del componente; evidencia versionada, revisión independiente y trazabilidad al flujo UCP. No reconstruye identidad, canales ni adaptadores comunes.",componentes/paquetes_conciliacion_ucp.csv,15,0,0,0,0,0,0,0,0
1.5.1.4.4.2,"Diseño de datos y restricciones del núcleo: Órdenes, ejecución y reprogramación de trabajos — lote 1/1",13,1,E2 Desarrollo,E2,1.5.1.4.1,SD5 Varadero y contratistas; modelo UCP y conciliación de alcance 1.4–1.6,Nicolás Torfan,16,"Lote identificado de reglas, contratos, construcción, pruebas o documentación del componente; evidencia versionada, revisión independiente y trazabilidad al flujo UCP. No reconstruye identidad, canales ni adaptadores comunes.",componentes/paquetes_conciliacion_ucp.csv,0,16,0,0,0,0,0,0,0
1.5.1.4.4.3,"Diseño de contratos internos y composición: Órdenes, ejecución y reprogramación de trabajos — lote 1/1",13,1,E2 Desarrollo,E2,1.5.1.4.1,SD5 Varadero y contratistas; modelo UCP y conciliación de alcance 1.4–1.6,Fernando Guerrero,23,"Lote identificado de reglas, contratos, construcción, pruebas o documentación del componente; evidencia versionada, revisión independiente y trazabilidad al flujo UCP. No reconstruye identidad, canales ni adaptadores comunes.",componentes/paquetes_conciliacion_ucp.csv,0,0,0,0,0,23,0,0,0
1.5.1.4.5.1,"Construcción funcional y pruebas unitarias: Órdenes, ejecución y reprogramación de trabajos — lote 1/1",14,1,E2 Desarrollo,E2,"1.5.1.4.2,1.5.1.4.4.1,1.5.1.4.4.2,1.5.1.4.4.3",SD5 Varadero y contratistas; modelo UCP y conciliación de alcance 1.4–1.6,Nikolai Navea,61,"Lote identificado de reglas, contratos, construcción, pruebas o documentación del componente; evidencia versionada, revisión independiente y trazabilidad al flujo UCP. No reconstruye identidad, canales ni adaptadores comunes.",componentes/paquetes_conciliacion_ucp.csv,0,0,0,0,61,0,0,0,0
1.5.1.4.6.1,"Verificación del núcleo, regresión y evidencia: Órdenes, ejecución y reprogramación de trabajos — lote 1/1",15,1,E2 Desarrollo,E2,"1.5.1.4.3,1.5.1.4.5.1",SD5 Varadero y contratistas; modelo UCP y conciliación de alcance 1.4–1.6,Davor Serey,45,"Lote identificado de reglas, contratos, construcción, pruebas o documentación del componente; evidencia versionada, revisión independiente y trazabilidad al flujo UCP. No reconstruye identidad, canales ni adaptadores comunes.",componentes/paquetes_conciliacion_ucp.csv,0,0,0,45,0,0,0,0,0
1.5.1.4.7.1,"Coordinación y documentación del núcleo: Órdenes, ejecución y reprogramación de trabajos — lote 1/1",15,1,E2 Desarrollo,E2,1.5.1.4.6.1,SD5 Varadero y contratistas; modelo UCP y conciliación de alcance 1.4–1.6,Ignacio Silva,53,"Lote identificado de reglas, contratos, construcción, pruebas o documentación del componente; evidencia versionada, revisión independiente y trazabilidad al flujo UCP. No reconstruye identidad, canales ni adaptadores comunes.",componentes/paquetes_conciliacion_ucp.csv,0,0,0,0,0,0,0,0,53
1.5.1.5.4.1,"Análisis de reglas, excepciones y protocolo: Acreditación, inducción y acceso a intervención — lote 1/1",13,1,E2 Desarrollo,E2,1.5.1.5.1,RF-CTR; SD3 contratistas/portería; modelo UCP y conciliación de alcance 1.4–1.6,Ulysses Barreto,15,"Lote identificado de reglas, contratos, construcción, pruebas o documentación del componente; evidencia versionada, revisión independiente y trazabilidad al flujo UCP. No reconstruye identidad, canales ni adaptadores comunes.",componentes/paquetes_conciliacion_ucp.csv,15,0,0,0,0,0,0,0,0
1.5.1.5.4.2,"Diseño de datos y restricciones del núcleo: Acreditación, inducción y acceso a intervención — lote 1/1",13,1,E2 Desarrollo,E2,1.5.1.5.1,RF-CTR; SD3 contratistas/portería; modelo UCP y conciliación de alcance 1.4–1.6,Nicolás Torfan,16,"Lote identificado de reglas, contratos, construcción, pruebas o documentación del componente; evidencia versionada, revisión independiente y trazabilidad al flujo UCP. No reconstruye identidad, canales ni adaptadores comunes.",componentes/paquetes_conciliacion_ucp.csv,0,16,0,0,0,0,0,0,0
1.5.1.5.4.3,"Diseño de contratos internos y composición: Acreditación, inducción y acceso a intervención — lote 1/1",13,1,E2 Desarrollo,E2,1.5.1.5.1,RF-CTR; SD3 contratistas/portería; modelo UCP y conciliación de alcance 1.4–1.6,Fernando Guerrero,23,"Lote identificado de reglas, contratos, construcción, pruebas o documentación del componente; evidencia versionada, revisión independiente y trazabilidad al flujo UCP. No reconstruye identidad, canales ni adaptadores comunes.",componentes/paquetes_conciliacion_ucp.csv,0,0,0,0,0,23,0,0,0
1.5.1.5.5.1,"Construcción funcional y pruebas unitarias: Acreditación, inducción y acceso a intervención — lote 1/1",14,1,E2 Desarrollo,E2,"1.5.1.5.2,1.5.1.5.4.1,1.5.1.5.4.2,1.5.1.5.4.3",RF-CTR; SD3 contratistas/portería; modelo UCP y conciliación de alcance 1.4–1.6,Nikolai Navea,61,"Lote identificado de reglas, contratos, construcción, pruebas o documentación del componente; evidencia versionada, revisión independiente y trazabilidad al flujo UCP. No reconstruye identidad, canales ni adaptadores comunes.",componentes/paquetes_conciliacion_ucp.csv,0,0,0,0,61,0,0,0,0
1.5.1.5.6.1,"Verificación del núcleo, regresión y evidencia: Acreditación, inducción y acceso a intervención — lote 1/1",15,1,E2 Desarrollo,E2,"1.5.1.5.3,1.5.1.5.5.1",RF-CTR; SD3 contratistas/portería; modelo UCP y conciliación de alcance 1.4–1.6,Davor Serey,45,"Lote identificado de reglas, contratos, construcción, pruebas o documentación del componente; evidencia versionada, revisión independiente y trazabilidad al flujo UCP. No reconstruye identidad, canales ni adaptadores comunes.",componentes/paquetes_conciliacion_ucp.csv,0,0,0,45,0,0,0,0,0
1.5.1.5.7.1,"Coordinación y documentación del núcleo: Acreditación, inducción y acceso a intervención — lote 1/1",15,1,E2 Desarrollo,E2,1.5.1.5.6.1,RF-CTR; SD3 contratistas/portería; modelo UCP y conciliación de alcance 1.4–1.6,Ignacio Silva,53,"Lote identificado de reglas, contratos, construcción, pruebas o documentación del componente; evidencia versionada, revisión independiente y trazabilidad al flujo UCP. No reconstruye identidad, canales ni adaptadores comunes.",componentes/paquetes_conciliacion_ucp.csv,0,0,0,0,0,0,0,0,53
1.5.3.3.4.1,"Análisis de reglas, excepciones y protocolo: Recepción de residuos y discrepancias de origen — lote 1/1",13,1,E2 Desarrollo,E2,1.5.3.3.1,AMB; RN-19--21; SD5 residuos; modelo UCP y conciliación de alcance 1.4–1.6,Ulysses Barreto,15,"Lote identificado de reglas, contratos, construcción, pruebas o documentación del componente; evidencia versionada, revisión independiente y trazabilidad al flujo UCP. No reconstruye identidad, canales ni adaptadores comunes.",componentes/paquetes_conciliacion_ucp.csv,15,0,0,0,0,0,0,0,0
1.5.3.3.4.2,Diseño de datos y restricciones del núcleo: Recepción de residuos y discrepancias de origen — lote 1/1,13,1,E2 Desarrollo,E2,1.5.3.3.1,AMB; RN-19--21; SD5 residuos; modelo UCP y conciliación de alcance 1.4–1.6,Nicolás Torfan,16,"Lote identificado de reglas, contratos, construcción, pruebas o documentación del componente; evidencia versionada, revisión independiente y trazabilidad al flujo UCP. No reconstruye identidad, canales ni adaptadores comunes.",componentes/paquetes_conciliacion_ucp.csv,0,16,0,0,0,0,0,0,0
1.5.3.3.4.3,Diseño de contratos internos y composición: Recepción de residuos y discrepancias de origen — lote 1/1,13,1,E2 Desarrollo,E2,1.5.3.3.1,AMB; RN-19--21; SD5 residuos; modelo UCP y conciliación de alcance 1.4–1.6,Fernando Guerrero,23,"Lote identificado de reglas, contratos, construcción, pruebas o documentación del componente; evidencia versionada, revisión independiente y trazabilidad al flujo UCP. No reconstruye identidad, canales ni adaptadores comunes.",componentes/paquetes_conciliacion_ucp.csv,0,0,0,0,0,23,0,0,0
1.5.3.3.5.1,Construcción funcional y pruebas unitarias: Recepción de residuos y discrepancias de origen — lote 1/1,14,1,E2 Desarrollo,E2,"1.5.3.3.2,1.5.3.3.4.1,1.5.3.3.4.2,1.5.3.3.4.3",AMB; RN-19--21; SD5 residuos; modelo UCP y conciliación de alcance 1.4–1.6,Nikolai Navea,61,"Lote identificado de reglas, contratos, construcción, pruebas o documentación del componente; evidencia versionada, revisión independiente y trazabilidad al flujo UCP. No reconstruye identidad, canales ni adaptadores comunes.",componentes/paquetes_conciliacion_ucp.csv,0,0,0,0,61,0,0,0,0
1.5.3.3.6.1,"Verificación del núcleo, regresión y evidencia: Recepción de residuos y discrepancias de origen — lote 1/1",15,1,E2 Desarrollo,E2,"1.5.3.3.3,1.5.3.3.5.1",AMB; RN-19--21; SD5 residuos; modelo UCP y conciliación de alcance 1.4–1.6,Davor Serey,45,"Lote identificado de reglas, contratos, construcción, pruebas o documentación del componente; evidencia versionada, revisión independiente y trazabilidad al flujo UCP. No reconstruye identidad, canales ni adaptadores comunes.",componentes/paquetes_conciliacion_ucp.csv,0,0,0,45,0,0,0,0,0
1.5.3.3.7.1,Coordinación y documentación del núcleo: Recepción de residuos y discrepancias de origen — lote 1/1,15,1,E2 Desarrollo,E2,1.5.3.3.6.1,AMB; RN-19--21; SD5 residuos; modelo UCP y conciliación de alcance 1.4–1.6,Ignacio Silva,53,"Lote identificado de reglas, contratos, construcción, pruebas o documentación del componente; evidencia versionada, revisión independiente y trazabilidad al flujo UCP. No reconstruye identidad, canales ni adaptadores comunes.",componentes/paquetes_conciliacion_ucp.csv,0,0,0,0,0,0,0,0,53
1.5.3.4.4.1,"Análisis de reglas, excepciones y protocolo: Entregas RESPEL parciales y certificados vinculados — lote 1/1",13,1,E2 Desarrollo,E2,1.5.3.4.1,AMB; SD5 Entrega a gestor; modelo UCP y conciliación de alcance 1.4–1.6,Ulysses Barreto,51,"Lote identificado de reglas, contratos, construcción, pruebas o documentación del componente; evidencia versionada, revisión independiente y trazabilidad al flujo UCP. No reconstruye identidad, canales ni adaptadores comunes.",componentes/paquetes_conciliacion_ucp.csv,51,0,0,0,0,0,0,0,0
1.5.3.4.4.2,Diseño de datos y restricciones del núcleo: Entregas RESPEL parciales y certificados vinculados — lote 1/1,13,1,E2 Desarrollo,E2,1.5.3.4.1,AMB; SD5 Entrega a gestor; modelo UCP y conciliación de alcance 1.4–1.6,Nicolás Torfan,44,"Lote identificado de reglas, contratos, construcción, pruebas o documentación del componente; evidencia versionada, revisión independiente y trazabilidad al flujo UCP. No reconstruye identidad, canales ni adaptadores comunes.",componentes/paquetes_conciliacion_ucp.csv,0,44,0,0,0,0,0,0,0
1.5.3.4.4.3,Diseño de contratos internos y composición: Entregas RESPEL parciales y certificados vinculados — lote 1/2,13,1,E2 Desarrollo,E2,1.5.3.4.1,AMB; SD5 Entrega a gestor; modelo UCP y conciliación de alcance 1.4–1.6,Fernando Guerrero,33,"Lote identificado de reglas, contratos, construcción, pruebas o documentación del componente; evidencia versionada, revisión independiente y trazabilidad al flujo UCP. No reconstruye identidad, canales ni adaptadores comunes.",componentes/paquetes_conciliacion_ucp.csv,0,0,0,0,0,33,0,0,0
1.5.3.4.4.4,Diseño de contratos internos y composición: Entregas RESPEL parciales y certificados vinculados — lote 2/2,13,1,E2 Desarrollo,E2,1.5.3.4.1,AMB; SD5 Entrega a gestor; modelo UCP y conciliación de alcance 1.4–1.6,Fernando Guerrero,32,"Lote identificado de reglas, contratos, construcción, pruebas o documentación del componente; evidencia versionada, revisión independiente y trazabilidad al flujo UCP. No reconstruye identidad, canales ni adaptadores comunes.",componentes/paquetes_conciliacion_ucp.csv,0,0,0,0,0,32,0,0,0
1.5.3.4.5.1,Construcción funcional y pruebas unitarias: Entregas RESPEL parciales y certificados vinculados — lote 1/4,14,1,E2 Desarrollo,E2,"1.5.3.4.2,1.5.3.4.4.1,1.5.3.4.4.2,1.5.3.4.4.3,1.5.3.4.4.4",AMB; SD5 Entrega a gestor; modelo UCP y conciliación de alcance 1.4–1.6,Nikolai Navea,51,"Lote identificado de reglas, contratos, construcción, pruebas o documentación del componente; evidencia versionada, revisión independiente y trazabilidad al flujo UCP. No reconstruye identidad, canales ni adaptadores comunes.",componentes/paquetes_conciliacion_ucp.csv,0,0,0,0,51,0,0,0,0
1.5.3.4.5.2,Construcción funcional y pruebas unitarias: Entregas RESPEL parciales y certificados vinculados — lote 2/4,14,1,E2 Desarrollo,E2,"1.5.3.4.2,1.5.3.4.4.1,1.5.3.4.4.2,1.5.3.4.4.3,1.5.3.4.4.4",AMB; SD5 Entrega a gestor; modelo UCP y conciliación de alcance 1.4–1.6,Nikolai Navea,51,"Lote identificado de reglas, contratos, construcción, pruebas o documentación del componente; evidencia versionada, revisión independiente y trazabilidad al flujo UCP. No reconstruye identidad, canales ni adaptadores comunes.",componentes/paquetes_conciliacion_ucp.csv,0,0,0,0,51,0,0,0,0
1.5.3.4.5.3,Construcción funcional y pruebas unitarias: Entregas RESPEL parciales y certificados vinculados — lote 3/4,14,1,E2 Desarrollo,E2,"1.5.3.4.2,1.5.3.4.4.1,1.5.3.4.4.2,1.5.3.4.4.3,1.5.3.4.4.4",AMB; SD5 Entrega a gestor; modelo UCP y conciliación de alcance 1.4–1.6,Nikolai Navea,51,"Lote identificado de reglas, contratos, construcción, pruebas o documentación del componente; evidencia versionada, revisión independiente y trazabilidad al flujo UCP. No reconstruye identidad, canales ni adaptadores comunes.",componentes/paquetes_conciliacion_ucp.csv,0,0,0,0,51,0,0,0,0
1.5.3.4.5.4,Construcción funcional y pruebas unitarias: Entregas RESPEL parciales y certificados vinculados — lote 4/4,14,1,E2 Desarrollo,E2,"1.5.3.4.2,1.5.3.4.4.1,1.5.3.4.4.2,1.5.3.4.4.3,1.5.3.4.4.4",AMB; SD5 Entrega a gestor; modelo UCP y conciliación de alcance 1.4–1.6,Nikolai Navea,50,"Lote identificado de reglas, contratos, construcción, pruebas o documentación del componente; evidencia versionada, revisión independiente y trazabilidad al flujo UCP. No reconstruye identidad, canales ni adaptadores comunes.",componentes/paquetes_conciliacion_ucp.csv,0,0,0,0,50,0,0,0,0
1.5.3.4.6.1,"Verificación del núcleo, regresión y evidencia: Entregas RESPEL parciales y certificados vinculados — lote 1/2",15,1,E2 Desarrollo,E2,"1.5.3.4.3,1.5.3.4.5.1,1.5.3.4.5.2,1.5.3.4.5.3,1.5.3.4.5.4",AMB; SD5 Entrega a gestor; modelo UCP y conciliación de alcance 1.4–1.6,Davor Serey,49,"Lote identificado de reglas, contratos, construcción, pruebas o documentación del componente; evidencia versionada, revisión independiente y trazabilidad al flujo UCP. No reconstruye identidad, canales ni adaptadores comunes.",componentes/paquetes_conciliacion_ucp.csv,0,0,0,49,0,0,0,0,0
1.5.3.4.6.2,"Verificación del núcleo, regresión y evidencia: Entregas RESPEL parciales y certificados vinculados — lote 2/2",15,1,E2 Desarrollo,E2,"1.5.3.4.3,1.5.3.4.5.1,1.5.3.4.5.2,1.5.3.4.5.3,1.5.3.4.5.4",AMB; SD5 Entrega a gestor; modelo UCP y conciliación de alcance 1.4–1.6,Davor Serey,49,"Lote identificado de reglas, contratos, construcción, pruebas o documentación del componente; evidencia versionada, revisión independiente y trazabilidad al flujo UCP. No reconstruye identidad, canales ni adaptadores comunes.",componentes/paquetes_conciliacion_ucp.csv,0,0,0,49,0,0,0,0,0
1.5.3.4.7.1,Coordinación y documentación del núcleo: Entregas RESPEL parciales y certificados vinculados — lote 1/2,15,1,E2 Desarrollo,E2,"1.5.3.4.6.1,1.5.3.4.6.2",AMB; SD5 Entrega a gestor; modelo UCP y conciliación de alcance 1.4–1.6,Ignacio Silva,53,"Lote identificado de reglas, contratos, construcción, pruebas o documentación del componente; evidencia versionada, revisión independiente y trazabilidad al flujo UCP. No reconstruye identidad, canales ni adaptadores comunes.",componentes/paquetes_conciliacion_ucp.csv,0,0,0,0,0,0,0,0,53
1.5.3.4.7.2,Coordinación y documentación del núcleo: Entregas RESPEL parciales y certificados vinculados — lote 2/2,15,1,E2 Desarrollo,E2,"1.5.3.4.6.1,1.5.3.4.6.2",AMB; SD5 Entrega a gestor; modelo UCP y conciliación de alcance 1.4–1.6,Ignacio Silva,53,"Lote identificado de reglas, contratos, construcción, pruebas o documentación del componente; evidencia versionada, revisión independiente y trazabilidad al flujo UCP. No reconstruye identidad, canales ni adaptadores comunes.",componentes/paquetes_conciliacion_ucp.csv,0,0,0,0,0,0,0,0,53
1.5.3.5.4.1,"Análisis de reglas, excepciones y protocolo: Indicadores ambientales e imputación comercial de consumo — lote 1/1",13,1,E2 Desarrollo,E2,1.5.3.5.1,CA-18/19; SD5 MediciónConsolidada; modelo UCP y conciliación de alcance 1.4–1.6,Ulysses Barreto,15,"Lote identificado de reglas, contratos, construcción, pruebas o documentación del componente; evidencia versionada, revisión independiente y trazabilidad al flujo UCP. No reconstruye identidad, canales ni adaptadores comunes.",componentes/paquetes_conciliacion_ucp.csv,15,0,0,0,0,0,0,0,0
1.5.3.5.4.2,Diseño de datos y restricciones del núcleo: Indicadores ambientales e imputación comercial de consumo — lote 1/1,13,1,E2 Desarrollo,E2,1.5.3.5.1,CA-18/19; SD5 MediciónConsolidada; modelo UCP y conciliación de alcance 1.4–1.6,Nicolás Torfan,16,"Lote identificado de reglas, contratos, construcción, pruebas o documentación del componente; evidencia versionada, revisión independiente y trazabilidad al flujo UCP. No reconstruye identidad, canales ni adaptadores comunes.",componentes/paquetes_conciliacion_ucp.csv,0,16,0,0,0,0,0,0,0
1.5.3.5.4.3,Diseño de contratos internos y composición: Indicadores ambientales e imputación comercial de consumo — lote 1/1,13,1,E2 Desarrollo,E2,1.5.3.5.1,CA-18/19; SD5 MediciónConsolidada; modelo UCP y conciliación de alcance 1.4–1.6,Fernando Guerrero,23,"Lote identificado de reglas, contratos, construcción, pruebas o documentación del componente; evidencia versionada, revisión independiente y trazabilidad al flujo UCP. No reconstruye identidad, canales ni adaptadores comunes.",componentes/paquetes_conciliacion_ucp.csv,0,0,0,0,0,23,0,0,0
1.5.3.5.5.1,Construcción funcional y pruebas unitarias: Indicadores ambientales e imputación comercial de consumo — lote 1/1,14,1,E2 Desarrollo,E2,"1.5.3.5.2,1.5.3.5.4.1,1.5.3.5.4.2,1.5.3.5.4.3",CA-18/19; SD5 MediciónConsolidada; modelo UCP y conciliación de alcance 1.4–1.6,Nikolai Navea,61,"Lote identificado de reglas, contratos, construcción, pruebas o documentación del componente; evidencia versionada, revisión independiente y trazabilidad al flujo UCP. No reconstruye identidad, canales ni adaptadores comunes.",componentes/paquetes_conciliacion_ucp.csv,0,0,0,0,61,0,0,0,0
1.5.3.5.6.1,"Verificación del núcleo, regresión y evidencia: Indicadores ambientales e imputación comercial de consumo — lote 1/1",15,1,E2 Desarrollo,E2,"1.5.3.5.3,1.5.3.5.5.1",CA-18/19; SD5 MediciónConsolidada; modelo UCP y conciliación de alcance 1.4–1.6,Davor Serey,45,"Lote identificado de reglas, contratos, construcción, pruebas o documentación del componente; evidencia versionada, revisión independiente y trazabilidad al flujo UCP. No reconstruye identidad, canales ni adaptadores comunes.",componentes/paquetes_conciliacion_ucp.csv,0,0,0,45,0,0,0,0,0
1.5.3.5.7.1,Coordinación y documentación del núcleo: Indicadores ambientales e imputación comercial de consumo — lote 1/1,15,1,E2 Desarrollo,E2,1.5.3.5.6.1,CA-18/19; SD5 MediciónConsolidada; modelo UCP y conciliación de alcance 1.4–1.6,Ignacio Silva,53,"Lote identificado de reglas, contratos, construcción, pruebas o documentación del componente; evidencia versionada, revisión independiente y trazabilidad al flujo UCP. No reconstruye identidad, canales ni adaptadores comunes.",componentes/paquetes_conciliacion_ucp.csv,0,0,0,0,0,0,0,0,53
1.6.1.4.4.1,"Análisis de reglas, excepciones y protocolo: Espera y gestión contractual completa — lote 1/1",13,1,E2 Desarrollo,E2,1.6.1.4.1,AMA/ADM; SD3 reparto E2; modelo UCP y conciliación de alcance 1.4–1.6,Ulysses Barreto,51,"Lote identificado de reglas, contratos, construcción, pruebas o documentación del componente; evidencia versionada, revisión independiente y trazabilidad al flujo UCP. No reconstruye identidad, canales ni adaptadores comunes.",componentes/paquetes_conciliacion_ucp.csv,51,0,0,0,0,0,0,0,0
1.6.1.4.4.2,Diseño de datos y restricciones del núcleo: Espera y gestión contractual completa — lote 1/1,13,1,E2 Desarrollo,E2,1.6.1.4.1,AMA/ADM; SD3 reparto E2; modelo UCP y conciliación de alcance 1.4–1.6,Nicolás Torfan,44,"Lote identificado de reglas, contratos, construcción, pruebas o documentación del componente; evidencia versionada, revisión independiente y trazabilidad al flujo UCP. No reconstruye identidad, canales ni adaptadores comunes.",componentes/paquetes_conciliacion_ucp.csv,0,44,0,0,0,0,0,0,0
1.6.1.4.4.3,Diseño de contratos internos y composición: Espera y gestión contractual completa — lote 1/2,13,1,E2 Desarrollo,E2,1.6.1.4.1,AMA/ADM; SD3 reparto E2; modelo UCP y conciliación de alcance 1.4–1.6,Fernando Guerrero,33,"Lote identificado de reglas, contratos, construcción, pruebas o documentación del componente; evidencia versionada, revisión independiente y trazabilidad al flujo UCP. No reconstruye identidad, canales ni adaptadores comunes.",componentes/paquetes_conciliacion_ucp.csv,0,0,0,0,0,33,0,0,0
1.6.1.4.4.4,Diseño de contratos internos y composición: Espera y gestión contractual completa — lote 2/2,13,1,E2 Desarrollo,E2,1.6.1.4.1,AMA/ADM; SD3 reparto E2; modelo UCP y conciliación de alcance 1.4–1.6,Fernando Guerrero,32,"Lote identificado de reglas, contratos, construcción, pruebas o documentación del componente; evidencia versionada, revisión independiente y trazabilidad al flujo UCP. No reconstruye identidad, canales ni adaptadores comunes.",componentes/paquetes_conciliacion_ucp.csv,0,0,0,0,0,32,0,0,0
1.6.1.4.5.1,Construcción funcional y pruebas unitarias: Espera y gestión contractual completa — lote 1/4,14,1,E2 Desarrollo,E2,"1.6.1.4.2,1.6.1.4.4.1,1.6.1.4.4.2,1.6.1.4.4.3,1.6.1.4.4.4",AMA/ADM; SD3 reparto E2; modelo UCP y conciliación de alcance 1.4–1.6,Nikolai Navea,51,"Lote identificado de reglas, contratos, construcción, pruebas o documentación del componente; evidencia versionada, revisión independiente y trazabilidad al flujo UCP. No reconstruye identidad, canales ni adaptadores comunes.",componentes/paquetes_conciliacion_ucp.csv,0,0,0,0,51,0,0,0,0
1.6.1.4.5.2,Construcción funcional y pruebas unitarias: Espera y gestión contractual completa — lote 2/4,14,1,E2 Desarrollo,E2,"1.6.1.4.2,1.6.1.4.4.1,1.6.1.4.4.2,1.6.1.4.4.3,1.6.1.4.4.4",AMA/ADM; SD3 reparto E2; modelo UCP y conciliación de alcance 1.4–1.6,Nikolai Navea,51,"Lote identificado de reglas, contratos, construcción, pruebas o documentación del componente; evidencia versionada, revisión independiente y trazabilidad al flujo UCP. No reconstruye identidad, canales ni adaptadores comunes.",componentes/paquetes_conciliacion_ucp.csv,0,0,0,0,51,0,0,0,0
1.6.1.4.5.3,Construcción funcional y pruebas unitarias: Espera y gestión contractual completa — lote 3/4,14,1,E2 Desarrollo,E2,"1.6.1.4.2,1.6.1.4.4.1,1.6.1.4.4.2,1.6.1.4.4.3,1.6.1.4.4.4",AMA/ADM; SD3 reparto E2; modelo UCP y conciliación de alcance 1.4–1.6,Nikolai Navea,51,"Lote identificado de reglas, contratos, construcción, pruebas o documentación del componente; evidencia versionada, revisión independiente y trazabilidad al flujo UCP. No reconstruye identidad, canales ni adaptadores comunes.",componentes/paquetes_conciliacion_ucp.csv,0,0,0,0,51,0,0,0,0
1.6.1.4.5.4,Construcción funcional y pruebas unitarias: Espera y gestión contractual completa — lote 4/4,14,1,E2 Desarrollo,E2,"1.6.1.4.2,1.6.1.4.4.1,1.6.1.4.4.2,1.6.1.4.4.3,1.6.1.4.4.4",AMA/ADM; SD3 reparto E2; modelo UCP y conciliación de alcance 1.4–1.6,Nikolai Navea,50,"Lote identificado de reglas, contratos, construcción, pruebas o documentación del componente; evidencia versionada, revisión independiente y trazabilidad al flujo UCP. No reconstruye identidad, canales ni adaptadores comunes.",componentes/paquetes_conciliacion_ucp.csv,0,0,0,0,50,0,0,0,0
1.6.1.4.6.1,"Verificación del núcleo, regresión y evidencia: Espera y gestión contractual completa — lote 1/2",15,1,E2 Desarrollo,E2,"1.6.1.4.3,1.6.1.4.5.1,1.6.1.4.5.2,1.6.1.4.5.3,1.6.1.4.5.4",AMA/ADM; SD3 reparto E2; modelo UCP y conciliación de alcance 1.4–1.6,Davor Serey,49,"Lote identificado de reglas, contratos, construcción, pruebas o documentación del componente; evidencia versionada, revisión independiente y trazabilidad al flujo UCP. No reconstruye identidad, canales ni adaptadores comunes.",componentes/paquetes_conciliacion_ucp.csv,0,0,0,49,0,0,0,0,0
1.6.1.4.6.2,"Verificación del núcleo, regresión y evidencia: Espera y gestión contractual completa — lote 2/2",15,1,E2 Desarrollo,E2,"1.6.1.4.3,1.6.1.4.5.1,1.6.1.4.5.2,1.6.1.4.5.3,1.6.1.4.5.4",AMA/ADM; SD3 reparto E2; modelo UCP y conciliación de alcance 1.4–1.6,Davor Serey,48,"Lote identificado de reglas, contratos, construcción, pruebas o documentación del componente; evidencia versionada, revisión independiente y trazabilidad al flujo UCP. No reconstruye identidad, canales ni adaptadores comunes.",componentes/paquetes_conciliacion_ucp.csv,0,0,0,48,0,0,0,0,0
1.6.1.4.7.1,Coordinación y documentación del núcleo: Espera y gestión contractual completa — lote 1/2,15,1,E2 Desarrollo,E2,"1.6.1.4.6.1,1.6.1.4.6.2",AMA/ADM; SD3 reparto E2; modelo UCP y conciliación de alcance 1.4–1.6,Ignacio Silva,53,"Lote identificado de reglas, contratos, construcción, pruebas o documentación del componente; evidencia versionada, revisión independiente y trazabilidad al flujo UCP. No reconstruye identidad, canales ni adaptadores comunes.",componentes/paquetes_conciliacion_ucp.csv,0,0,0,0,0,0,0,0,53
1.6.1.4.7.2,Coordinación y documentación del núcleo: Espera y gestión contractual completa — lote 2/2,15,1,E2 Desarrollo,E2,"1.6.1.4.6.1,1.6.1.4.6.2",AMA/ADM; SD3 reparto E2; modelo UCP y conciliación de alcance 1.4–1.6,Ignacio Silva,53,"Lote identificado de reglas, contratos, construcción, pruebas o documentación del componente; evidencia versionada, revisión independiente y trazabilidad al flujo UCP. No reconstruye identidad, canales ni adaptadores comunes.",componentes/paquetes_conciliacion_ucp.csv,0,0,0,0,0,0,0,0,53
1.6.2.1.4.1,"Análisis de reglas, excepciones y protocolo: Hechos facturables, tarifas y lotes de envío — lote 1/1",13,1,E2 Desarrollo,E2,1.6.2.1.1,FAC; SD5 Finanzas y cobranza; modelo UCP y conciliación de alcance 1.4–1.6,Ulysses Barreto,15,"Lote identificado de reglas, contratos, construcción, pruebas o documentación del componente; evidencia versionada, revisión independiente y trazabilidad al flujo UCP. No reconstruye identidad, canales ni adaptadores comunes.",componentes/paquetes_conciliacion_ucp.csv,15,0,0,0,0,0,0,0,0
1.6.2.1.4.2,"Diseño de datos y restricciones del núcleo: Hechos facturables, tarifas y lotes de envío — lote 1/1",13,1,E2 Desarrollo,E2,1.6.2.1.1,FAC; SD5 Finanzas y cobranza; modelo UCP y conciliación de alcance 1.4–1.6,Nicolás Torfan,15,"Lote identificado de reglas, contratos, construcción, pruebas o documentación del componente; evidencia versionada, revisión independiente y trazabilidad al flujo UCP. No reconstruye identidad, canales ni adaptadores comunes.",componentes/paquetes_conciliacion_ucp.csv,0,15,0,0,0,0,0,0,0
1.6.2.1.4.3,"Diseño de contratos internos y composición: Hechos facturables, tarifas y lotes de envío — lote 1/1",13,1,E2 Desarrollo,E2,1.6.2.1.1,FAC; SD5 Finanzas y cobranza; modelo UCP y conciliación de alcance 1.4–1.6,Fernando Guerrero,23,"Lote identificado de reglas, contratos, construcción, pruebas o documentación del componente; evidencia versionada, revisión independiente y trazabilidad al flujo UCP. No reconstruye identidad, canales ni adaptadores comunes.",componentes/paquetes_conciliacion_ucp.csv,0,0,0,0,0,23,0,0,0
1.6.2.1.5.1,"Construcción funcional y pruebas unitarias: Hechos facturables, tarifas y lotes de envío — lote 1/1",14,1,E2 Desarrollo,E2,"1.6.2.1.2,1.6.2.1.4.1,1.6.2.1.4.2,1.6.2.1.4.3",FAC; SD5 Finanzas y cobranza; modelo UCP y conciliación de alcance 1.4–1.6,Nikolai Navea,61,"Lote identificado de reglas, contratos, construcción, pruebas o documentación del componente; evidencia versionada, revisión independiente y trazabilidad al flujo UCP. No reconstruye identidad, canales ni adaptadores comunes.",componentes/paquetes_conciliacion_ucp.csv,0,0,0,0,61,0,0,0,0
1.6.2.1.6.1,"Verificación del núcleo, regresión y evidencia: Hechos facturables, tarifas y lotes de envío — lote 1/1",15,1,E2 Desarrollo,E2,"1.6.2.1.3,1.6.2.1.5.1",FAC; SD5 Finanzas y cobranza; modelo UCP y conciliación de alcance 1.4–1.6,Davor Serey,45,"Lote identificado de reglas, contratos, construcción, pruebas o documentación del componente; evidencia versionada, revisión independiente y trazabilidad al flujo UCP. No reconstruye identidad, canales ni adaptadores comunes.",componentes/paquetes_conciliacion_ucp.csv,0,0,0,45,0,0,0,0,0
1.6.2.1.7.1,"Coordinación y documentación del núcleo: Hechos facturables, tarifas y lotes de envío — lote 1/1",15,1,E2 Desarrollo,E2,1.6.2.1.6.1,FAC; SD5 Finanzas y cobranza; modelo UCP y conciliación de alcance 1.4–1.6,Ignacio Silva,53,"Lote identificado de reglas, contratos, construcción, pruebas o documentación del componente; evidencia versionada, revisión independiente y trazabilidad al flujo UCP. No reconstruye identidad, canales ni adaptadores comunes.",componentes/paquetes_conciliacion_ucp.csv,0,0,0,0,0,0,0,0,53
1.6.2.2.4.1,"Análisis de reglas, excepciones y protocolo: Respuesta contable, pagos y saldos informados — lote 1/1",13,1,E2 Desarrollo,E2,1.6.2.2.1,FAC; SD5 autoridad externa; modelo UCP y conciliación de alcance 1.4–1.6,Ulysses Barreto,15,"Lote identificado de reglas, contratos, construcción, pruebas o documentación del componente; evidencia versionada, revisión independiente y trazabilidad al flujo UCP. No reconstruye identidad, canales ni adaptadores comunes.",componentes/paquetes_conciliacion_ucp.csv,15,0,0,0,0,0,0,0,0
1.6.2.2.4.2,"Diseño de datos y restricciones del núcleo: Respuesta contable, pagos y saldos informados — lote 1/1",13,1,E2 Desarrollo,E2,1.6.2.2.1,FAC; SD5 autoridad externa; modelo UCP y conciliación de alcance 1.4–1.6,Nicolás Torfan,15,"Lote identificado de reglas, contratos, construcción, pruebas o documentación del componente; evidencia versionada, revisión independiente y trazabilidad al flujo UCP. No reconstruye identidad, canales ni adaptadores comunes.",componentes/paquetes_conciliacion_ucp.csv,0,15,0,0,0,0,0,0,0
1.6.2.2.4.3,"Diseño de contratos internos y composición: Respuesta contable, pagos y saldos informados — lote 1/1",13,1,E2 Desarrollo,E2,1.6.2.2.1,FAC; SD5 autoridad externa; modelo UCP y conciliación de alcance 1.4–1.6,Fernando Guerrero,23,"Lote identificado de reglas, contratos, construcción, pruebas o documentación del componente; evidencia versionada, revisión independiente y trazabilidad al flujo UCP. No reconstruye identidad, canales ni adaptadores comunes.",componentes/paquetes_conciliacion_ucp.csv,0,0,0,0,0,23,0,0,0
1.6.2.2.5.1,"Construcción funcional y pruebas unitarias: Respuesta contable, pagos y saldos informados — lote 1/1",14,1,E2 Desarrollo,E2,"1.6.2.2.2,1.6.2.2.4.1,1.6.2.2.4.2,1.6.2.2.4.3",FAC; SD5 autoridad externa; modelo UCP y conciliación de alcance 1.4–1.6,Nikolai Navea,61,"Lote identificado de reglas, contratos, construcción, pruebas o documentación del componente; evidencia versionada, revisión independiente y trazabilidad al flujo UCP. No reconstruye identidad, canales ni adaptadores comunes.",componentes/paquetes_conciliacion_ucp.csv,0,0,0,0,61,0,0,0,0
1.6.2.2.6.1,"Verificación del núcleo, regresión y evidencia: Respuesta contable, pagos y saldos informados — lote 1/1",15,1,E2 Desarrollo,E2,"1.6.2.2.3,1.6.2.2.5.1",FAC; SD5 autoridad externa; modelo UCP y conciliación de alcance 1.4–1.6,Davor Serey,45,"Lote identificado de reglas, contratos, construcción, pruebas o documentación del componente; evidencia versionada, revisión independiente y trazabilidad al flujo UCP. No reconstruye identidad, canales ni adaptadores comunes.",componentes/paquetes_conciliacion_ucp.csv,0,0,0,45,0,0,0,0,0
1.6.2.2.7.1,"Coordinación y documentación del núcleo: Respuesta contable, pagos y saldos informados — lote 1/1",15,1,E2 Desarrollo,E2,1.6.2.2.6.1,FAC; SD5 autoridad externa; modelo UCP y conciliación de alcance 1.4–1.6,Ignacio Silva,53,"Lote identificado de reglas, contratos, construcción, pruebas o documentación del componente; evidencia versionada, revisión independiente y trazabilidad al flujo UCP. No reconstruye identidad, canales ni adaptadores comunes.",componentes/paquetes_conciliacion_ucp.csv,0,0,0,0,0,0,0,0,53
1.6.2.3.4.1,"Análisis de reglas, excepciones y protocolo: Cobranza y medidas con decisión competente — lote 1/1",13,1,E2 Desarrollo,E2,1.6.2.3.1,FAC; DEC-17/18; modelo UCP y conciliación de alcance 1.4–1.6,Ulysses Barreto,15,"Lote identificado de reglas, contratos, construcción, pruebas o documentación del componente; evidencia versionada, revisión independiente y trazabilidad al flujo UCP. No reconstruye identidad, canales ni adaptadores comunes.",componentes/paquetes_conciliacion_ucp.csv,15,0,0,0,0,0,0,0,0
1.6.2.3.4.2,Diseño de datos y restricciones del núcleo: Cobranza y medidas con decisión competente — lote 1/1,13,1,E2 Desarrollo,E2,1.6.2.3.1,FAC; DEC-17/18; modelo UCP y conciliación de alcance 1.4–1.6,Nicolás Torfan,15,"Lote identificado de reglas, contratos, construcción, pruebas o documentación del componente; evidencia versionada, revisión independiente y trazabilidad al flujo UCP. No reconstruye identidad, canales ni adaptadores comunes.",componentes/paquetes_conciliacion_ucp.csv,0,15,0,0,0,0,0,0,0
1.6.2.3.4.3,Diseño de contratos internos y composición: Cobranza y medidas con decisión competente — lote 1/1,13,1,E2 Desarrollo,E2,1.6.2.3.1,FAC; DEC-17/18; modelo UCP y conciliación de alcance 1.4–1.6,Fernando Guerrero,23,"Lote identificado de reglas, contratos, construcción, pruebas o documentación del componente; evidencia versionada, revisión independiente y trazabilidad al flujo UCP. No reconstruye identidad, canales ni adaptadores comunes.",componentes/paquetes_conciliacion_ucp.csv,0,0,0,0,0,23,0,0,0
1.6.2.3.5.1,Construcción funcional y pruebas unitarias: Cobranza y medidas con decisión competente — lote 1/1,14,1,E2 Desarrollo,E2,"1.6.2.3.2,1.6.2.3.4.1,1.6.2.3.4.2,1.6.2.3.4.3",FAC; DEC-17/18; modelo UCP y conciliación de alcance 1.4–1.6,Nikolai Navea,61,"Lote identificado de reglas, contratos, construcción, pruebas o documentación del componente; evidencia versionada, revisión independiente y trazabilidad al flujo UCP. No reconstruye identidad, canales ni adaptadores comunes.",componentes/paquetes_conciliacion_ucp.csv,0,0,0,0,61,0,0,0,0
1.6.2.3.6.1,"Verificación del núcleo, regresión y evidencia: Cobranza y medidas con decisión competente — lote 1/1",15,1,E2 Desarrollo,E2,"1.6.2.3.3,1.6.2.3.5.1",FAC; DEC-17/18; modelo UCP y conciliación de alcance 1.4–1.6,Davor Serey,45,"Lote identificado de reglas, contratos, construcción, pruebas o documentación del componente; evidencia versionada, revisión independiente y trazabilidad al flujo UCP. No reconstruye identidad, canales ni adaptadores comunes.",componentes/paquetes_conciliacion_ucp.csv,0,0,0,45,0,0,0,0,0
1.6.2.3.7.1,Coordinación y documentación del núcleo: Cobranza y medidas con decisión competente — lote 1/1,15,1,E2 Desarrollo,E2,1.6.2.3.6.1,FAC; DEC-17/18; modelo UCP y conciliación de alcance 1.4–1.6,Ignacio Silva,53,"Lote identificado de reglas, contratos, construcción, pruebas o documentación del componente; evidencia versionada, revisión independiente y trazabilidad al flujo UCP. No reconstruye identidad, canales ni adaptadores comunes.",componentes/paquetes_conciliacion_ucp.csv,0,0,0,0,0,0,0,0,53
1.6.2.4.4.1,"Análisis de reglas, excepciones y protocolo: Expedientes de custodia y exportación íntegra — lote 1/1",13,1,E2 Desarrollo,E2,1.6.2.4.1,FAC; C07 RT-05.15; 14 abandonadas; modelo UCP y conciliación de alcance 1.4–1.6,Ulysses Barreto,15,"Lote identificado de reglas, contratos, construcción, pruebas o documentación del componente; evidencia versionada, revisión independiente y trazabilidad al flujo UCP. No reconstruye identidad, canales ni adaptadores comunes.",componentes/paquetes_conciliacion_ucp.csv,15,0,0,0,0,0,0,0,0
1.6.2.4.4.2,Diseño de datos y restricciones del núcleo: Expedientes de custodia y exportación íntegra — lote 1/1,13,1,E2 Desarrollo,E2,1.6.2.4.1,FAC; C07 RT-05.15; 14 abandonadas; modelo UCP y conciliación de alcance 1.4–1.6,Nicolás Torfan,15,"Lote identificado de reglas, contratos, construcción, pruebas o documentación del componente; evidencia versionada, revisión independiente y trazabilidad al flujo UCP. No reconstruye identidad, canales ni adaptadores comunes.",componentes/paquetes_conciliacion_ucp.csv,0,15,0,0,0,0,0,0,0
1.6.2.4.4.3,Diseño de contratos internos y composición: Expedientes de custodia y exportación íntegra — lote 1/1,13,1,E2 Desarrollo,E2,1.6.2.4.1,FAC; C07 RT-05.15; 14 abandonadas; modelo UCP y conciliación de alcance 1.4–1.6,Fernando Guerrero,23,"Lote identificado de reglas, contratos, construcción, pruebas o documentación del componente; evidencia versionada, revisión independiente y trazabilidad al flujo UCP. No reconstruye identidad, canales ni adaptadores comunes.",componentes/paquetes_conciliacion_ucp.csv,0,0,0,0,0,23,0,0,0
1.6.2.4.5.1,Construcción funcional y pruebas unitarias: Expedientes de custodia y exportación íntegra — lote 1/1,14,1,E2 Desarrollo,E2,"1.6.2.4.2,1.6.2.4.4.1,1.6.2.4.4.2,1.6.2.4.4.3",FAC; C07 RT-05.15; 14 abandonadas; modelo UCP y conciliación de alcance 1.4–1.6,Nikolai Navea,61,"Lote identificado de reglas, contratos, construcción, pruebas o documentación del componente; evidencia versionada, revisión independiente y trazabilidad al flujo UCP. No reconstruye identidad, canales ni adaptadores comunes.",componentes/paquetes_conciliacion_ucp.csv,0,0,0,0,61,0,0,0,0
1.6.2.4.6.1,"Verificación del núcleo, regresión y evidencia: Expedientes de custodia y exportación íntegra — lote 1/1",15,1,E2 Desarrollo,E2,"1.6.2.4.3,1.6.2.4.5.1",FAC; C07 RT-05.15; 14 abandonadas; modelo UCP y conciliación de alcance 1.4–1.6,Davor Serey,45,"Lote identificado de reglas, contratos, construcción, pruebas o documentación del componente; evidencia versionada, revisión independiente y trazabilidad al flujo UCP. No reconstruye identidad, canales ni adaptadores comunes.",componentes/paquetes_conciliacion_ucp.csv,0,0,0,45,0,0,0,0,0
1.6.2.4.7.1,Coordinación y documentación del núcleo: Expedientes de custodia y exportación íntegra — lote 1/1,15,1,E2 Desarrollo,E2,1.6.2.4.6.1,FAC; C07 RT-05.15; 14 abandonadas; modelo UCP y conciliación de alcance 1.4–1.6,Ignacio Silva,53,"Lote identificado de reglas, contratos, construcción, pruebas o documentación del componente; evidencia versionada, revisión independiente y trazabilidad al flujo UCP. No reconstruye identidad, canales ni adaptadores comunes.",componentes/paquetes_conciliacion_ucp.csv,0,0,0,0,0,0,0,0,53
