Familia,Codigo,Nombre,Mes,Quincena,HH,Responsable,Aceptacion
F01,1.8.7.1.1,Expediente de abandono revisado y vinculado 1,7,1,8,Nicolás Torfan,"Folio, origen, integridad y vínculos recibidos; faltantes y decisiones jurídicas identificados."
F01,1.8.7.1.2,Expediente de abandono revisado y vinculado 2,7,1,8,Nicolás Torfan,"Folio, origen, integridad y vínculos recibidos; faltantes y decisiones jurídicas identificados."
F01,1.8.7.1.3,Expediente de abandono revisado y vinculado 3,7,1,8,Nicolás Torfan,"Folio, origen, integridad y vínculos recibidos; faltantes y decisiones jurídicas identificados."
F01,1.8.7.1.4,Expediente de abandono revisado y vinculado 4,7,1,8,Nicolás Torfan,"Folio, origen, integridad y vínculos recibidos; faltantes y decisiones jurídicas identificados."
F01,1.8.7.1.5,Expediente de abandono revisado y vinculado 5,7,1,8,Nicolás Torfan,"Folio, origen, integridad y vínculos recibidos; faltantes y decisiones jurídicas identificados."
F01,1.8.7.1.6,Expediente de abandono revisado y vinculado 6,7,1,8,Nicolás Torfan,"Folio, origen, integridad y vínculos recibidos; faltantes y decisiones jurídicas identificados."
F01,1.8.7.1.7,Expediente de abandono revisado y vinculado 7,7,1,8,Nicolás Torfan,"Folio, origen, integridad y vínculos recibidos; faltantes y decisiones jurídicas identificados."
F01,1.8.7.1.8,Expediente de abandono revisado y vinculado 8,7,1,8,Nicolás Torfan,"Folio, origen, integridad y vínculos recibidos; faltantes y decisiones jurídicas identificados."
F01,1.8.7.1.9,Expediente de abandono revisado y vinculado 9,7,1,8,Nicolás Torfan,"Folio, origen, integridad y vínculos recibidos; faltantes y decisiones jurídicas identificados."
F01,1.8.7.1.10,Expediente de abandono revisado y vinculado 10,7,1,8,Nicolás Torfan,"Folio, origen, integridad y vínculos recibidos; faltantes y decisiones jurídicas identificados."
F01,1.8.7.1.11,Expediente de abandono revisado y vinculado 11,7,1,8,Nicolás Torfan,"Folio, origen, integridad y vínculos recibidos; faltantes y decisiones jurídicas identificados."
F01,1.8.7.1.12,Expediente de abandono revisado y vinculado 12,7,1,8,Nicolás Torfan,"Folio, origen, integridad y vínculos recibidos; faltantes y decisiones jurídicas identificados."
F01,1.8.7.1.13,Expediente de abandono revisado y vinculado 13,7,1,8,Nicolás Torfan,"Folio, origen, integridad y vínculos recibidos; faltantes y decisiones jurídicas identificados."
F01,1.8.7.1.14,Expediente de abandono revisado y vinculado 14,7,1,8,Nicolás Torfan,"Folio, origen, integridad y vínculos recibidos; faltantes y decisiones jurídicas identificados."
F02,1.8.7.2.1,Lote de hasta 32 autorizaciones escolares 1,7,1,8,Nicolás Torfan,"Lectura humana, vigencia, menor/apoderado y evidencia; autorización ausente bloquea participación."
F02,1.8.7.2.2,Lote de hasta 32 autorizaciones escolares 2,7,1,8,Nicolás Torfan,"Lectura humana, vigencia, menor/apoderado y evidencia; autorización ausente bloquea participación."
F02,1.8.7.2.3,Lote de hasta 32 autorizaciones escolares 3,7,1,8,Nicolás Torfan,"Lectura humana, vigencia, menor/apoderado y evidencia; autorización ausente bloquea participación."
F02,1.8.7.2.4,Lote de hasta 32 autorizaciones escolares 4,7,1,8,Nicolás Torfan,"Lectura humana, vigencia, menor/apoderado y evidencia; autorización ausente bloquea participación."
F02,1.8.7.2.5,Lote de hasta 32 autorizaciones escolares 5,7,1,8,Nicolás Torfan,"Lectura humana, vigencia, menor/apoderado y evidencia; autorización ausente bloquea participación."
F02,1.8.7.2.6,Lote de hasta 32 autorizaciones escolares 6,7,1,8,Nicolás Torfan,"Lectura humana, vigencia, menor/apoderado y evidencia; autorización ausente bloquea participación."
F02,1.8.7.2.7,Lote de hasta 32 autorizaciones escolares 7,7,1,8,Nicolás Torfan,"Lectura humana, vigencia, menor/apoderado y evidencia; autorización ausente bloquea participación."
F02,1.8.7.2.8,Lote de hasta 32 autorizaciones escolares 8,7,1,8,Nicolás Torfan,"Lectura humana, vigencia, menor/apoderado y evidencia; autorización ausente bloquea participación."
F02,1.8.7.2.9,Lote de hasta 32 autorizaciones escolares 9,7,1,8,Nicolás Torfan,"Lectura humana, vigencia, menor/apoderado y evidencia; autorización ausente bloquea participación."
F02,1.8.7.2.10,Lote de hasta 32 autorizaciones escolares 10,7,1,8,Nicolás Torfan,"Lectura humana, vigencia, menor/apoderado y evidencia; autorización ausente bloquea participación."
F02,1.8.7.2.11,Lote de hasta 32 autorizaciones escolares 11,7,1,8,Nicolás Torfan,"Lectura humana, vigencia, menor/apoderado y evidencia; autorización ausente bloquea participación."
F02,1.8.7.2.12,Lote de hasta 32 autorizaciones escolares 12,7,1,8,Nicolás Torfan,"Lectura humana, vigencia, menor/apoderado y evidencia; autorización ausente bloquea participación."
F02,1.8.7.2.13,Lote de hasta 32 autorizaciones escolares 13,7,1,8,Nicolás Torfan,"Lectura humana, vigencia, menor/apoderado y evidencia; autorización ausente bloquea participación."
F02,1.8.7.2.14,Lote de hasta 32 autorizaciones escolares 14,7,1,8,Nicolás Torfan,"Lectura humana, vigencia, menor/apoderado y evidencia; autorización ausente bloquea participación."
F02,1.8.7.2.15,Lote de hasta 32 autorizaciones escolares 15,7,1,8,Nicolás Torfan,"Lectura humana, vigencia, menor/apoderado y evidencia; autorización ausente bloquea participación."
F02,1.8.7.2.16,Lote de hasta 32 autorizaciones escolares 16,7,1,8,Nicolás Torfan,"Lectura humana, vigencia, menor/apoderado y evidencia; autorización ausente bloquea participación."
F02,1.8.7.2.17,Lote de hasta 32 autorizaciones escolares 17,7,1,8,Nicolás Torfan,"Lectura humana, vigencia, menor/apoderado y evidencia; autorización ausente bloquea participación."
F02,1.8.7.2.18,Lote de hasta 32 autorizaciones escolares 18,7,1,8,Nicolás Torfan,"Lectura humana, vigencia, menor/apoderado y evidencia; autorización ausente bloquea participación."
F02,1.8.7.2.19,Lote de hasta 32 autorizaciones escolares 19,7,1,8,Nicolás Torfan,"Lectura humana, vigencia, menor/apoderado y evidencia; autorización ausente bloquea participación."
F02,1.8.7.2.20,Lote de hasta 32 autorizaciones escolares 20,7,1,8,Nicolás Torfan,"Lectura humana, vigencia, menor/apoderado y evidencia; autorización ausente bloquea participación."
F02,1.8.7.2.21,Lote de hasta 32 autorizaciones escolares 21,7,1,8,Nicolás Torfan,"Lectura humana, vigencia, menor/apoderado y evidencia; autorización ausente bloquea participación."
F02,1.8.7.2.22,Lote de hasta 32 autorizaciones escolares 22,7,1,8,Nicolás Torfan,"Lectura humana, vigencia, menor/apoderado y evidencia; autorización ausente bloquea participación."
F02,1.8.7.2.23,Lote de hasta 32 autorizaciones escolares 23,7,1,8,Nicolás Torfan,"Lectura humana, vigencia, menor/apoderado y evidencia; autorización ausente bloquea participación."
F02,1.8.7.2.24,Lote de hasta 32 autorizaciones escolares 24,7,1,8,Nicolás Torfan,"Lectura humana, vigencia, menor/apoderado y evidencia; autorización ausente bloquea participación."
F02,1.8.7.2.25,Lote de hasta 32 autorizaciones escolares 25,7,1,8,Nicolás Torfan,"Lectura humana, vigencia, menor/apoderado y evidencia; autorización ausente bloquea participación."
F02,1.8.7.2.26,Lote de hasta 32 autorizaciones escolares 26,7,1,8,Nicolás Torfan,"Lectura humana, vigencia, menor/apoderado y evidencia; autorización ausente bloquea participación."
F02,1.8.7.2.27,Lote de hasta 32 autorizaciones escolares 27,7,1,8,Nicolás Torfan,"Lectura humana, vigencia, menor/apoderado y evidencia; autorización ausente bloquea participación."
F02,1.8.7.2.28,Lote de hasta 32 autorizaciones escolares 28,7,1,8,Nicolás Torfan,"Lectura humana, vigencia, menor/apoderado y evidencia; autorización ausente bloquea participación."
F02,1.8.7.2.29,Lote de hasta 32 autorizaciones escolares 29,7,2,8,Nicolás Torfan,"Lectura humana, vigencia, menor/apoderado y evidencia; autorización ausente bloquea participación."
F02,1.8.7.2.30,Lote de hasta 32 autorizaciones escolares 30,7,2,8,Nicolás Torfan,"Lectura humana, vigencia, menor/apoderado y evidencia; autorización ausente bloquea participación."
F02,1.8.7.2.31,Lote de hasta 32 autorizaciones escolares 31,7,2,8,Nicolás Torfan,"Lectura humana, vigencia, menor/apoderado y evidencia; autorización ausente bloquea participación."
F02,1.8.7.2.32,Lote de hasta 32 autorizaciones escolares 32,7,2,8,Nicolás Torfan,"Lectura humana, vigencia, menor/apoderado y evidencia; autorización ausente bloquea participación."
F02,1.8.7.2.33,Lote de hasta 32 autorizaciones escolares 33,7,2,8,Nicolás Torfan,"Lectura humana, vigencia, menor/apoderado y evidencia; autorización ausente bloquea participación."
F02,1.8.7.2.34,Lote de hasta 32 autorizaciones escolares 34,7,2,8,Nicolás Torfan,"Lectura humana, vigencia, menor/apoderado y evidencia; autorización ausente bloquea participación."
F02,1.8.7.2.35,Lote de hasta 32 autorizaciones escolares 35,7,2,8,Nicolás Torfan,"Lectura humana, vigencia, menor/apoderado y evidencia; autorización ausente bloquea participación."
F02,1.8.7.2.36,Lote de hasta 32 autorizaciones escolares 36,7,2,8,Nicolás Torfan,"Lectura humana, vigencia, menor/apoderado y evidencia; autorización ausente bloquea participación."
F02,1.8.7.2.37,Lote de hasta 32 autorizaciones escolares 37,7,2,8,Nicolás Torfan,"Lectura humana, vigencia, menor/apoderado y evidencia; autorización ausente bloquea participación."
F02,1.8.7.2.38,Lote de hasta 32 autorizaciones escolares 38,7,2,8,Nicolás Torfan,"Lectura humana, vigencia, menor/apoderado y evidencia; autorización ausente bloquea participación."
F02,1.8.7.2.39,Lote de hasta 32 autorizaciones escolares 39,7,2,8,Nicolás Torfan,"Lectura humana, vigencia, menor/apoderado y evidencia; autorización ausente bloquea participación."
F02,1.8.7.2.40,Lote de hasta 32 autorizaciones escolares 40,7,2,8,Nicolás Torfan,"Lectura humana, vigencia, menor/apoderado y evidencia; autorización ausente bloquea participación."
F02,1.8.7.2.41,Lote de hasta 32 autorizaciones escolares 41,7,2,8,Nicolás Torfan,"Lectura humana, vigencia, menor/apoderado y evidencia; autorización ausente bloquea participación."
F02,1.8.7.2.42,Lote de hasta 32 autorizaciones escolares 42,7,2,8,Nicolás Torfan,"Lectura humana, vigencia, menor/apoderado y evidencia; autorización ausente bloquea participación."
F02,1.8.7.2.43,Lote de hasta 32 autorizaciones escolares 43,7,2,8,Nicolás Torfan,"Lectura humana, vigencia, menor/apoderado y evidencia; autorización ausente bloquea participación."
F02,1.8.7.2.44,Lote de hasta 32 autorizaciones escolares 44,7,2,8,Nicolás Torfan,"Lectura humana, vigencia, menor/apoderado y evidencia; autorización ausente bloquea participación."
F02,1.8.7.2.45,Lote de hasta 32 autorizaciones escolares 45,7,2,8,Nicolás Torfan,"Lectura humana, vigencia, menor/apoderado y evidencia; autorización ausente bloquea participación."
F02,1.8.7.2.46,Lote de hasta 32 autorizaciones escolares 46,7,2,8,Nicolás Torfan,"Lectura humana, vigencia, menor/apoderado y evidencia; autorización ausente bloquea participación."
F02,1.8.7.2.47,Lote de hasta 32 autorizaciones escolares 47,7,2,8,Nicolás Torfan,"Lectura humana, vigencia, menor/apoderado y evidencia; autorización ausente bloquea participación."
F02,1.8.7.2.48,Lote de hasta 32 autorizaciones escolares 48,7,2,8,Nicolás Torfan,"Lectura humana, vigencia, menor/apoderado y evidencia; autorización ausente bloquea participación."
F02,1.8.7.2.49,Lote de hasta 32 autorizaciones escolares 49,7,2,8,Nicolás Torfan,"Lectura humana, vigencia, menor/apoderado y evidencia; autorización ausente bloquea participación."
F02,1.8.7.2.50,Lote de hasta 32 autorizaciones escolares 50,7,2,8,Nicolás Torfan,"Lectura humana, vigencia, menor/apoderado y evidencia; autorización ausente bloquea participación."
F02,1.8.7.2.51,Lote de hasta 32 autorizaciones escolares 51,7,2,8,Nicolás Torfan,"Lectura humana, vigencia, menor/apoderado y evidencia; autorización ausente bloquea participación."
F02,1.8.7.2.52,Lote de hasta 32 autorizaciones escolares 52,7,2,8,Nicolás Torfan,"Lectura humana, vigencia, menor/apoderado y evidencia; autorización ausente bloquea participación."
F02,1.8.7.2.53,Lote de hasta 32 autorizaciones escolares 53,7,2,8,Nicolás Torfan,"Lectura humana, vigencia, menor/apoderado y evidencia; autorización ausente bloquea participación."
F02,1.8.7.2.54,Lote de hasta 32 autorizaciones escolares 54,7,2,8,Nicolás Torfan,"Lectura humana, vigencia, menor/apoderado y evidencia; autorización ausente bloquea participación."
F02,1.8.7.2.55,Lote de hasta 32 autorizaciones escolares 55,7,2,8,Nicolás Torfan,"Lectura humana, vigencia, menor/apoderado y evidencia; autorización ausente bloquea participación."
F02,1.8.7.2.56,Lote de hasta 32 autorizaciones escolares 56,7,2,8,Nicolás Torfan,"Lectura humana, vigencia, menor/apoderado y evidencia; autorización ausente bloquea participación."
F03,1.2.3.7.1,Lote de enrolamiento de hasta cuatro terminales 1,6,1,16,José Lara Arce,"Equipo nominal inscrito, cifrado, pérdida, protección, licencia y revisión de política comprobados."
F03,1.2.3.7.2,Lote de enrolamiento de hasta cuatro terminales 2,6,1,16,José Lara Arce,"Equipo nominal inscrito, cifrado, pérdida, protección, licencia y revisión de política comprobados."
F03,1.2.3.7.3,Lote de enrolamiento de hasta cuatro terminales 3,6,1,16,José Lara Arce,"Equipo nominal inscrito, cifrado, pérdida, protección, licencia y revisión de política comprobados."
F03,1.2.3.7.4,Lote de enrolamiento de hasta cuatro terminales 4,6,1,16,José Lara Arce,"Equipo nominal inscrito, cifrado, pérdida, protección, licencia y revisión de política comprobados."
F03,1.2.3.7.5,Lote de enrolamiento de hasta cuatro terminales 5,6,1,16,José Lara Arce,"Equipo nominal inscrito, cifrado, pérdida, protección, licencia y revisión de política comprobados."
F03,1.2.3.7.6,Lote de enrolamiento de hasta cuatro terminales 6,6,1,16,José Lara Arce,"Equipo nominal inscrito, cifrado, pérdida, protección, licencia y revisión de política comprobados."
F03,1.2.3.7.7,Lote de enrolamiento de hasta cuatro terminales 7,6,1,16,José Lara Arce,"Equipo nominal inscrito, cifrado, pérdida, protección, licencia y revisión de política comprobados."
F03,1.2.3.7.8,Lote de enrolamiento de hasta cuatro terminales 8,6,1,16,José Lara Arce,"Equipo nominal inscrito, cifrado, pérdida, protección, licencia y revisión de política comprobados."
F03,1.2.3.7.9,Lote de enrolamiento de hasta cuatro terminales 9,6,1,16,José Lara Arce,"Equipo nominal inscrito, cifrado, pérdida, protección, licencia y revisión de política comprobados."
F03,1.2.3.7.10,Lote de enrolamiento de hasta cuatro terminales 10,6,1,16,José Lara Arce,"Equipo nominal inscrito, cifrado, pérdida, protección, licencia y revisión de política comprobados."
F04,1.7.2.5.1,Recepción funcional de 40 puntos de medición 1,5,1,24,Fernando Guerrero,"640 puntos recibidos: identificación por servicio/amarra, calibración, error, flexión, tiempo, corte y lectura trazados; instalación eléctrica a cargo del cliente."
F04,1.7.2.5.2,Recepción funcional de 40 puntos de medición 2,5,1,24,Fernando Guerrero,"640 puntos recibidos: identificación por servicio/amarra, calibración, error, flexión, tiempo, corte y lectura trazados; instalación eléctrica a cargo del cliente."
F04,1.7.2.5.3,Recepción funcional de 40 puntos de medición 3,5,1,24,Fernando Guerrero,"640 puntos recibidos: identificación por servicio/amarra, calibración, error, flexión, tiempo, corte y lectura trazados; instalación eléctrica a cargo del cliente."
F04,1.7.2.5.4,Recepción funcional de 40 puntos de medición 4,5,1,24,Fernando Guerrero,"640 puntos recibidos: identificación por servicio/amarra, calibración, error, flexión, tiempo, corte y lectura trazados; instalación eléctrica a cargo del cliente."
F04,1.7.2.5.5,Recepción funcional de 40 puntos de medición 5,5,1,24,Fernando Guerrero,"640 puntos recibidos: identificación por servicio/amarra, calibración, error, flexión, tiempo, corte y lectura trazados; instalación eléctrica a cargo del cliente."
F04,1.7.2.5.6,Recepción funcional de 40 puntos de medición 6,5,1,24,Fernando Guerrero,"640 puntos recibidos: identificación por servicio/amarra, calibración, error, flexión, tiempo, corte y lectura trazados; instalación eléctrica a cargo del cliente."
F04,1.7.2.5.7,Recepción funcional de 40 puntos de medición 7,5,1,24,Fernando Guerrero,"640 puntos recibidos: identificación por servicio/amarra, calibración, error, flexión, tiempo, corte y lectura trazados; instalación eléctrica a cargo del cliente."
F04,1.7.2.5.8,Recepción funcional de 40 puntos de medición 8,5,1,24,Fernando Guerrero,"640 puntos recibidos: identificación por servicio/amarra, calibración, error, flexión, tiempo, corte y lectura trazados; instalación eléctrica a cargo del cliente."
F04,1.7.2.5.9,Recepción funcional de 40 puntos de medición 9,5,1,24,Fernando Guerrero,"640 puntos recibidos: identificación por servicio/amarra, calibración, error, flexión, tiempo, corte y lectura trazados; instalación eléctrica a cargo del cliente."
F04,1.7.2.5.10,Recepción funcional de 40 puntos de medición 10,5,1,24,Fernando Guerrero,"640 puntos recibidos: identificación por servicio/amarra, calibración, error, flexión, tiempo, corte y lectura trazados; instalación eléctrica a cargo del cliente."
F04,1.7.2.5.11,Recepción funcional de 40 puntos de medición 11,5,1,24,Fernando Guerrero,"640 puntos recibidos: identificación por servicio/amarra, calibración, error, flexión, tiempo, corte y lectura trazados; instalación eléctrica a cargo del cliente."
F04,1.7.2.5.12,Recepción funcional de 40 puntos de medición 12,5,1,24,Fernando Guerrero,"640 puntos recibidos: identificación por servicio/amarra, calibración, error, flexión, tiempo, corte y lectura trazados; instalación eléctrica a cargo del cliente."
F04,1.7.2.5.13,Recepción funcional de 40 puntos de medición 13,5,1,24,Fernando Guerrero,"640 puntos recibidos: identificación por servicio/amarra, calibración, error, flexión, tiempo, corte y lectura trazados; instalación eléctrica a cargo del cliente."
F04,1.7.2.5.14,Recepción funcional de 40 puntos de medición 14,5,1,24,Fernando Guerrero,"640 puntos recibidos: identificación por servicio/amarra, calibración, error, flexión, tiempo, corte y lectura trazados; instalación eléctrica a cargo del cliente."
F04,1.7.2.5.15,Recepción funcional de 40 puntos de medición 15,5,1,24,Fernando Guerrero,"640 puntos recibidos: identificación por servicio/amarra, calibración, error, flexión, tiempo, corte y lectura trazados; instalación eléctrica a cargo del cliente."
F04,1.7.2.5.16,Recepción funcional de 40 puntos de medición 16,5,1,24,Fernando Guerrero,"640 puntos recibidos: identificación por servicio/amarra, calibración, error, flexión, tiempo, corte y lectura trazados; instalación eléctrica a cargo del cliente."
F05,1.8.8.1,Adaptación de ensayo al universo E2 1,14,1,56,Nicolás Torfan,"Manifiesto E2 identifica esquemas/contratos, transformaciones y universos incluidos, sin usar vistas como modelo."
F05,1.8.8.2,Adaptación de ensayo al universo E2 2,14,1,56,Nicolás Torfan,"Manifiesto E2 identifica esquemas/contratos, transformaciones y universos incluidos, sin usar vistas como modelo."
F05,1.8.8.3,Adaptación de ensayo al universo E2 3,14,1,56,Nicolás Torfan,"Manifiesto E2 identifica esquemas/contratos, transformaciones y universos incluidos, sin usar vistas como modelo."
F05,1.8.8.4,Adaptación de ensayo al universo E2 4,14,1,56,Nicolás Torfan,"Manifiesto E2 identifica esquemas/contratos, transformaciones y universos incluidos, sin usar vistas como modelo."
F06,1.11.7.1.1.1.1,"Sesión y certificación E1, perfil 1, cohorte 1",12,1,12,José Lara Arce,"Dos sesiones de dos horas, ejercicio, registro individual y recuperación; máximo doce asistentes y sin interrumpir turnos."
F06,1.11.7.1.1.1.2,"Sesión y certificación E1, perfil 1, cohorte 2",12,2,12,José Lara Arce,"Dos sesiones de dos horas, ejercicio, registro individual y recuperación; máximo doce asistentes y sin interrumpir turnos."
F06,1.11.7.1.1.1.3,"Sesión y certificación E1, perfil 1, cohorte 3",12,1,12,José Lara Arce,"Dos sesiones de dos horas, ejercicio, registro individual y recuperación; máximo doce asistentes y sin interrumpir turnos."
F06,1.11.7.1.1.1.4,"Sesión y certificación E1, perfil 1, cohorte 4",12,2,12,José Lara Arce,"Dos sesiones de dos horas, ejercicio, registro individual y recuperación; máximo doce asistentes y sin interrumpir turnos."
F06,1.11.7.1.1.1.5,"Sesión y certificación E1, perfil 1, cohorte 5",12,1,12,José Lara Arce,"Dos sesiones de dos horas, ejercicio, registro individual y recuperación; máximo doce asistentes y sin interrumpir turnos."
F06,1.11.7.1.1.1.6,"Sesión y certificación E1, perfil 1, cohorte 6",12,2,12,José Lara Arce,"Dos sesiones de dos horas, ejercicio, registro individual y recuperación; máximo doce asistentes y sin interrumpir turnos."
F06,1.11.7.1.1.1.7,"Sesión y certificación E1, perfil 1, cohorte 7",12,1,12,José Lara Arce,"Dos sesiones de dos horas, ejercicio, registro individual y recuperación; máximo doce asistentes y sin interrumpir turnos."
F06,1.11.7.1.1.1.8,"Sesión y certificación E1, perfil 1, cohorte 8",12,2,12,José Lara Arce,"Dos sesiones de dos horas, ejercicio, registro individual y recuperación; máximo doce asistentes y sin interrumpir turnos."
F06,1.11.7.1.1.1.9,"Sesión y certificación E1, perfil 1, cohorte 9",12,1,12,José Lara Arce,"Dos sesiones de dos horas, ejercicio, registro individual y recuperación; máximo doce asistentes y sin interrumpir turnos."
F06,1.11.7.1.1.1.10,"Sesión y certificación E1, perfil 1, cohorte 10",12,2,12,José Lara Arce,"Dos sesiones de dos horas, ejercicio, registro individual y recuperación; máximo doce asistentes y sin interrumpir turnos."
F06,1.11.7.1.1.1.11,"Sesión y certificación E1, perfil 1, cohorte 11",12,1,12,José Lara Arce,"Dos sesiones de dos horas, ejercicio, registro individual y recuperación; máximo doce asistentes y sin interrumpir turnos."
F06,1.11.7.1.1.1.12,"Sesión y certificación E1, perfil 1, cohorte 12",12,2,12,José Lara Arce,"Dos sesiones de dos horas, ejercicio, registro individual y recuperación; máximo doce asistentes y sin interrumpir turnos."
F06,1.11.7.1.1.1.13,"Sesión y certificación E1, perfil 1, cohorte 13",12,1,12,José Lara Arce,"Dos sesiones de dos horas, ejercicio, registro individual y recuperación; máximo doce asistentes y sin interrumpir turnos."
F06,1.11.7.1.1.1.14,"Sesión y certificación E1, perfil 1, cohorte 14",12,2,12,José Lara Arce,"Dos sesiones de dos horas, ejercicio, registro individual y recuperación; máximo doce asistentes y sin interrumpir turnos."
F06,1.11.7.1.1.1.15,"Sesión y certificación E1, perfil 1, cohorte 15",12,1,12,José Lara Arce,"Dos sesiones de dos horas, ejercicio, registro individual y recuperación; máximo doce asistentes y sin interrumpir turnos."
F06,1.11.7.1.1.1.16,"Sesión y certificación E1, perfil 1, cohorte 16",12,2,12,José Lara Arce,"Dos sesiones de dos horas, ejercicio, registro individual y recuperación; máximo doce asistentes y sin interrumpir turnos."
F06,1.11.7.1.1.1.17,"Sesión y certificación E1, perfil 1, cohorte 17",12,1,12,José Lara Arce,"Dos sesiones de dos horas, ejercicio, registro individual y recuperación; máximo doce asistentes y sin interrumpir turnos."
F06,1.11.7.1.1.1.18,"Sesión y certificación E1, perfil 1, cohorte 18",12,2,12,José Lara Arce,"Dos sesiones de dos horas, ejercicio, registro individual y recuperación; máximo doce asistentes y sin interrumpir turnos."
F06,1.11.7.1.1.1.19,"Sesión y certificación E1, perfil 1, cohorte 19",12,1,12,José Lara Arce,"Dos sesiones de dos horas, ejercicio, registro individual y recuperación; máximo doce asistentes y sin interrumpir turnos."
F06,1.11.7.1.1.1.20,"Sesión y certificación E1, perfil 1, cohorte 20",12,2,12,José Lara Arce,"Dos sesiones de dos horas, ejercicio, registro individual y recuperación; máximo doce asistentes y sin interrumpir turnos."
F06,1.11.7.1.1.1.21,"Sesión y certificación E1, perfil 1, cohorte 21",12,1,12,José Lara Arce,"Dos sesiones de dos horas, ejercicio, registro individual y recuperación; máximo doce asistentes y sin interrumpir turnos."
F06,1.11.7.1.1.1.22,"Sesión y certificación E1, perfil 1, cohorte 22",12,2,12,José Lara Arce,"Dos sesiones de dos horas, ejercicio, registro individual y recuperación; máximo doce asistentes y sin interrumpir turnos."
F06,1.11.7.1.1.1.23,"Sesión y certificación E1, perfil 1, cohorte 23",12,1,12,José Lara Arce,"Dos sesiones de dos horas, ejercicio, registro individual y recuperación; máximo doce asistentes y sin interrumpir turnos."
F06,1.11.7.1.1.1.24,"Sesión y certificación E1, perfil 1, cohorte 24",12,2,12,José Lara Arce,"Dos sesiones de dos horas, ejercicio, registro individual y recuperación; máximo doce asistentes y sin interrumpir turnos."
F06,1.11.7.1.1.1.25,"Sesión y certificación E1, perfil 1, cohorte 25",12,1,12,José Lara Arce,"Dos sesiones de dos horas, ejercicio, registro individual y recuperación; máximo doce asistentes y sin interrumpir turnos."
F06,1.11.7.1.1.1.26,"Sesión y certificación E1, perfil 1, cohorte 26",12,2,12,José Lara Arce,"Dos sesiones de dos horas, ejercicio, registro individual y recuperación; máximo doce asistentes y sin interrumpir turnos."
F06,1.11.7.1.1.1.27,"Sesión y certificación E1, perfil 1, cohorte 27",12,1,12,José Lara Arce,"Dos sesiones de dos horas, ejercicio, registro individual y recuperación; máximo doce asistentes y sin interrumpir turnos."
F06,1.11.7.1.1.1.28,"Sesión y certificación E1, perfil 1, cohorte 28",12,2,12,José Lara Arce,"Dos sesiones de dos horas, ejercicio, registro individual y recuperación; máximo doce asistentes y sin interrumpir turnos."
F06,1.11.7.1.1.1.29,"Sesión y certificación E1, perfil 1, cohorte 29",12,1,12,José Lara Arce,"Dos sesiones de dos horas, ejercicio, registro individual y recuperación; máximo doce asistentes y sin interrumpir turnos."
F06,1.11.7.1.1.1.30,"Sesión y certificación E1, perfil 1, cohorte 30",12,2,12,José Lara Arce,"Dos sesiones de dos horas, ejercicio, registro individual y recuperación; máximo doce asistentes y sin interrumpir turnos."
F06,1.11.7.1.1.1.31,"Sesión y certificación E1, perfil 1, cohorte 31",12,1,12,José Lara Arce,"Dos sesiones de dos horas, ejercicio, registro individual y recuperación; máximo doce asistentes y sin interrumpir turnos."
F06,1.11.7.1.1.1.32,"Sesión y certificación E1, perfil 1, cohorte 32",12,2,12,José Lara Arce,"Dos sesiones de dos horas, ejercicio, registro individual y recuperación; máximo doce asistentes y sin interrumpir turnos."
F06,1.11.7.1.1.1.33,"Sesión y certificación E1, perfil 1, cohorte 33",12,1,12,José Lara Arce,"Dos sesiones de dos horas, ejercicio, registro individual y recuperación; máximo doce asistentes y sin interrumpir turnos."
F06,1.11.7.1.1.1.34,"Sesión y certificación E1, perfil 1, cohorte 34",12,2,12,José Lara Arce,"Dos sesiones de dos horas, ejercicio, registro individual y recuperación; máximo doce asistentes y sin interrumpir turnos."
F06,1.11.7.1.1.1.35,"Sesión y certificación E1, perfil 1, cohorte 35",12,1,12,José Lara Arce,"Dos sesiones de dos horas, ejercicio, registro individual y recuperación; máximo doce asistentes y sin interrumpir turnos."
F06,1.11.7.1.1.1.36,"Sesión y certificación E1, perfil 1, cohorte 36",12,2,12,José Lara Arce,"Dos sesiones de dos horas, ejercicio, registro individual y recuperación; máximo doce asistentes y sin interrumpir turnos."
F06,1.11.7.1.1.1.37,"Sesión y certificación E1, perfil 1, cohorte 37",12,1,12,José Lara Arce,"Dos sesiones de dos horas, ejercicio, registro individual y recuperación; máximo doce asistentes y sin interrumpir turnos."
F06,1.11.7.1.1.1.38,"Sesión y certificación E1, perfil 1, cohorte 38",12,2,12,José Lara Arce,"Dos sesiones de dos horas, ejercicio, registro individual y recuperación; máximo doce asistentes y sin interrumpir turnos."
F06,1.11.7.1.1.1.39,"Sesión y certificación E1, perfil 1, cohorte 39",12,1,12,José Lara Arce,"Dos sesiones de dos horas, ejercicio, registro individual y recuperación; máximo doce asistentes y sin interrumpir turnos."
F06,1.11.7.1.1.1.40,"Sesión y certificación E1, perfil 1, cohorte 40",12,2,12,José Lara Arce,"Dos sesiones de dos horas, ejercicio, registro individual y recuperación; máximo doce asistentes y sin interrumpir turnos."
F06,1.11.7.1.1.1.41,"Sesión y certificación E1, perfil 1, cohorte 41",12,1,12,José Lara Arce,"Dos sesiones de dos horas, ejercicio, registro individual y recuperación; máximo doce asistentes y sin interrumpir turnos."
F06,1.11.7.1.1.1.42,"Sesión y certificación E1, perfil 1, cohorte 42",12,2,12,José Lara Arce,"Dos sesiones de dos horas, ejercicio, registro individual y recuperación; máximo doce asistentes y sin interrumpir turnos."
F06,1.11.7.1.1.1.43,"Sesión y certificación E1, perfil 1, cohorte 43",12,1,12,José Lara Arce,"Dos sesiones de dos horas, ejercicio, registro individual y recuperación; máximo doce asistentes y sin interrumpir turnos."
F06,1.11.7.1.1.1.44,"Sesión y certificación E1, perfil 1, cohorte 44",12,2,12,José Lara Arce,"Dos sesiones de dos horas, ejercicio, registro individual y recuperación; máximo doce asistentes y sin interrumpir turnos."
F06,1.11.7.1.1.1.45,"Sesión y certificación E1, perfil 1, cohorte 45",12,1,12,José Lara Arce,"Dos sesiones de dos horas, ejercicio, registro individual y recuperación; máximo doce asistentes y sin interrumpir turnos."
F06,1.11.7.1.1.1.46,"Sesión y certificación E1, perfil 1, cohorte 46",12,2,12,José Lara Arce,"Dos sesiones de dos horas, ejercicio, registro individual y recuperación; máximo doce asistentes y sin interrumpir turnos."
F06,1.11.7.1.1.1.47,"Sesión y certificación E1, perfil 1, cohorte 47",12,1,12,José Lara Arce,"Dos sesiones de dos horas, ejercicio, registro individual y recuperación; máximo doce asistentes y sin interrumpir turnos."
F06,1.11.7.1.1.1.48,"Sesión y certificación E1, perfil 1, cohorte 48",12,2,12,José Lara Arce,"Dos sesiones de dos horas, ejercicio, registro individual y recuperación; máximo doce asistentes y sin interrumpir turnos."
F06,1.11.7.1.1.1.49,"Sesión y certificación E1, perfil 1, cohorte 49",12,1,12,José Lara Arce,"Dos sesiones de dos horas, ejercicio, registro individual y recuperación; máximo doce asistentes y sin interrumpir turnos."
F06,1.11.7.1.1.1.50,"Sesión y certificación E1, perfil 1, cohorte 50",12,2,12,José Lara Arce,"Dos sesiones de dos horas, ejercicio, registro individual y recuperación; máximo doce asistentes y sin interrumpir turnos."
F06,1.11.7.1.1.1.51,"Sesión y certificación E1, perfil 1, cohorte 51",12,1,12,José Lara Arce,"Dos sesiones de dos horas, ejercicio, registro individual y recuperación; máximo doce asistentes y sin interrumpir turnos."
F06,1.11.7.1.1.1.52,"Sesión y certificación E1, perfil 1, cohorte 52",12,2,12,José Lara Arce,"Dos sesiones de dos horas, ejercicio, registro individual y recuperación; máximo doce asistentes y sin interrumpir turnos."
F06,1.11.7.1.1.1.53,"Sesión y certificación E1, perfil 1, cohorte 53",12,1,12,José Lara Arce,"Dos sesiones de dos horas, ejercicio, registro individual y recuperación; máximo doce asistentes y sin interrumpir turnos."
F06,1.11.7.1.1.1.54,"Sesión y certificación E1, perfil 1, cohorte 54",12,2,12,José Lara Arce,"Dos sesiones de dos horas, ejercicio, registro individual y recuperación; máximo doce asistentes y sin interrumpir turnos."
F06,1.11.7.1.1.1.55,"Sesión y certificación E1, perfil 1, cohorte 55",12,1,12,José Lara Arce,"Dos sesiones de dos horas, ejercicio, registro individual y recuperación; máximo doce asistentes y sin interrumpir turnos."
F06,1.11.7.1.1.1.56,"Sesión y certificación E1, perfil 1, cohorte 56",12,2,12,José Lara Arce,"Dos sesiones de dos horas, ejercicio, registro individual y recuperación; máximo doce asistentes y sin interrumpir turnos."
F06,1.11.7.1.1.1.57,"Sesión y certificación E1, perfil 1, cohorte 57",12,1,12,José Lara Arce,"Dos sesiones de dos horas, ejercicio, registro individual y recuperación; máximo doce asistentes y sin interrumpir turnos."
F06,1.11.7.1.1.1.58,"Sesión y certificación E1, perfil 1, cohorte 58",12,2,12,José Lara Arce,"Dos sesiones de dos horas, ejercicio, registro individual y recuperación; máximo doce asistentes y sin interrumpir turnos."
F06,1.11.7.1.1.1.59,"Sesión y certificación E1, perfil 1, cohorte 59",12,1,12,José Lara Arce,"Dos sesiones de dos horas, ejercicio, registro individual y recuperación; máximo doce asistentes y sin interrumpir turnos."
F06,1.11.7.1.1.1.60,"Sesión y certificación E1, perfil 1, cohorte 60",12,2,12,José Lara Arce,"Dos sesiones de dos horas, ejercicio, registro individual y recuperación; máximo doce asistentes y sin interrumpir turnos."
F06,1.11.7.1.1.1.61,"Sesión y certificación E1, perfil 1, cohorte 61",12,1,12,José Lara Arce,"Dos sesiones de dos horas, ejercicio, registro individual y recuperación; máximo doce asistentes y sin interrumpir turnos."
F06,1.11.7.1.1.1.62,"Sesión y certificación E1, perfil 1, cohorte 62",12,2,12,José Lara Arce,"Dos sesiones de dos horas, ejercicio, registro individual y recuperación; máximo doce asistentes y sin interrumpir turnos."
F06,1.11.7.1.1.1.63,"Sesión y certificación E1, perfil 1, cohorte 63",12,1,12,José Lara Arce,"Dos sesiones de dos horas, ejercicio, registro individual y recuperación; máximo doce asistentes y sin interrumpir turnos."
F06,1.11.7.1.1.1.64,"Sesión y certificación E1, perfil 1, cohorte 64",12,2,12,José Lara Arce,"Dos sesiones de dos horas, ejercicio, registro individual y recuperación; máximo doce asistentes y sin interrumpir turnos."
F06,1.11.7.1.1.1.65,"Sesión y certificación E1, perfil 1, cohorte 65",12,1,12,José Lara Arce,"Dos sesiones de dos horas, ejercicio, registro individual y recuperación; máximo doce asistentes y sin interrumpir turnos."
F06,1.11.7.1.1.1.66,"Sesión y certificación E1, perfil 1, cohorte 66",12,2,12,José Lara Arce,"Dos sesiones de dos horas, ejercicio, registro individual y recuperación; máximo doce asistentes y sin interrumpir turnos."
F06,1.11.7.1.1.1.67,"Sesión y certificación E1, perfil 1, cohorte 67",12,1,12,José Lara Arce,"Dos sesiones de dos horas, ejercicio, registro individual y recuperación; máximo doce asistentes y sin interrumpir turnos."
F06,1.11.7.1.1.1.68,"Sesión y certificación E1, perfil 1, cohorte 68",12,2,12,José Lara Arce,"Dos sesiones de dos horas, ejercicio, registro individual y recuperación; máximo doce asistentes y sin interrumpir turnos."
F06,1.11.7.1.1.1.69,"Sesión y certificación E1, perfil 1, cohorte 69",12,1,12,José Lara Arce,"Dos sesiones de dos horas, ejercicio, registro individual y recuperación; máximo doce asistentes y sin interrumpir turnos."
F06,1.11.7.1.1.1.70,"Sesión y certificación E1, perfil 1, cohorte 70",12,2,12,José Lara Arce,"Dos sesiones de dos horas, ejercicio, registro individual y recuperación; máximo doce asistentes y sin interrumpir turnos."
F06,1.11.7.1.1.1.71,"Sesión y certificación E1, perfil 1, cohorte 71",12,1,12,José Lara Arce,"Dos sesiones de dos horas, ejercicio, registro individual y recuperación; máximo doce asistentes y sin interrumpir turnos."
F06,1.11.7.1.1.1.72,"Sesión y certificación E1, perfil 1, cohorte 72",12,2,12,José Lara Arce,"Dos sesiones de dos horas, ejercicio, registro individual y recuperación; máximo doce asistentes y sin interrumpir turnos."
F06,1.11.7.1.1.1.73,"Sesión y certificación E1, perfil 1, cohorte 73",12,1,12,José Lara Arce,"Dos sesiones de dos horas, ejercicio, registro individual y recuperación; máximo doce asistentes y sin interrumpir turnos."
F06,1.11.7.1.1.1.74,"Sesión y certificación E1, perfil 1, cohorte 74",12,2,12,José Lara Arce,"Dos sesiones de dos horas, ejercicio, registro individual y recuperación; máximo doce asistentes y sin interrumpir turnos."
F06,1.11.7.1.1.1.75,"Sesión y certificación E1, perfil 1, cohorte 75",12,1,12,José Lara Arce,"Dos sesiones de dos horas, ejercicio, registro individual y recuperación; máximo doce asistentes y sin interrumpir turnos."
F06,1.11.7.1.1.1.76,"Sesión y certificación E1, perfil 1, cohorte 76",12,2,12,José Lara Arce,"Dos sesiones de dos horas, ejercicio, registro individual y recuperación; máximo doce asistentes y sin interrumpir turnos."
F06,1.11.7.1.1.1.77,"Sesión y certificación E1, perfil 1, cohorte 77",12,1,12,José Lara Arce,"Dos sesiones de dos horas, ejercicio, registro individual y recuperación; máximo doce asistentes y sin interrumpir turnos."
F06,1.11.7.1.1.1.78,"Sesión y certificación E1, perfil 1, cohorte 78",12,2,12,José Lara Arce,"Dos sesiones de dos horas, ejercicio, registro individual y recuperación; máximo doce asistentes y sin interrumpir turnos."
F06,1.11.7.1.1.1.79,"Sesión y certificación E1, perfil 1, cohorte 79",12,1,12,José Lara Arce,"Dos sesiones de dos horas, ejercicio, registro individual y recuperación; máximo doce asistentes y sin interrumpir turnos."
F06,1.11.7.1.1.1.80,"Sesión y certificación E1, perfil 1, cohorte 80",12,2,12,José Lara Arce,"Dos sesiones de dos horas, ejercicio, registro individual y recuperación; máximo doce asistentes y sin interrumpir turnos."
F06,1.11.7.1.1.1.81,"Sesión y certificación E1, perfil 1, cohorte 81",12,1,12,José Lara Arce,"Dos sesiones de dos horas, ejercicio, registro individual y recuperación; máximo doce asistentes y sin interrumpir turnos."
F06,1.11.7.1.1.1.82,"Sesión y certificación E1, perfil 1, cohorte 82",12,2,12,José Lara Arce,"Dos sesiones de dos horas, ejercicio, registro individual y recuperación; máximo doce asistentes y sin interrumpir turnos."
F06,1.11.7.1.1.1.83,"Sesión y certificación E1, perfil 1, cohorte 83",12,1,12,José Lara Arce,"Dos sesiones de dos horas, ejercicio, registro individual y recuperación; máximo doce asistentes y sin interrumpir turnos."
F06,1.11.7.1.1.1.84,"Sesión y certificación E1, perfil 1, cohorte 84",12,2,12,José Lara Arce,"Dos sesiones de dos horas, ejercicio, registro individual y recuperación; máximo doce asistentes y sin interrumpir turnos."
F06,1.11.7.1.1.1.85,"Sesión y certificación E1, perfil 1, cohorte 85",12,1,12,José Lara Arce,"Dos sesiones de dos horas, ejercicio, registro individual y recuperación; máximo doce asistentes y sin interrumpir turnos."
F06,1.11.7.1.1.1.86,"Sesión y certificación E1, perfil 1, cohorte 86",12,2,12,José Lara Arce,"Dos sesiones de dos horas, ejercicio, registro individual y recuperación; máximo doce asistentes y sin interrumpir turnos."
F06,1.11.7.1.1.1.87,"Sesión y certificación E1, perfil 1, cohorte 87",12,1,12,José Lara Arce,"Dos sesiones de dos horas, ejercicio, registro individual y recuperación; máximo doce asistentes y sin interrumpir turnos."
F06,1.11.7.1.1.1.88,"Sesión y certificación E1, perfil 1, cohorte 88",12,2,12,José Lara Arce,"Dos sesiones de dos horas, ejercicio, registro individual y recuperación; máximo doce asistentes y sin interrumpir turnos."
F06,1.11.7.1.1.1.89,"Sesión y certificación E1, perfil 1, cohorte 89",12,1,12,José Lara Arce,"Dos sesiones de dos horas, ejercicio, registro individual y recuperación; máximo doce asistentes y sin interrumpir turnos."
F06,1.11.7.1.1.1.90,"Sesión y certificación E1, perfil 1, cohorte 90",12,2,12,José Lara Arce,"Dos sesiones de dos horas, ejercicio, registro individual y recuperación; máximo doce asistentes y sin interrumpir turnos."
F06,1.11.7.1.1.1.91,"Sesión y certificación E1, perfil 1, cohorte 91",12,1,12,José Lara Arce,"Dos sesiones de dos horas, ejercicio, registro individual y recuperación; máximo doce asistentes y sin interrumpir turnos."
F06,1.11.7.1.1.1.92,"Sesión y certificación E1, perfil 1, cohorte 92",12,2,12,José Lara Arce,"Dos sesiones de dos horas, ejercicio, registro individual y recuperación; máximo doce asistentes y sin interrumpir turnos."
F06,1.11.7.1.1.1.93,"Sesión y certificación E1, perfil 1, cohorte 93",12,1,12,José Lara Arce,"Dos sesiones de dos horas, ejercicio, registro individual y recuperación; máximo doce asistentes y sin interrumpir turnos."
F06,1.11.7.1.1.1.94,"Sesión y certificación E1, perfil 1, cohorte 94",12,2,12,José Lara Arce,"Dos sesiones de dos horas, ejercicio, registro individual y recuperación; máximo doce asistentes y sin interrumpir turnos."
F06,1.11.7.1.1.1.95,"Sesión y certificación E1, perfil 1, cohorte 95",12,1,12,José Lara Arce,"Dos sesiones de dos horas, ejercicio, registro individual y recuperación; máximo doce asistentes y sin interrumpir turnos."
F06,1.11.7.1.1.1.96,"Sesión y certificación E1, perfil 1, cohorte 96",12,2,12,José Lara Arce,"Dos sesiones de dos horas, ejercicio, registro individual y recuperación; máximo doce asistentes y sin interrumpir turnos."
F06,1.11.7.1.1.1.97,"Sesión y certificación E1, perfil 1, cohorte 97",12,1,12,José Lara Arce,"Dos sesiones de dos horas, ejercicio, registro individual y recuperación; máximo doce asistentes y sin interrumpir turnos."
F06,1.11.7.1.1.1.98,"Sesión y certificación E1, perfil 1, cohorte 98",12,2,12,José Lara Arce,"Dos sesiones de dos horas, ejercicio, registro individual y recuperación; máximo doce asistentes y sin interrumpir turnos."
F06,1.11.7.1.1.1.99,"Sesión y certificación E1, perfil 1, cohorte 99",12,1,12,José Lara Arce,"Dos sesiones de dos horas, ejercicio, registro individual y recuperación; máximo doce asistentes y sin interrumpir turnos."
F06,1.11.7.1.1.1.100,"Sesión y certificación E1, perfil 1, cohorte 100",12,2,12,José Lara Arce,"Dos sesiones de dos horas, ejercicio, registro individual y recuperación; máximo doce asistentes y sin interrumpir turnos."
F07,1.11.7.1.2.1.1,"Sesión y certificación E1, perfil 2, cohorte 1",12,1,12,José Lara Arce,"Dos sesiones de dos horas, ejercicio, registro individual y recuperación; máximo doce asistentes y sin interrumpir turnos."
F07,1.11.7.1.2.1.2,"Sesión y certificación E1, perfil 2, cohorte 2",12,2,12,José Lara Arce,"Dos sesiones de dos horas, ejercicio, registro individual y recuperación; máximo doce asistentes y sin interrumpir turnos."
F08,1.11.7.1.3.1.1,"Sesión y certificación E1, perfil 3, cohorte 1",12,1,12,José Lara Arce,"Dos sesiones de dos horas, ejercicio, registro individual y recuperación; máximo doce asistentes y sin interrumpir turnos."
F09,1.11.7.1.4.1.1,"Sesión y certificación E1, perfil 4, cohorte 1",12,1,12,José Lara Arce,"Dos sesiones de dos horas, ejercicio, registro individual y recuperación; máximo doce asistentes y sin interrumpir turnos."
F10,1.11.7.1.5.1.1,"Sesión y certificación E1, perfil 5, cohorte 1",12,1,12,José Lara Arce,"Dos sesiones de dos horas, ejercicio, registro individual y recuperación; máximo doce asistentes y sin interrumpir turnos."
F10,1.11.7.1.5.1.2,"Sesión y certificación E1, perfil 5, cohorte 2",12,2,12,José Lara Arce,"Dos sesiones de dos horas, ejercicio, registro individual y recuperación; máximo doce asistentes y sin interrumpir turnos."
F10,1.11.7.1.5.1.3,"Sesión y certificación E1, perfil 5, cohorte 3",12,1,12,José Lara Arce,"Dos sesiones de dos horas, ejercicio, registro individual y recuperación; máximo doce asistentes y sin interrumpir turnos."
F11,1.11.4.1.1.1.1,"Acompañamiento E1, ola 1, día 1, zona 1",13,1,8,José Lara Arce,"Registro diario, turno, zona, tarea, incidencia y relevo; 8 h presencia días 1--14, luego 4 h presencia +4 h preparación."
F11,1.11.4.1.1.1.2,"Acompañamiento E1, ola 1, día 1, zona 2",13,1,8,José Lara Arce,"Registro diario, turno, zona, tarea, incidencia y relevo; 8 h presencia días 1--14, luego 4 h presencia +4 h preparación."
F11,1.11.4.1.1.2.1,"Acompañamiento E1, ola 1, día 2, zona 1",13,1,8,José Lara Arce,"Registro diario, turno, zona, tarea, incidencia y relevo; 8 h presencia días 1--14, luego 4 h presencia +4 h preparación."
F11,1.11.4.1.1.2.2,"Acompañamiento E1, ola 1, día 2, zona 2",13,1,8,José Lara Arce,"Registro diario, turno, zona, tarea, incidencia y relevo; 8 h presencia días 1--14, luego 4 h presencia +4 h preparación."
F11,1.11.4.1.1.3.1,"Acompañamiento E1, ola 1, día 3, zona 1",13,1,8,José Lara Arce,"Registro diario, turno, zona, tarea, incidencia y relevo; 8 h presencia días 1--14, luego 4 h presencia +4 h preparación."
F11,1.11.4.1.1.3.2,"Acompañamiento E1, ola 1, día 3, zona 2",13,1,8,José Lara Arce,"Registro diario, turno, zona, tarea, incidencia y relevo; 8 h presencia días 1--14, luego 4 h presencia +4 h preparación."
F11,1.11.4.1.1.4.1,"Acompañamiento E1, ola 1, día 4, zona 1",13,1,8,José Lara Arce,"Registro diario, turno, zona, tarea, incidencia y relevo; 8 h presencia días 1--14, luego 4 h presencia +4 h preparación."
F11,1.11.4.1.1.4.2,"Acompañamiento E1, ola 1, día 4, zona 2",13,1,8,José Lara Arce,"Registro diario, turno, zona, tarea, incidencia y relevo; 8 h presencia días 1--14, luego 4 h presencia +4 h preparación."
F11,1.11.4.1.1.5.1,"Acompañamiento E1, ola 1, día 5, zona 1",13,1,8,José Lara Arce,"Registro diario, turno, zona, tarea, incidencia y relevo; 8 h presencia días 1--14, luego 4 h presencia +4 h preparación."
F11,1.11.4.1.1.5.2,"Acompañamiento E1, ola 1, día 5, zona 2",13,1,8,José Lara Arce,"Registro diario, turno, zona, tarea, incidencia y relevo; 8 h presencia días 1--14, luego 4 h presencia +4 h preparación."
F11,1.11.4.1.1.6.1,"Acompañamiento E1, ola 1, día 6, zona 1",13,1,8,José Lara Arce,"Registro diario, turno, zona, tarea, incidencia y relevo; 8 h presencia días 1--14, luego 4 h presencia +4 h preparación."
F11,1.11.4.1.1.6.2,"Acompañamiento E1, ola 1, día 6, zona 2",13,1,8,José Lara Arce,"Registro diario, turno, zona, tarea, incidencia y relevo; 8 h presencia días 1--14, luego 4 h presencia +4 h preparación."
F11,1.11.4.1.1.7.1,"Acompañamiento E1, ola 1, día 7, zona 1",13,1,8,José Lara Arce,"Registro diario, turno, zona, tarea, incidencia y relevo; 8 h presencia días 1--14, luego 4 h presencia +4 h preparación."
F11,1.11.4.1.1.7.2,"Acompañamiento E1, ola 1, día 7, zona 2",13,1,8,José Lara Arce,"Registro diario, turno, zona, tarea, incidencia y relevo; 8 h presencia días 1--14, luego 4 h presencia +4 h preparación."
F11,1.11.4.1.1.8.1,"Acompañamiento E1, ola 1, día 8, zona 1",13,1,8,José Lara Arce,"Registro diario, turno, zona, tarea, incidencia y relevo; 8 h presencia días 1--14, luego 4 h presencia +4 h preparación."
F11,1.11.4.1.1.8.2,"Acompañamiento E1, ola 1, día 8, zona 2",13,1,8,José Lara Arce,"Registro diario, turno, zona, tarea, incidencia y relevo; 8 h presencia días 1--14, luego 4 h presencia +4 h preparación."
F11,1.11.4.1.1.9.1,"Acompañamiento E1, ola 1, día 9, zona 1",13,1,8,José Lara Arce,"Registro diario, turno, zona, tarea, incidencia y relevo; 8 h presencia días 1--14, luego 4 h presencia +4 h preparación."
F11,1.11.4.1.1.9.2,"Acompañamiento E1, ola 1, día 9, zona 2",13,1,8,José Lara Arce,"Registro diario, turno, zona, tarea, incidencia y relevo; 8 h presencia días 1--14, luego 4 h presencia +4 h preparación."
F11,1.11.4.1.1.10.1,"Acompañamiento E1, ola 1, día 10, zona 1",13,1,8,José Lara Arce,"Registro diario, turno, zona, tarea, incidencia y relevo; 8 h presencia días 1--14, luego 4 h presencia +4 h preparación."
F11,1.11.4.1.1.10.2,"Acompañamiento E1, ola 1, día 10, zona 2",13,1,8,José Lara Arce,"Registro diario, turno, zona, tarea, incidencia y relevo; 8 h presencia días 1--14, luego 4 h presencia +4 h preparación."
F11,1.11.4.1.1.11.1,"Acompañamiento E1, ola 1, día 11, zona 1",13,1,8,José Lara Arce,"Registro diario, turno, zona, tarea, incidencia y relevo; 8 h presencia días 1--14, luego 4 h presencia +4 h preparación."
F11,1.11.4.1.1.11.2,"Acompañamiento E1, ola 1, día 11, zona 2",13,1,8,José Lara Arce,"Registro diario, turno, zona, tarea, incidencia y relevo; 8 h presencia días 1--14, luego 4 h presencia +4 h preparación."
F11,1.11.4.1.1.12.1,"Acompañamiento E1, ola 1, día 12, zona 1",13,1,8,José Lara Arce,"Registro diario, turno, zona, tarea, incidencia y relevo; 8 h presencia días 1--14, luego 4 h presencia +4 h preparación."
F11,1.11.4.1.1.12.2,"Acompañamiento E1, ola 1, día 12, zona 2",13,1,8,José Lara Arce,"Registro diario, turno, zona, tarea, incidencia y relevo; 8 h presencia días 1--14, luego 4 h presencia +4 h preparación."
F11,1.11.4.1.1.13.1,"Acompañamiento E1, ola 1, día 13, zona 1",13,1,8,José Lara Arce,"Registro diario, turno, zona, tarea, incidencia y relevo; 8 h presencia días 1--14, luego 4 h presencia +4 h preparación."
F11,1.11.4.1.1.13.2,"Acompañamiento E1, ola 1, día 13, zona 2",13,1,8,José Lara Arce,"Registro diario, turno, zona, tarea, incidencia y relevo; 8 h presencia días 1--14, luego 4 h presencia +4 h preparación."
F11,1.11.4.1.1.14.1,"Acompañamiento E1, ola 1, día 14, zona 1",13,1,8,José Lara Arce,"Registro diario, turno, zona, tarea, incidencia y relevo; 8 h presencia días 1--14, luego 4 h presencia +4 h preparación."
F11,1.11.4.1.1.14.2,"Acompañamiento E1, ola 1, día 14, zona 2",13,1,8,José Lara Arce,"Registro diario, turno, zona, tarea, incidencia y relevo; 8 h presencia días 1--14, luego 4 h presencia +4 h preparación."
F11,1.11.4.1.1.15.1,"Acompañamiento E1, ola 1, día 15, zona 1",13,1,8,José Lara Arce,"Registro diario, turno, zona, tarea, incidencia y relevo; 8 h presencia días 1--14, luego 4 h presencia +4 h preparación."
F11,1.11.4.1.1.15.2,"Acompañamiento E1, ola 1, día 15, zona 2",13,1,8,José Lara Arce,"Registro diario, turno, zona, tarea, incidencia y relevo; 8 h presencia días 1--14, luego 4 h presencia +4 h preparación."
F11,1.11.4.1.1.16.1,"Acompañamiento E1, ola 1, día 16, zona 1",13,1,8,José Lara Arce,"Registro diario, turno, zona, tarea, incidencia y relevo; 8 h presencia días 1--14, luego 4 h presencia +4 h preparación."
F11,1.11.4.1.1.16.2,"Acompañamiento E1, ola 1, día 16, zona 2",13,1,8,José Lara Arce,"Registro diario, turno, zona, tarea, incidencia y relevo; 8 h presencia días 1--14, luego 4 h presencia +4 h preparación."
F11,1.11.4.1.1.17.1,"Acompañamiento E1, ola 1, día 17, zona 1",13,1,8,José Lara Arce,"Registro diario, turno, zona, tarea, incidencia y relevo; 8 h presencia días 1--14, luego 4 h presencia +4 h preparación."
F11,1.11.4.1.1.17.2,"Acompañamiento E1, ola 1, día 17, zona 2",13,1,8,José Lara Arce,"Registro diario, turno, zona, tarea, incidencia y relevo; 8 h presencia días 1--14, luego 4 h presencia +4 h preparación."
F11,1.11.4.1.1.18.1,"Acompañamiento E1, ola 1, día 18, zona 1",13,1,8,José Lara Arce,"Registro diario, turno, zona, tarea, incidencia y relevo; 8 h presencia días 1--14, luego 4 h presencia +4 h preparación."
F11,1.11.4.1.1.18.2,"Acompañamiento E1, ola 1, día 18, zona 2",13,1,8,José Lara Arce,"Registro diario, turno, zona, tarea, incidencia y relevo; 8 h presencia días 1--14, luego 4 h presencia +4 h preparación."
F11,1.11.4.1.1.19.1,"Acompañamiento E1, ola 1, día 19, zona 1",13,1,8,José Lara Arce,"Registro diario, turno, zona, tarea, incidencia y relevo; 8 h presencia días 1--14, luego 4 h presencia +4 h preparación."
F11,1.11.4.1.1.19.2,"Acompañamiento E1, ola 1, día 19, zona 2",13,1,8,José Lara Arce,"Registro diario, turno, zona, tarea, incidencia y relevo; 8 h presencia días 1--14, luego 4 h presencia +4 h preparación."
F11,1.11.4.1.1.20.1,"Acompañamiento E1, ola 1, día 20, zona 1",13,1,8,José Lara Arce,"Registro diario, turno, zona, tarea, incidencia y relevo; 8 h presencia días 1--14, luego 4 h presencia +4 h preparación."
F11,1.11.4.1.1.20.2,"Acompañamiento E1, ola 1, día 20, zona 2",13,1,8,José Lara Arce,"Registro diario, turno, zona, tarea, incidencia y relevo; 8 h presencia días 1--14, luego 4 h presencia +4 h preparación."
F11,1.11.4.1.1.21.1,"Acompañamiento E1, ola 1, día 21, zona 1",13,1,8,José Lara Arce,"Registro diario, turno, zona, tarea, incidencia y relevo; 8 h presencia días 1--14, luego 4 h presencia +4 h preparación."
F11,1.11.4.1.1.21.2,"Acompañamiento E1, ola 1, día 21, zona 2",13,1,8,José Lara Arce,"Registro diario, turno, zona, tarea, incidencia y relevo; 8 h presencia días 1--14, luego 4 h presencia +4 h preparación."
F11,1.11.4.1.1.22.1,"Acompañamiento E1, ola 1, día 22, zona 1",13,1,8,José Lara Arce,"Registro diario, turno, zona, tarea, incidencia y relevo; 8 h presencia días 1--14, luego 4 h presencia +4 h preparación."
F11,1.11.4.1.1.22.2,"Acompañamiento E1, ola 1, día 22, zona 2",13,1,8,José Lara Arce,"Registro diario, turno, zona, tarea, incidencia y relevo; 8 h presencia días 1--14, luego 4 h presencia +4 h preparación."
F11,1.11.4.1.1.23.1,"Acompañamiento E1, ola 1, día 23, zona 1",13,1,8,José Lara Arce,"Registro diario, turno, zona, tarea, incidencia y relevo; 8 h presencia días 1--14, luego 4 h presencia +4 h preparación."
F11,1.11.4.1.1.23.2,"Acompañamiento E1, ola 1, día 23, zona 2",13,1,8,José Lara Arce,"Registro diario, turno, zona, tarea, incidencia y relevo; 8 h presencia días 1--14, luego 4 h presencia +4 h preparación."
F11,1.11.4.1.1.24.1,"Acompañamiento E1, ola 1, día 24, zona 1",13,1,8,José Lara Arce,"Registro diario, turno, zona, tarea, incidencia y relevo; 8 h presencia días 1--14, luego 4 h presencia +4 h preparación."
F11,1.11.4.1.1.24.2,"Acompañamiento E1, ola 1, día 24, zona 2",13,1,8,José Lara Arce,"Registro diario, turno, zona, tarea, incidencia y relevo; 8 h presencia días 1--14, luego 4 h presencia +4 h preparación."
F11,1.11.4.1.1.25.1,"Acompañamiento E1, ola 1, día 25, zona 1",13,1,8,José Lara Arce,"Registro diario, turno, zona, tarea, incidencia y relevo; 8 h presencia días 1--14, luego 4 h presencia +4 h preparación."
F11,1.11.4.1.1.25.2,"Acompañamiento E1, ola 1, día 25, zona 2",13,1,8,José Lara Arce,"Registro diario, turno, zona, tarea, incidencia y relevo; 8 h presencia días 1--14, luego 4 h presencia +4 h preparación."
F11,1.11.4.1.1.26.1,"Acompañamiento E1, ola 1, día 26, zona 1",13,1,8,José Lara Arce,"Registro diario, turno, zona, tarea, incidencia y relevo; 8 h presencia días 1--14, luego 4 h presencia +4 h preparación."
F11,1.11.4.1.1.26.2,"Acompañamiento E1, ola 1, día 26, zona 2",13,1,8,José Lara Arce,"Registro diario, turno, zona, tarea, incidencia y relevo; 8 h presencia días 1--14, luego 4 h presencia +4 h preparación."
F11,1.11.4.1.1.27.1,"Acompañamiento E1, ola 1, día 27, zona 1",13,1,8,José Lara Arce,"Registro diario, turno, zona, tarea, incidencia y relevo; 8 h presencia días 1--14, luego 4 h presencia +4 h preparación."
F11,1.11.4.1.1.27.2,"Acompañamiento E1, ola 1, día 27, zona 2",13,1,8,José Lara Arce,"Registro diario, turno, zona, tarea, incidencia y relevo; 8 h presencia días 1--14, luego 4 h presencia +4 h preparación."
F11,1.11.4.1.1.28.1,"Acompañamiento E1, ola 1, día 28, zona 1",13,1,8,José Lara Arce,"Registro diario, turno, zona, tarea, incidencia y relevo; 8 h presencia días 1--14, luego 4 h presencia +4 h preparación."
F11,1.11.4.1.1.28.2,"Acompañamiento E1, ola 1, día 28, zona 2",13,1,8,José Lara Arce,"Registro diario, turno, zona, tarea, incidencia y relevo; 8 h presencia días 1--14, luego 4 h presencia +4 h preparación."
F11,1.11.4.1.2.1.1,"Acompañamiento E1, ola 2, día 1, zona 1",13,1,8,José Lara Arce,"Registro diario, turno, zona, tarea, incidencia y relevo; 8 h presencia días 1--14, luego 4 h presencia +4 h preparación."
F11,1.11.4.1.2.1.2,"Acompañamiento E1, ola 2, día 1, zona 2",13,1,8,José Lara Arce,"Registro diario, turno, zona, tarea, incidencia y relevo; 8 h presencia días 1--14, luego 4 h presencia +4 h preparación."
F11,1.11.4.1.2.2.1,"Acompañamiento E1, ola 2, día 2, zona 1",13,1,8,José Lara Arce,"Registro diario, turno, zona, tarea, incidencia y relevo; 8 h presencia días 1--14, luego 4 h presencia +4 h preparación."
F11,1.11.4.1.2.2.2,"Acompañamiento E1, ola 2, día 2, zona 2",13,1,8,José Lara Arce,"Registro diario, turno, zona, tarea, incidencia y relevo; 8 h presencia días 1--14, luego 4 h presencia +4 h preparación."
F11,1.11.4.1.2.3.1,"Acompañamiento E1, ola 2, día 3, zona 1",13,1,8,José Lara Arce,"Registro diario, turno, zona, tarea, incidencia y relevo; 8 h presencia días 1--14, luego 4 h presencia +4 h preparación."
F11,1.11.4.1.2.3.2,"Acompañamiento E1, ola 2, día 3, zona 2",13,1,8,José Lara Arce,"Registro diario, turno, zona, tarea, incidencia y relevo; 8 h presencia días 1--14, luego 4 h presencia +4 h preparación."
F11,1.11.4.1.2.4.1,"Acompañamiento E1, ola 2, día 4, zona 1",13,1,8,José Lara Arce,"Registro diario, turno, zona, tarea, incidencia y relevo; 8 h presencia días 1--14, luego 4 h presencia +4 h preparación."
F11,1.11.4.1.2.4.2,"Acompañamiento E1, ola 2, día 4, zona 2",13,1,8,José Lara Arce,"Registro diario, turno, zona, tarea, incidencia y relevo; 8 h presencia días 1--14, luego 4 h presencia +4 h preparación."
F11,1.11.4.1.2.5.1,"Acompañamiento E1, ola 2, día 5, zona 1",13,1,8,José Lara Arce,"Registro diario, turno, zona, tarea, incidencia y relevo; 8 h presencia días 1--14, luego 4 h presencia +4 h preparación."
F11,1.11.4.1.2.5.2,"Acompañamiento E1, ola 2, día 5, zona 2",13,1,8,José Lara Arce,"Registro diario, turno, zona, tarea, incidencia y relevo; 8 h presencia días 1--14, luego 4 h presencia +4 h preparación."
F11,1.11.4.1.2.6.1,"Acompañamiento E1, ola 2, día 6, zona 1",13,1,8,José Lara Arce,"Registro diario, turno, zona, tarea, incidencia y relevo; 8 h presencia días 1--14, luego 4 h presencia +4 h preparación."
F11,1.11.4.1.2.6.2,"Acompañamiento E1, ola 2, día 6, zona 2",13,1,8,José Lara Arce,"Registro diario, turno, zona, tarea, incidencia y relevo; 8 h presencia días 1--14, luego 4 h presencia +4 h preparación."
F11,1.11.4.1.2.7.1,"Acompañamiento E1, ola 2, día 7, zona 1",13,1,8,José Lara Arce,"Registro diario, turno, zona, tarea, incidencia y relevo; 8 h presencia días 1--14, luego 4 h presencia +4 h preparación."
F11,1.11.4.1.2.7.2,"Acompañamiento E1, ola 2, día 7, zona 2",13,1,8,José Lara Arce,"Registro diario, turno, zona, tarea, incidencia y relevo; 8 h presencia días 1--14, luego 4 h presencia +4 h preparación."
F11,1.11.4.1.2.8.1,"Acompañamiento E1, ola 2, día 8, zona 1",13,1,8,José Lara Arce,"Registro diario, turno, zona, tarea, incidencia y relevo; 8 h presencia días 1--14, luego 4 h presencia +4 h preparación."
F11,1.11.4.1.2.8.2,"Acompañamiento E1, ola 2, día 8, zona 2",13,1,8,José Lara Arce,"Registro diario, turno, zona, tarea, incidencia y relevo; 8 h presencia días 1--14, luego 4 h presencia +4 h preparación."
F11,1.11.4.1.2.9.1,"Acompañamiento E1, ola 2, día 9, zona 1",13,1,8,José Lara Arce,"Registro diario, turno, zona, tarea, incidencia y relevo; 8 h presencia días 1--14, luego 4 h presencia +4 h preparación."
F11,1.11.4.1.2.9.2,"Acompañamiento E1, ola 2, día 9, zona 2",13,1,8,José Lara Arce,"Registro diario, turno, zona, tarea, incidencia y relevo; 8 h presencia días 1--14, luego 4 h presencia +4 h preparación."
F11,1.11.4.1.2.10.1,"Acompañamiento E1, ola 2, día 10, zona 1",13,1,8,José Lara Arce,"Registro diario, turno, zona, tarea, incidencia y relevo; 8 h presencia días 1--14, luego 4 h presencia +4 h preparación."
F11,1.11.4.1.2.10.2,"Acompañamiento E1, ola 2, día 10, zona 2",13,1,8,José Lara Arce,"Registro diario, turno, zona, tarea, incidencia y relevo; 8 h presencia días 1--14, luego 4 h presencia +4 h preparación."
F11,1.11.4.1.2.11.1,"Acompañamiento E1, ola 2, día 11, zona 1",13,1,8,José Lara Arce,"Registro diario, turno, zona, tarea, incidencia y relevo; 8 h presencia días 1--14, luego 4 h presencia +4 h preparación."
F11,1.11.4.1.2.11.2,"Acompañamiento E1, ola 2, día 11, zona 2",13,1,8,José Lara Arce,"Registro diario, turno, zona, tarea, incidencia y relevo; 8 h presencia días 1--14, luego 4 h presencia +4 h preparación."
F11,1.11.4.1.2.12.1,"Acompañamiento E1, ola 2, día 12, zona 1",13,1,8,José Lara Arce,"Registro diario, turno, zona, tarea, incidencia y relevo; 8 h presencia días 1--14, luego 4 h presencia +4 h preparación."
F11,1.11.4.1.2.12.2,"Acompañamiento E1, ola 2, día 12, zona 2",13,1,8,José Lara Arce,"Registro diario, turno, zona, tarea, incidencia y relevo; 8 h presencia días 1--14, luego 4 h presencia +4 h preparación."
F11,1.11.4.1.2.13.1,"Acompañamiento E1, ola 2, día 13, zona 1",13,1,8,José Lara Arce,"Registro diario, turno, zona, tarea, incidencia y relevo; 8 h presencia días 1--14, luego 4 h presencia +4 h preparación."
F11,1.11.4.1.2.13.2,"Acompañamiento E1, ola 2, día 13, zona 2",13,1,8,José Lara Arce,"Registro diario, turno, zona, tarea, incidencia y relevo; 8 h presencia días 1--14, luego 4 h presencia +4 h preparación."
F11,1.11.4.1.2.14.1,"Acompañamiento E1, ola 2, día 14, zona 1",13,1,8,José Lara Arce,"Registro diario, turno, zona, tarea, incidencia y relevo; 8 h presencia días 1--14, luego 4 h presencia +4 h preparación."
F11,1.11.4.1.2.14.2,"Acompañamiento E1, ola 2, día 14, zona 2",13,1,8,José Lara Arce,"Registro diario, turno, zona, tarea, incidencia y relevo; 8 h presencia días 1--14, luego 4 h presencia +4 h preparación."
F11,1.11.4.1.2.15.1,"Acompañamiento E1, ola 2, día 15, zona 1",13,1,8,José Lara Arce,"Registro diario, turno, zona, tarea, incidencia y relevo; 8 h presencia días 1--14, luego 4 h presencia +4 h preparación."
F11,1.11.4.1.2.15.2,"Acompañamiento E1, ola 2, día 15, zona 2",13,1,8,José Lara Arce,"Registro diario, turno, zona, tarea, incidencia y relevo; 8 h presencia días 1--14, luego 4 h presencia +4 h preparación."
F11,1.11.4.1.2.16.1,"Acompañamiento E1, ola 2, día 16, zona 1",13,1,8,José Lara Arce,"Registro diario, turno, zona, tarea, incidencia y relevo; 8 h presencia días 1--14, luego 4 h presencia +4 h preparación."
F11,1.11.4.1.2.16.2,"Acompañamiento E1, ola 2, día 16, zona 2",13,1,8,José Lara Arce,"Registro diario, turno, zona, tarea, incidencia y relevo; 8 h presencia días 1--14, luego 4 h presencia +4 h preparación."
F11,1.11.4.1.2.17.1,"Acompañamiento E1, ola 2, día 17, zona 1",13,1,8,José Lara Arce,"Registro diario, turno, zona, tarea, incidencia y relevo; 8 h presencia días 1--14, luego 4 h presencia +4 h preparación."
F11,1.11.4.1.2.17.2,"Acompañamiento E1, ola 2, día 17, zona 2",13,1,8,José Lara Arce,"Registro diario, turno, zona, tarea, incidencia y relevo; 8 h presencia días 1--14, luego 4 h presencia +4 h preparación."
F11,1.11.4.1.2.18.1,"Acompañamiento E1, ola 2, día 18, zona 1",13,1,8,José Lara Arce,"Registro diario, turno, zona, tarea, incidencia y relevo; 8 h presencia días 1--14, luego 4 h presencia +4 h preparación."
F11,1.11.4.1.2.18.2,"Acompañamiento E1, ola 2, día 18, zona 2",13,1,8,José Lara Arce,"Registro diario, turno, zona, tarea, incidencia y relevo; 8 h presencia días 1--14, luego 4 h presencia +4 h preparación."
F11,1.11.4.1.2.19.1,"Acompañamiento E1, ola 2, día 19, zona 1",13,1,8,José Lara Arce,"Registro diario, turno, zona, tarea, incidencia y relevo; 8 h presencia días 1--14, luego 4 h presencia +4 h preparación."
F11,1.11.4.1.2.19.2,"Acompañamiento E1, ola 2, día 19, zona 2",13,1,8,José Lara Arce,"Registro diario, turno, zona, tarea, incidencia y relevo; 8 h presencia días 1--14, luego 4 h presencia +4 h preparación."
F11,1.11.4.1.2.20.1,"Acompañamiento E1, ola 2, día 20, zona 1",13,1,8,José Lara Arce,"Registro diario, turno, zona, tarea, incidencia y relevo; 8 h presencia días 1--14, luego 4 h presencia +4 h preparación."
F11,1.11.4.1.2.20.2,"Acompañamiento E1, ola 2, día 20, zona 2",13,1,8,José Lara Arce,"Registro diario, turno, zona, tarea, incidencia y relevo; 8 h presencia días 1--14, luego 4 h presencia +4 h preparación."
F11,1.11.4.1.2.21.1,"Acompañamiento E1, ola 2, día 21, zona 1",13,1,8,José Lara Arce,"Registro diario, turno, zona, tarea, incidencia y relevo; 8 h presencia días 1--14, luego 4 h presencia +4 h preparación."
F11,1.11.4.1.2.21.2,"Acompañamiento E1, ola 2, día 21, zona 2",13,1,8,José Lara Arce,"Registro diario, turno, zona, tarea, incidencia y relevo; 8 h presencia días 1--14, luego 4 h presencia +4 h preparación."
F11,1.11.4.1.2.22.1,"Acompañamiento E1, ola 2, día 22, zona 1",13,1,8,José Lara Arce,"Registro diario, turno, zona, tarea, incidencia y relevo; 8 h presencia días 1--14, luego 4 h presencia +4 h preparación."
F11,1.11.4.1.2.22.2,"Acompañamiento E1, ola 2, día 22, zona 2",13,1,8,José Lara Arce,"Registro diario, turno, zona, tarea, incidencia y relevo; 8 h presencia días 1--14, luego 4 h presencia +4 h preparación."
F11,1.11.4.1.2.23.1,"Acompañamiento E1, ola 2, día 23, zona 1",13,1,8,José Lara Arce,"Registro diario, turno, zona, tarea, incidencia y relevo; 8 h presencia días 1--14, luego 4 h presencia +4 h preparación."
F11,1.11.4.1.2.23.2,"Acompañamiento E1, ola 2, día 23, zona 2",13,1,8,José Lara Arce,"Registro diario, turno, zona, tarea, incidencia y relevo; 8 h presencia días 1--14, luego 4 h presencia +4 h preparación."
F11,1.11.4.1.2.24.1,"Acompañamiento E1, ola 2, día 24, zona 1",13,1,8,José Lara Arce,"Registro diario, turno, zona, tarea, incidencia y relevo; 8 h presencia días 1--14, luego 4 h presencia +4 h preparación."
F11,1.11.4.1.2.24.2,"Acompañamiento E1, ola 2, día 24, zona 2",13,1,8,José Lara Arce,"Registro diario, turno, zona, tarea, incidencia y relevo; 8 h presencia días 1--14, luego 4 h presencia +4 h preparación."
F11,1.11.4.1.2.25.1,"Acompañamiento E1, ola 2, día 25, zona 1",13,1,8,José Lara Arce,"Registro diario, turno, zona, tarea, incidencia y relevo; 8 h presencia días 1--14, luego 4 h presencia +4 h preparación."
F11,1.11.4.1.2.25.2,"Acompañamiento E1, ola 2, día 25, zona 2",13,1,8,José Lara Arce,"Registro diario, turno, zona, tarea, incidencia y relevo; 8 h presencia días 1--14, luego 4 h presencia +4 h preparación."
F11,1.11.4.1.2.26.1,"Acompañamiento E1, ola 2, día 26, zona 1",13,1,8,José Lara Arce,"Registro diario, turno, zona, tarea, incidencia y relevo; 8 h presencia días 1--14, luego 4 h presencia +4 h preparación."
F11,1.11.4.1.2.26.2,"Acompañamiento E1, ola 2, día 26, zona 2",13,1,8,José Lara Arce,"Registro diario, turno, zona, tarea, incidencia y relevo; 8 h presencia días 1--14, luego 4 h presencia +4 h preparación."
F11,1.11.4.1.2.27.1,"Acompañamiento E1, ola 2, día 27, zona 1",13,1,8,José Lara Arce,"Registro diario, turno, zona, tarea, incidencia y relevo; 8 h presencia días 1--14, luego 4 h presencia +4 h preparación."
F11,1.11.4.1.2.27.2,"Acompañamiento E1, ola 2, día 27, zona 2",13,1,8,José Lara Arce,"Registro diario, turno, zona, tarea, incidencia y relevo; 8 h presencia días 1--14, luego 4 h presencia +4 h preparación."
F11,1.11.4.1.2.28.1,"Acompañamiento E1, ola 2, día 28, zona 1",13,1,8,José Lara Arce,"Registro diario, turno, zona, tarea, incidencia y relevo; 8 h presencia días 1--14, luego 4 h presencia +4 h preparación."
F11,1.11.4.1.2.28.2,"Acompañamiento E1, ola 2, día 28, zona 2",13,1,8,José Lara Arce,"Registro diario, turno, zona, tarea, incidencia y relevo; 8 h presencia días 1--14, luego 4 h presencia +4 h preparación."
F11,1.11.4.1.3.1.1,"Acompañamiento E1, ola 3, día 1, zona 1",13,1,8,José Lara Arce,"Registro diario, turno, zona, tarea, incidencia y relevo; 8 h presencia días 1--14, luego 4 h presencia +4 h preparación."
F11,1.11.4.1.3.1.2,"Acompañamiento E1, ola 3, día 1, zona 2",13,1,8,José Lara Arce,"Registro diario, turno, zona, tarea, incidencia y relevo; 8 h presencia días 1--14, luego 4 h presencia +4 h preparación."
F11,1.11.4.1.3.2.1,"Acompañamiento E1, ola 3, día 2, zona 1",13,1,8,José Lara Arce,"Registro diario, turno, zona, tarea, incidencia y relevo; 8 h presencia días 1--14, luego 4 h presencia +4 h preparación."
F11,1.11.4.1.3.2.2,"Acompañamiento E1, ola 3, día 2, zona 2",13,1,8,José Lara Arce,"Registro diario, turno, zona, tarea, incidencia y relevo; 8 h presencia días 1--14, luego 4 h presencia +4 h preparación."
F11,1.11.4.1.3.3.1,"Acompañamiento E1, ola 3, día 3, zona 1",13,1,8,José Lara Arce,"Registro diario, turno, zona, tarea, incidencia y relevo; 8 h presencia días 1--14, luego 4 h presencia +4 h preparación."
F11,1.11.4.1.3.3.2,"Acompañamiento E1, ola 3, día 3, zona 2",13,1,8,José Lara Arce,"Registro diario, turno, zona, tarea, incidencia y relevo; 8 h presencia días 1--14, luego 4 h presencia +4 h preparación."
F11,1.11.4.1.3.4.1,"Acompañamiento E1, ola 3, día 4, zona 1",13,1,8,José Lara Arce,"Registro diario, turno, zona, tarea, incidencia y relevo; 8 h presencia días 1--14, luego 4 h presencia +4 h preparación."
F11,1.11.4.1.3.4.2,"Acompañamiento E1, ola 3, día 4, zona 2",13,1,8,José Lara Arce,"Registro diario, turno, zona, tarea, incidencia y relevo; 8 h presencia días 1--14, luego 4 h presencia +4 h preparación."
F11,1.11.4.1.3.5.1,"Acompañamiento E1, ola 3, día 5, zona 1",13,1,8,José Lara Arce,"Registro diario, turno, zona, tarea, incidencia y relevo; 8 h presencia días 1--14, luego 4 h presencia +4 h preparación."
F11,1.11.4.1.3.5.2,"Acompañamiento E1, ola 3, día 5, zona 2",13,1,8,José Lara Arce,"Registro diario, turno, zona, tarea, incidencia y relevo; 8 h presencia días 1--14, luego 4 h presencia +4 h preparación."
F11,1.11.4.1.3.6.1,"Acompañamiento E1, ola 3, día 6, zona 1",13,1,8,José Lara Arce,"Registro diario, turno, zona, tarea, incidencia y relevo; 8 h presencia días 1--14, luego 4 h presencia +4 h preparación."
F11,1.11.4.1.3.6.2,"Acompañamiento E1, ola 3, día 6, zona 2",13,1,8,José Lara Arce,"Registro diario, turno, zona, tarea, incidencia y relevo; 8 h presencia días 1--14, luego 4 h presencia +4 h preparación."
F11,1.11.4.1.3.7.1,"Acompañamiento E1, ola 3, día 7, zona 1",13,1,8,José Lara Arce,"Registro diario, turno, zona, tarea, incidencia y relevo; 8 h presencia días 1--14, luego 4 h presencia +4 h preparación."
F11,1.11.4.1.3.7.2,"Acompañamiento E1, ola 3, día 7, zona 2",13,1,8,José Lara Arce,"Registro diario, turno, zona, tarea, incidencia y relevo; 8 h presencia días 1--14, luego 4 h presencia +4 h preparación."
F11,1.11.4.1.3.8.1,"Acompañamiento E1, ola 3, día 8, zona 1",13,1,8,José Lara Arce,"Registro diario, turno, zona, tarea, incidencia y relevo; 8 h presencia días 1--14, luego 4 h presencia +4 h preparación."
F11,1.11.4.1.3.8.2,"Acompañamiento E1, ola 3, día 8, zona 2",13,1,8,José Lara Arce,"Registro diario, turno, zona, tarea, incidencia y relevo; 8 h presencia días 1--14, luego 4 h presencia +4 h preparación."
F11,1.11.4.1.3.9.1,"Acompañamiento E1, ola 3, día 9, zona 1",13,1,8,José Lara Arce,"Registro diario, turno, zona, tarea, incidencia y relevo; 8 h presencia días 1--14, luego 4 h presencia +4 h preparación."
F11,1.11.4.1.3.9.2,"Acompañamiento E1, ola 3, día 9, zona 2",13,1,8,José Lara Arce,"Registro diario, turno, zona, tarea, incidencia y relevo; 8 h presencia días 1--14, luego 4 h presencia +4 h preparación."
F11,1.11.4.1.3.10.1,"Acompañamiento E1, ola 3, día 10, zona 1",13,1,8,José Lara Arce,"Registro diario, turno, zona, tarea, incidencia y relevo; 8 h presencia días 1--14, luego 4 h presencia +4 h preparación."
F11,1.11.4.1.3.10.2,"Acompañamiento E1, ola 3, día 10, zona 2",13,1,8,José Lara Arce,"Registro diario, turno, zona, tarea, incidencia y relevo; 8 h presencia días 1--14, luego 4 h presencia +4 h preparación."
F11,1.11.4.1.3.11.1,"Acompañamiento E1, ola 3, día 11, zona 1",13,1,8,José Lara Arce,"Registro diario, turno, zona, tarea, incidencia y relevo; 8 h presencia días 1--14, luego 4 h presencia +4 h preparación."
F11,1.11.4.1.3.11.2,"Acompañamiento E1, ola 3, día 11, zona 2",13,1,8,José Lara Arce,"Registro diario, turno, zona, tarea, incidencia y relevo; 8 h presencia días 1--14, luego 4 h presencia +4 h preparación."
F11,1.11.4.1.3.12.1,"Acompañamiento E1, ola 3, día 12, zona 1",13,1,8,José Lara Arce,"Registro diario, turno, zona, tarea, incidencia y relevo; 8 h presencia días 1--14, luego 4 h presencia +4 h preparación."
F11,1.11.4.1.3.12.2,"Acompañamiento E1, ola 3, día 12, zona 2",13,1,8,José Lara Arce,"Registro diario, turno, zona, tarea, incidencia y relevo; 8 h presencia días 1--14, luego 4 h presencia +4 h preparación."
F11,1.11.4.1.3.13.1,"Acompañamiento E1, ola 3, día 13, zona 1",13,1,8,José Lara Arce,"Registro diario, turno, zona, tarea, incidencia y relevo; 8 h presencia días 1--14, luego 4 h presencia +4 h preparación."
F11,1.11.4.1.3.13.2,"Acompañamiento E1, ola 3, día 13, zona 2",13,1,8,José Lara Arce,"Registro diario, turno, zona, tarea, incidencia y relevo; 8 h presencia días 1--14, luego 4 h presencia +4 h preparación."
F11,1.11.4.1.3.14.1,"Acompañamiento E1, ola 3, día 14, zona 1",13,1,8,José Lara Arce,"Registro diario, turno, zona, tarea, incidencia y relevo; 8 h presencia días 1--14, luego 4 h presencia +4 h preparación."
F11,1.11.4.1.3.14.2,"Acompañamiento E1, ola 3, día 14, zona 2",13,1,8,José Lara Arce,"Registro diario, turno, zona, tarea, incidencia y relevo; 8 h presencia días 1--14, luego 4 h presencia +4 h preparación."
F11,1.11.4.1.3.15.1,"Acompañamiento E1, ola 3, día 15, zona 1",13,1,8,José Lara Arce,"Registro diario, turno, zona, tarea, incidencia y relevo; 8 h presencia días 1--14, luego 4 h presencia +4 h preparación."
F11,1.11.4.1.3.15.2,"Acompañamiento E1, ola 3, día 15, zona 2",13,1,8,José Lara Arce,"Registro diario, turno, zona, tarea, incidencia y relevo; 8 h presencia días 1--14, luego 4 h presencia +4 h preparación."
F11,1.11.4.1.3.16.1,"Acompañamiento E1, ola 3, día 16, zona 1",13,1,8,José Lara Arce,"Registro diario, turno, zona, tarea, incidencia y relevo; 8 h presencia días 1--14, luego 4 h presencia +4 h preparación."
F11,1.11.4.1.3.16.2,"Acompañamiento E1, ola 3, día 16, zona 2",13,1,8,José Lara Arce,"Registro diario, turno, zona, tarea, incidencia y relevo; 8 h presencia días 1--14, luego 4 h presencia +4 h preparación."
F11,1.11.4.1.3.17.1,"Acompañamiento E1, ola 3, día 17, zona 1",13,1,8,José Lara Arce,"Registro diario, turno, zona, tarea, incidencia y relevo; 8 h presencia días 1--14, luego 4 h presencia +4 h preparación."
F11,1.11.4.1.3.17.2,"Acompañamiento E1, ola 3, día 17, zona 2",13,1,8,José Lara Arce,"Registro diario, turno, zona, tarea, incidencia y relevo; 8 h presencia días 1--14, luego 4 h presencia +4 h preparación."
F11,1.11.4.1.3.18.1,"Acompañamiento E1, ola 3, día 18, zona 1",13,1,8,José Lara Arce,"Registro diario, turno, zona, tarea, incidencia y relevo; 8 h presencia días 1--14, luego 4 h presencia +4 h preparación."
F11,1.11.4.1.3.18.2,"Acompañamiento E1, ola 3, día 18, zona 2",13,1,8,José Lara Arce,"Registro diario, turno, zona, tarea, incidencia y relevo; 8 h presencia días 1--14, luego 4 h presencia +4 h preparación."
F11,1.11.4.1.3.19.1,"Acompañamiento E1, ola 3, día 19, zona 1",13,1,8,José Lara Arce,"Registro diario, turno, zona, tarea, incidencia y relevo; 8 h presencia días 1--14, luego 4 h presencia +4 h preparación."
F11,1.11.4.1.3.19.2,"Acompañamiento E1, ola 3, día 19, zona 2",13,1,8,José Lara Arce,"Registro diario, turno, zona, tarea, incidencia y relevo; 8 h presencia días 1--14, luego 4 h presencia +4 h preparación."
F11,1.11.4.1.3.20.1,"Acompañamiento E1, ola 3, día 20, zona 1",13,1,8,José Lara Arce,"Registro diario, turno, zona, tarea, incidencia y relevo; 8 h presencia días 1--14, luego 4 h presencia +4 h preparación."
F11,1.11.4.1.3.20.2,"Acompañamiento E1, ola 3, día 20, zona 2",13,1,8,José Lara Arce,"Registro diario, turno, zona, tarea, incidencia y relevo; 8 h presencia días 1--14, luego 4 h presencia +4 h preparación."
F11,1.11.4.1.3.21.1,"Acompañamiento E1, ola 3, día 21, zona 1",13,1,8,José Lara Arce,"Registro diario, turno, zona, tarea, incidencia y relevo; 8 h presencia días 1--14, luego 4 h presencia +4 h preparación."
F11,1.11.4.1.3.21.2,"Acompañamiento E1, ola 3, día 21, zona 2",13,1,8,José Lara Arce,"Registro diario, turno, zona, tarea, incidencia y relevo; 8 h presencia días 1--14, luego 4 h presencia +4 h preparación."
F11,1.11.4.1.3.22.1,"Acompañamiento E1, ola 3, día 22, zona 1",13,1,8,José Lara Arce,"Registro diario, turno, zona, tarea, incidencia y relevo; 8 h presencia días 1--14, luego 4 h presencia +4 h preparación."
F11,1.11.4.1.3.22.2,"Acompañamiento E1, ola 3, día 22, zona 2",13,1,8,José Lara Arce,"Registro diario, turno, zona, tarea, incidencia y relevo; 8 h presencia días 1--14, luego 4 h presencia +4 h preparación."
F11,1.11.4.1.3.23.1,"Acompañamiento E1, ola 3, día 23, zona 1",13,1,8,José Lara Arce,"Registro diario, turno, zona, tarea, incidencia y relevo; 8 h presencia días 1--14, luego 4 h presencia +4 h preparación."
F11,1.11.4.1.3.23.2,"Acompañamiento E1, ola 3, día 23, zona 2",13,1,8,José Lara Arce,"Registro diario, turno, zona, tarea, incidencia y relevo; 8 h presencia días 1--14, luego 4 h presencia +4 h preparación."
F11,1.11.4.1.3.24.1,"Acompañamiento E1, ola 3, día 24, zona 1",13,1,8,José Lara Arce,"Registro diario, turno, zona, tarea, incidencia y relevo; 8 h presencia días 1--14, luego 4 h presencia +4 h preparación."
F11,1.11.4.1.3.24.2,"Acompañamiento E1, ola 3, día 24, zona 2",13,1,8,José Lara Arce,"Registro diario, turno, zona, tarea, incidencia y relevo; 8 h presencia días 1--14, luego 4 h presencia +4 h preparación."
F11,1.11.4.1.3.25.1,"Acompañamiento E1, ola 3, día 25, zona 1",13,1,8,José Lara Arce,"Registro diario, turno, zona, tarea, incidencia y relevo; 8 h presencia días 1--14, luego 4 h presencia +4 h preparación."
F11,1.11.4.1.3.25.2,"Acompañamiento E1, ola 3, día 25, zona 2",13,1,8,José Lara Arce,"Registro diario, turno, zona, tarea, incidencia y relevo; 8 h presencia días 1--14, luego 4 h presencia +4 h preparación."
F11,1.11.4.1.3.26.1,"Acompañamiento E1, ola 3, día 26, zona 1",13,1,8,José Lara Arce,"Registro diario, turno, zona, tarea, incidencia y relevo; 8 h presencia días 1--14, luego 4 h presencia +4 h preparación."
F11,1.11.4.1.3.26.2,"Acompañamiento E1, ola 3, día 26, zona 2",13,1,8,José Lara Arce,"Registro diario, turno, zona, tarea, incidencia y relevo; 8 h presencia días 1--14, luego 4 h presencia +4 h preparación."
F11,1.11.4.1.3.27.1,"Acompañamiento E1, ola 3, día 27, zona 1",13,1,8,José Lara Arce,"Registro diario, turno, zona, tarea, incidencia y relevo; 8 h presencia días 1--14, luego 4 h presencia +4 h preparación."
F11,1.11.4.1.3.27.2,"Acompañamiento E1, ola 3, día 27, zona 2",13,1,8,José Lara Arce,"Registro diario, turno, zona, tarea, incidencia y relevo; 8 h presencia días 1--14, luego 4 h presencia +4 h preparación."
F11,1.11.4.1.3.28.1,"Acompañamiento E1, ola 3, día 28, zona 1",13,1,8,José Lara Arce,"Registro diario, turno, zona, tarea, incidencia y relevo; 8 h presencia días 1--14, luego 4 h presencia +4 h preparación."
F11,1.11.4.1.3.28.2,"Acompañamiento E1, ola 3, día 28, zona 2",13,1,8,José Lara Arce,"Registro diario, turno, zona, tarea, incidencia y relevo; 8 h presencia días 1--14, luego 4 h presencia +4 h preparación."
F11,1.11.4.1.4.1.1,"Acompañamiento E1, ola 4, día 1, zona 1",13,1,8,José Lara Arce,"Registro diario, turno, zona, tarea, incidencia y relevo; 8 h presencia días 1--14, luego 4 h presencia +4 h preparación."
F11,1.11.4.1.4.1.2,"Acompañamiento E1, ola 4, día 1, zona 2",13,1,8,José Lara Arce,"Registro diario, turno, zona, tarea, incidencia y relevo; 8 h presencia días 1--14, luego 4 h presencia +4 h preparación."
F11,1.11.4.1.4.2.1,"Acompañamiento E1, ola 4, día 2, zona 1",13,1,8,José Lara Arce,"Registro diario, turno, zona, tarea, incidencia y relevo; 8 h presencia días 1--14, luego 4 h presencia +4 h preparación."
F11,1.11.4.1.4.2.2,"Acompañamiento E1, ola 4, día 2, zona 2",13,1,8,José Lara Arce,"Registro diario, turno, zona, tarea, incidencia y relevo; 8 h presencia días 1--14, luego 4 h presencia +4 h preparación."
F11,1.11.4.1.4.3.1,"Acompañamiento E1, ola 4, día 3, zona 1",13,1,8,José Lara Arce,"Registro diario, turno, zona, tarea, incidencia y relevo; 8 h presencia días 1--14, luego 4 h presencia +4 h preparación."
F11,1.11.4.1.4.3.2,"Acompañamiento E1, ola 4, día 3, zona 2",13,1,8,José Lara Arce,"Registro diario, turno, zona, tarea, incidencia y relevo; 8 h presencia días 1--14, luego 4 h presencia +4 h preparación."
F11,1.11.4.1.4.4.1,"Acompañamiento E1, ola 4, día 4, zona 1",13,1,8,José Lara Arce,"Registro diario, turno, zona, tarea, incidencia y relevo; 8 h presencia días 1--14, luego 4 h presencia +4 h preparación."
F11,1.11.4.1.4.4.2,"Acompañamiento E1, ola 4, día 4, zona 2",13,1,8,José Lara Arce,"Registro diario, turno, zona, tarea, incidencia y relevo; 8 h presencia días 1--14, luego 4 h presencia +4 h preparación."
F11,1.11.4.1.4.5.1,"Acompañamiento E1, ola 4, día 5, zona 1",13,1,8,José Lara Arce,"Registro diario, turno, zona, tarea, incidencia y relevo; 8 h presencia días 1--14, luego 4 h presencia +4 h preparación."
F11,1.11.4.1.4.5.2,"Acompañamiento E1, ola 4, día 5, zona 2",13,1,8,José Lara Arce,"Registro diario, turno, zona, tarea, incidencia y relevo; 8 h presencia días 1--14, luego 4 h presencia +4 h preparación."
F11,1.11.4.1.4.6.1,"Acompañamiento E1, ola 4, día 6, zona 1",13,1,8,José Lara Arce,"Registro diario, turno, zona, tarea, incidencia y relevo; 8 h presencia días 1--14, luego 4 h presencia +4 h preparación."
F11,1.11.4.1.4.6.2,"Acompañamiento E1, ola 4, día 6, zona 2",13,1,8,José Lara Arce,"Registro diario, turno, zona, tarea, incidencia y relevo; 8 h presencia días 1--14, luego 4 h presencia +4 h preparación."
F11,1.11.4.1.4.7.1,"Acompañamiento E1, ola 4, día 7, zona 1",13,1,8,José Lara Arce,"Registro diario, turno, zona, tarea, incidencia y relevo; 8 h presencia días 1--14, luego 4 h presencia +4 h preparación."
F11,1.11.4.1.4.7.2,"Acompañamiento E1, ola 4, día 7, zona 2",13,1,8,José Lara Arce,"Registro diario, turno, zona, tarea, incidencia y relevo; 8 h presencia días 1--14, luego 4 h presencia +4 h preparación."
F11,1.11.4.1.4.8.1,"Acompañamiento E1, ola 4, día 8, zona 1",13,1,8,José Lara Arce,"Registro diario, turno, zona, tarea, incidencia y relevo; 8 h presencia días 1--14, luego 4 h presencia +4 h preparación."
F11,1.11.4.1.4.8.2,"Acompañamiento E1, ola 4, día 8, zona 2",13,1,8,José Lara Arce,"Registro diario, turno, zona, tarea, incidencia y relevo; 8 h presencia días 1--14, luego 4 h presencia +4 h preparación."
F11,1.11.4.1.4.9.1,"Acompañamiento E1, ola 4, día 9, zona 1",13,1,8,José Lara Arce,"Registro diario, turno, zona, tarea, incidencia y relevo; 8 h presencia días 1--14, luego 4 h presencia +4 h preparación."
F11,1.11.4.1.4.9.2,"Acompañamiento E1, ola 4, día 9, zona 2",13,1,8,José Lara Arce,"Registro diario, turno, zona, tarea, incidencia y relevo; 8 h presencia días 1--14, luego 4 h presencia +4 h preparación."
F11,1.11.4.1.4.10.1,"Acompañamiento E1, ola 4, día 10, zona 1",13,1,8,José Lara Arce,"Registro diario, turno, zona, tarea, incidencia y relevo; 8 h presencia días 1--14, luego 4 h presencia +4 h preparación."
F11,1.11.4.1.4.10.2,"Acompañamiento E1, ola 4, día 10, zona 2",13,1,8,José Lara Arce,"Registro diario, turno, zona, tarea, incidencia y relevo; 8 h presencia días 1--14, luego 4 h presencia +4 h preparación."
F11,1.11.4.1.4.11.1,"Acompañamiento E1, ola 4, día 11, zona 1",13,1,8,José Lara Arce,"Registro diario, turno, zona, tarea, incidencia y relevo; 8 h presencia días 1--14, luego 4 h presencia +4 h preparación."
F11,1.11.4.1.4.11.2,"Acompañamiento E1, ola 4, día 11, zona 2",13,1,8,José Lara Arce,"Registro diario, turno, zona, tarea, incidencia y relevo; 8 h presencia días 1--14, luego 4 h presencia +4 h preparación."
F11,1.11.4.1.4.12.1,"Acompañamiento E1, ola 4, día 12, zona 1",13,1,8,José Lara Arce,"Registro diario, turno, zona, tarea, incidencia y relevo; 8 h presencia días 1--14, luego 4 h presencia +4 h preparación."
F11,1.11.4.1.4.12.2,"Acompañamiento E1, ola 4, día 12, zona 2",13,1,8,José Lara Arce,"Registro diario, turno, zona, tarea, incidencia y relevo; 8 h presencia días 1--14, luego 4 h presencia +4 h preparación."
F11,1.11.4.1.4.13.1,"Acompañamiento E1, ola 4, día 13, zona 1",13,1,8,José Lara Arce,"Registro diario, turno, zona, tarea, incidencia y relevo; 8 h presencia días 1--14, luego 4 h presencia +4 h preparación."
F11,1.11.4.1.4.13.2,"Acompañamiento E1, ola 4, día 13, zona 2",13,1,8,José Lara Arce,"Registro diario, turno, zona, tarea, incidencia y relevo; 8 h presencia días 1--14, luego 4 h presencia +4 h preparación."
F11,1.11.4.1.4.14.1,"Acompañamiento E1, ola 4, día 14, zona 1",13,1,8,José Lara Arce,"Registro diario, turno, zona, tarea, incidencia y relevo; 8 h presencia días 1--14, luego 4 h presencia +4 h preparación."
F11,1.11.4.1.4.14.2,"Acompañamiento E1, ola 4, día 14, zona 2",13,1,8,José Lara Arce,"Registro diario, turno, zona, tarea, incidencia y relevo; 8 h presencia días 1--14, luego 4 h presencia +4 h preparación."
F11,1.11.4.1.4.15.1,"Acompañamiento E1, ola 4, día 15, zona 1",13,1,8,José Lara Arce,"Registro diario, turno, zona, tarea, incidencia y relevo; 8 h presencia días 1--14, luego 4 h presencia +4 h preparación."
F11,1.11.4.1.4.15.2,"Acompañamiento E1, ola 4, día 15, zona 2",13,1,8,José Lara Arce,"Registro diario, turno, zona, tarea, incidencia y relevo; 8 h presencia días 1--14, luego 4 h presencia +4 h preparación."
F11,1.11.4.1.4.16.1,"Acompañamiento E1, ola 4, día 16, zona 1",13,1,8,José Lara Arce,"Registro diario, turno, zona, tarea, incidencia y relevo; 8 h presencia días 1--14, luego 4 h presencia +4 h preparación."
F11,1.11.4.1.4.16.2,"Acompañamiento E1, ola 4, día 16, zona 2",13,1,8,José Lara Arce,"Registro diario, turno, zona, tarea, incidencia y relevo; 8 h presencia días 1--14, luego 4 h presencia +4 h preparación."
F11,1.11.4.1.4.17.1,"Acompañamiento E1, ola 4, día 17, zona 1",13,1,8,José Lara Arce,"Registro diario, turno, zona, tarea, incidencia y relevo; 8 h presencia días 1--14, luego 4 h presencia +4 h preparación."
F11,1.11.4.1.4.17.2,"Acompañamiento E1, ola 4, día 17, zona 2",13,1,8,José Lara Arce,"Registro diario, turno, zona, tarea, incidencia y relevo; 8 h presencia días 1--14, luego 4 h presencia +4 h preparación."
F11,1.11.4.1.4.18.1,"Acompañamiento E1, ola 4, día 18, zona 1",13,1,8,José Lara Arce,"Registro diario, turno, zona, tarea, incidencia y relevo; 8 h presencia días 1--14, luego 4 h presencia +4 h preparación."
F11,1.11.4.1.4.18.2,"Acompañamiento E1, ola 4, día 18, zona 2",13,1,8,José Lara Arce,"Registro diario, turno, zona, tarea, incidencia y relevo; 8 h presencia días 1--14, luego 4 h presencia +4 h preparación."
F11,1.11.4.1.4.19.1,"Acompañamiento E1, ola 4, día 19, zona 1",13,1,8,José Lara Arce,"Registro diario, turno, zona, tarea, incidencia y relevo; 8 h presencia días 1--14, luego 4 h presencia +4 h preparación."
F11,1.11.4.1.4.19.2,"Acompañamiento E1, ola 4, día 19, zona 2",13,1,8,José Lara Arce,"Registro diario, turno, zona, tarea, incidencia y relevo; 8 h presencia días 1--14, luego 4 h presencia +4 h preparación."
F11,1.11.4.1.4.20.1,"Acompañamiento E1, ola 4, día 20, zona 1",13,1,8,José Lara Arce,"Registro diario, turno, zona, tarea, incidencia y relevo; 8 h presencia días 1--14, luego 4 h presencia +4 h preparación."
F11,1.11.4.1.4.20.2,"Acompañamiento E1, ola 4, día 20, zona 2",13,1,8,José Lara Arce,"Registro diario, turno, zona, tarea, incidencia y relevo; 8 h presencia días 1--14, luego 4 h presencia +4 h preparación."
F11,1.11.4.1.4.21.1,"Acompañamiento E1, ola 4, día 21, zona 1",13,1,8,José Lara Arce,"Registro diario, turno, zona, tarea, incidencia y relevo; 8 h presencia días 1--14, luego 4 h presencia +4 h preparación."
F11,1.11.4.1.4.21.2,"Acompañamiento E1, ola 4, día 21, zona 2",13,1,8,José Lara Arce,"Registro diario, turno, zona, tarea, incidencia y relevo; 8 h presencia días 1--14, luego 4 h presencia +4 h preparación."
F11,1.11.4.1.4.22.1,"Acompañamiento E1, ola 4, día 22, zona 1",13,1,8,José Lara Arce,"Registro diario, turno, zona, tarea, incidencia y relevo; 8 h presencia días 1--14, luego 4 h presencia +4 h preparación."
F11,1.11.4.1.4.22.2,"Acompañamiento E1, ola 4, día 22, zona 2",13,1,8,José Lara Arce,"Registro diario, turno, zona, tarea, incidencia y relevo; 8 h presencia días 1--14, luego 4 h presencia +4 h preparación."
F11,1.11.4.1.4.23.1,"Acompañamiento E1, ola 4, día 23, zona 1",13,1,8,José Lara Arce,"Registro diario, turno, zona, tarea, incidencia y relevo; 8 h presencia días 1--14, luego 4 h presencia +4 h preparación."
F11,1.11.4.1.4.23.2,"Acompañamiento E1, ola 4, día 23, zona 2",13,1,8,José Lara Arce,"Registro diario, turno, zona, tarea, incidencia y relevo; 8 h presencia días 1--14, luego 4 h presencia +4 h preparación."
F11,1.11.4.1.4.24.1,"Acompañamiento E1, ola 4, día 24, zona 1",13,1,8,José Lara Arce,"Registro diario, turno, zona, tarea, incidencia y relevo; 8 h presencia días 1--14, luego 4 h presencia +4 h preparación."
F11,1.11.4.1.4.24.2,"Acompañamiento E1, ola 4, día 24, zona 2",13,1,8,José Lara Arce,"Registro diario, turno, zona, tarea, incidencia y relevo; 8 h presencia días 1--14, luego 4 h presencia +4 h preparación."
F11,1.11.4.1.4.25.1,"Acompañamiento E1, ola 4, día 25, zona 1",13,1,8,José Lara Arce,"Registro diario, turno, zona, tarea, incidencia y relevo; 8 h presencia días 1--14, luego 4 h presencia +4 h preparación."
F11,1.11.4.1.4.25.2,"Acompañamiento E1, ola 4, día 25, zona 2",13,1,8,José Lara Arce,"Registro diario, turno, zona, tarea, incidencia y relevo; 8 h presencia días 1--14, luego 4 h presencia +4 h preparación."
F11,1.11.4.1.4.26.1,"Acompañamiento E1, ola 4, día 26, zona 1",13,1,8,José Lara Arce,"Registro diario, turno, zona, tarea, incidencia y relevo; 8 h presencia días 1--14, luego 4 h presencia +4 h preparación."
F11,1.11.4.1.4.26.2,"Acompañamiento E1, ola 4, día 26, zona 2",13,1,8,José Lara Arce,"Registro diario, turno, zona, tarea, incidencia y relevo; 8 h presencia días 1--14, luego 4 h presencia +4 h preparación."
F11,1.11.4.1.4.27.1,"Acompañamiento E1, ola 4, día 27, zona 1",13,1,8,José Lara Arce,"Registro diario, turno, zona, tarea, incidencia y relevo; 8 h presencia días 1--14, luego 4 h presencia +4 h preparación."
F11,1.11.4.1.4.27.2,"Acompañamiento E1, ola 4, día 27, zona 2",13,1,8,José Lara Arce,"Registro diario, turno, zona, tarea, incidencia y relevo; 8 h presencia días 1--14, luego 4 h presencia +4 h preparación."
F11,1.11.4.1.4.28.1,"Acompañamiento E1, ola 4, día 28, zona 1",13,1,8,José Lara Arce,"Registro diario, turno, zona, tarea, incidencia y relevo; 8 h presencia días 1--14, luego 4 h presencia +4 h preparación."
F11,1.11.4.1.4.28.2,"Acompañamiento E1, ola 4, día 28, zona 2",13,1,8,José Lara Arce,"Registro diario, turno, zona, tarea, incidencia y relevo; 8 h presencia días 1--14, luego 4 h presencia +4 h preparación."
F12,1.11.6.1.1.1,"Estabilización presencial E1, día 1, zona 1",16,1,8,José Lara Arce,"Dos puestos diarios, pantalanes y varadero, 28 días consecutivos, incluidos fines de semana; relevo e incidencias registrados."
F12,1.11.6.1.1.2,"Estabilización presencial E1, día 1, zona 2",16,1,8,José Lara Arce,"Dos puestos diarios, pantalanes y varadero, 28 días consecutivos, incluidos fines de semana; relevo e incidencias registrados."
F12,1.11.6.1.2.1,"Estabilización presencial E1, día 2, zona 1",16,1,8,José Lara Arce,"Dos puestos diarios, pantalanes y varadero, 28 días consecutivos, incluidos fines de semana; relevo e incidencias registrados."
F12,1.11.6.1.2.2,"Estabilización presencial E1, día 2, zona 2",16,1,8,José Lara Arce,"Dos puestos diarios, pantalanes y varadero, 28 días consecutivos, incluidos fines de semana; relevo e incidencias registrados."
F12,1.11.6.1.3.1,"Estabilización presencial E1, día 3, zona 1",16,1,8,José Lara Arce,"Dos puestos diarios, pantalanes y varadero, 28 días consecutivos, incluidos fines de semana; relevo e incidencias registrados."
F12,1.11.6.1.3.2,"Estabilización presencial E1, día 3, zona 2",16,1,8,José Lara Arce,"Dos puestos diarios, pantalanes y varadero, 28 días consecutivos, incluidos fines de semana; relevo e incidencias registrados."
F12,1.11.6.1.4.1,"Estabilización presencial E1, día 4, zona 1",16,1,8,José Lara Arce,"Dos puestos diarios, pantalanes y varadero, 28 días consecutivos, incluidos fines de semana; relevo e incidencias registrados."
F12,1.11.6.1.4.2,"Estabilización presencial E1, día 4, zona 2",16,1,8,José Lara Arce,"Dos puestos diarios, pantalanes y varadero, 28 días consecutivos, incluidos fines de semana; relevo e incidencias registrados."
F12,1.11.6.1.5.1,"Estabilización presencial E1, día 5, zona 1",16,1,8,José Lara Arce,"Dos puestos diarios, pantalanes y varadero, 28 días consecutivos, incluidos fines de semana; relevo e incidencias registrados."
F12,1.11.6.1.5.2,"Estabilización presencial E1, día 5, zona 2",16,1,8,José Lara Arce,"Dos puestos diarios, pantalanes y varadero, 28 días consecutivos, incluidos fines de semana; relevo e incidencias registrados."
F12,1.11.6.1.6.1,"Estabilización presencial E1, día 6, zona 1",16,1,8,José Lara Arce,"Dos puestos diarios, pantalanes y varadero, 28 días consecutivos, incluidos fines de semana; relevo e incidencias registrados."
F12,1.11.6.1.6.2,"Estabilización presencial E1, día 6, zona 2",16,1,8,José Lara Arce,"Dos puestos diarios, pantalanes y varadero, 28 días consecutivos, incluidos fines de semana; relevo e incidencias registrados."
F12,1.11.6.1.7.1,"Estabilización presencial E1, día 7, zona 1",16,1,8,José Lara Arce,"Dos puestos diarios, pantalanes y varadero, 28 días consecutivos, incluidos fines de semana; relevo e incidencias registrados."
F12,1.11.6.1.7.2,"Estabilización presencial E1, día 7, zona 2",16,1,8,José Lara Arce,"Dos puestos diarios, pantalanes y varadero, 28 días consecutivos, incluidos fines de semana; relevo e incidencias registrados."
F12,1.11.6.1.8.1,"Estabilización presencial E1, día 8, zona 1",16,1,8,José Lara Arce,"Dos puestos diarios, pantalanes y varadero, 28 días consecutivos, incluidos fines de semana; relevo e incidencias registrados."
F12,1.11.6.1.8.2,"Estabilización presencial E1, día 8, zona 2",16,1,8,José Lara Arce,"Dos puestos diarios, pantalanes y varadero, 28 días consecutivos, incluidos fines de semana; relevo e incidencias registrados."
F12,1.11.6.1.9.1,"Estabilización presencial E1, día 9, zona 1",16,1,8,José Lara Arce,"Dos puestos diarios, pantalanes y varadero, 28 días consecutivos, incluidos fines de semana; relevo e incidencias registrados."
F12,1.11.6.1.9.2,"Estabilización presencial E1, día 9, zona 2",16,1,8,José Lara Arce,"Dos puestos diarios, pantalanes y varadero, 28 días consecutivos, incluidos fines de semana; relevo e incidencias registrados."
F12,1.11.6.1.10.1,"Estabilización presencial E1, día 10, zona 1",16,1,8,José Lara Arce,"Dos puestos diarios, pantalanes y varadero, 28 días consecutivos, incluidos fines de semana; relevo e incidencias registrados."
F12,1.11.6.1.10.2,"Estabilización presencial E1, día 10, zona 2",16,1,8,José Lara Arce,"Dos puestos diarios, pantalanes y varadero, 28 días consecutivos, incluidos fines de semana; relevo e incidencias registrados."
F12,1.11.6.1.11.1,"Estabilización presencial E1, día 11, zona 1",16,1,8,José Lara Arce,"Dos puestos diarios, pantalanes y varadero, 28 días consecutivos, incluidos fines de semana; relevo e incidencias registrados."
F12,1.11.6.1.11.2,"Estabilización presencial E1, día 11, zona 2",16,1,8,José Lara Arce,"Dos puestos diarios, pantalanes y varadero, 28 días consecutivos, incluidos fines de semana; relevo e incidencias registrados."
F12,1.11.6.1.12.1,"Estabilización presencial E1, día 12, zona 1",16,1,8,José Lara Arce,"Dos puestos diarios, pantalanes y varadero, 28 días consecutivos, incluidos fines de semana; relevo e incidencias registrados."
F12,1.11.6.1.12.2,"Estabilización presencial E1, día 12, zona 2",16,1,8,José Lara Arce,"Dos puestos diarios, pantalanes y varadero, 28 días consecutivos, incluidos fines de semana; relevo e incidencias registrados."
F12,1.11.6.1.13.1,"Estabilización presencial E1, día 13, zona 1",16,1,8,José Lara Arce,"Dos puestos diarios, pantalanes y varadero, 28 días consecutivos, incluidos fines de semana; relevo e incidencias registrados."
F12,1.11.6.1.13.2,"Estabilización presencial E1, día 13, zona 2",16,1,8,José Lara Arce,"Dos puestos diarios, pantalanes y varadero, 28 días consecutivos, incluidos fines de semana; relevo e incidencias registrados."
F12,1.11.6.1.14.1,"Estabilización presencial E1, día 14, zona 1",16,1,8,José Lara Arce,"Dos puestos diarios, pantalanes y varadero, 28 días consecutivos, incluidos fines de semana; relevo e incidencias registrados."
F12,1.11.6.1.14.2,"Estabilización presencial E1, día 14, zona 2",16,1,8,José Lara Arce,"Dos puestos diarios, pantalanes y varadero, 28 días consecutivos, incluidos fines de semana; relevo e incidencias registrados."
F12,1.11.6.1.15.1,"Estabilización presencial E1, día 15, zona 1",16,1,8,José Lara Arce,"Dos puestos diarios, pantalanes y varadero, 28 días consecutivos, incluidos fines de semana; relevo e incidencias registrados."
F12,1.11.6.1.15.2,"Estabilización presencial E1, día 15, zona 2",16,1,8,José Lara Arce,"Dos puestos diarios, pantalanes y varadero, 28 días consecutivos, incluidos fines de semana; relevo e incidencias registrados."
F12,1.11.6.1.16.1,"Estabilización presencial E1, día 16, zona 1",16,1,8,José Lara Arce,"Dos puestos diarios, pantalanes y varadero, 28 días consecutivos, incluidos fines de semana; relevo e incidencias registrados."
F12,1.11.6.1.16.2,"Estabilización presencial E1, día 16, zona 2",16,1,8,José Lara Arce,"Dos puestos diarios, pantalanes y varadero, 28 días consecutivos, incluidos fines de semana; relevo e incidencias registrados."
F12,1.11.6.1.17.1,"Estabilización presencial E1, día 17, zona 1",16,1,8,José Lara Arce,"Dos puestos diarios, pantalanes y varadero, 28 días consecutivos, incluidos fines de semana; relevo e incidencias registrados."
F12,1.11.6.1.17.2,"Estabilización presencial E1, día 17, zona 2",16,1,8,José Lara Arce,"Dos puestos diarios, pantalanes y varadero, 28 días consecutivos, incluidos fines de semana; relevo e incidencias registrados."
F12,1.11.6.1.18.1,"Estabilización presencial E1, día 18, zona 1",16,1,8,José Lara Arce,"Dos puestos diarios, pantalanes y varadero, 28 días consecutivos, incluidos fines de semana; relevo e incidencias registrados."
F12,1.11.6.1.18.2,"Estabilización presencial E1, día 18, zona 2",16,1,8,José Lara Arce,"Dos puestos diarios, pantalanes y varadero, 28 días consecutivos, incluidos fines de semana; relevo e incidencias registrados."
F12,1.11.6.1.19.1,"Estabilización presencial E1, día 19, zona 1",16,1,8,José Lara Arce,"Dos puestos diarios, pantalanes y varadero, 28 días consecutivos, incluidos fines de semana; relevo e incidencias registrados."
F12,1.11.6.1.19.2,"Estabilización presencial E1, día 19, zona 2",16,1,8,José Lara Arce,"Dos puestos diarios, pantalanes y varadero, 28 días consecutivos, incluidos fines de semana; relevo e incidencias registrados."
F12,1.11.6.1.20.1,"Estabilización presencial E1, día 20, zona 1",16,1,8,José Lara Arce,"Dos puestos diarios, pantalanes y varadero, 28 días consecutivos, incluidos fines de semana; relevo e incidencias registrados."
F12,1.11.6.1.20.2,"Estabilización presencial E1, día 20, zona 2",16,1,8,José Lara Arce,"Dos puestos diarios, pantalanes y varadero, 28 días consecutivos, incluidos fines de semana; relevo e incidencias registrados."
F12,1.11.6.1.21.1,"Estabilización presencial E1, día 21, zona 1",16,1,8,José Lara Arce,"Dos puestos diarios, pantalanes y varadero, 28 días consecutivos, incluidos fines de semana; relevo e incidencias registrados."
F12,1.11.6.1.21.2,"Estabilización presencial E1, día 21, zona 2",16,1,8,José Lara Arce,"Dos puestos diarios, pantalanes y varadero, 28 días consecutivos, incluidos fines de semana; relevo e incidencias registrados."
F12,1.11.6.1.22.1,"Estabilización presencial E1, día 22, zona 1",16,1,8,José Lara Arce,"Dos puestos diarios, pantalanes y varadero, 28 días consecutivos, incluidos fines de semana; relevo e incidencias registrados."
F12,1.11.6.1.22.2,"Estabilización presencial E1, día 22, zona 2",16,1,8,José Lara Arce,"Dos puestos diarios, pantalanes y varadero, 28 días consecutivos, incluidos fines de semana; relevo e incidencias registrados."
F12,1.11.6.1.23.1,"Estabilización presencial E1, día 23, zona 1",16,1,8,José Lara Arce,"Dos puestos diarios, pantalanes y varadero, 28 días consecutivos, incluidos fines de semana; relevo e incidencias registrados."
F12,1.11.6.1.23.2,"Estabilización presencial E1, día 23, zona 2",16,1,8,José Lara Arce,"Dos puestos diarios, pantalanes y varadero, 28 días consecutivos, incluidos fines de semana; relevo e incidencias registrados."
F12,1.11.6.1.24.1,"Estabilización presencial E1, día 24, zona 1",16,1,8,José Lara Arce,"Dos puestos diarios, pantalanes y varadero, 28 días consecutivos, incluidos fines de semana; relevo e incidencias registrados."
F12,1.11.6.1.24.2,"Estabilización presencial E1, día 24, zona 2",16,1,8,José Lara Arce,"Dos puestos diarios, pantalanes y varadero, 28 días consecutivos, incluidos fines de semana; relevo e incidencias registrados."
F12,1.11.6.1.25.1,"Estabilización presencial E1, día 25, zona 1",16,1,8,José Lara Arce,"Dos puestos diarios, pantalanes y varadero, 28 días consecutivos, incluidos fines de semana; relevo e incidencias registrados."
F12,1.11.6.1.25.2,"Estabilización presencial E1, día 25, zona 2",16,1,8,José Lara Arce,"Dos puestos diarios, pantalanes y varadero, 28 días consecutivos, incluidos fines de semana; relevo e incidencias registrados."
F12,1.11.6.1.26.1,"Estabilización presencial E1, día 26, zona 1",16,1,8,José Lara Arce,"Dos puestos diarios, pantalanes y varadero, 28 días consecutivos, incluidos fines de semana; relevo e incidencias registrados."
F12,1.11.6.1.26.2,"Estabilización presencial E1, día 26, zona 2",16,1,8,José Lara Arce,"Dos puestos diarios, pantalanes y varadero, 28 días consecutivos, incluidos fines de semana; relevo e incidencias registrados."
F12,1.11.6.1.27.1,"Estabilización presencial E1, día 27, zona 1",16,1,8,José Lara Arce,"Dos puestos diarios, pantalanes y varadero, 28 días consecutivos, incluidos fines de semana; relevo e incidencias registrados."
F12,1.11.6.1.27.2,"Estabilización presencial E1, día 27, zona 2",16,1,8,José Lara Arce,"Dos puestos diarios, pantalanes y varadero, 28 días consecutivos, incluidos fines de semana; relevo e incidencias registrados."
F12,1.11.6.1.28.1,"Estabilización presencial E1, día 28, zona 1",16,1,8,José Lara Arce,"Dos puestos diarios, pantalanes y varadero, 28 días consecutivos, incluidos fines de semana; relevo e incidencias registrados."
F12,1.11.6.1.28.2,"Estabilización presencial E1, día 28, zona 2",16,1,8,José Lara Arce,"Dos puestos diarios, pantalanes y varadero, 28 días consecutivos, incluidos fines de semana; relevo e incidencias registrados."
F13,1.11.7.2.1.1.1,"Sesión y certificación E2, perfil 1, cohorte 1",18,1,12,José Lara Arce,"Dos sesiones de dos horas, ejercicio, registro individual y recuperación; máximo doce asistentes y sin interrumpir turnos."
F13,1.11.7.2.1.1.2,"Sesión y certificación E2, perfil 1, cohorte 2",18,2,12,José Lara Arce,"Dos sesiones de dos horas, ejercicio, registro individual y recuperación; máximo doce asistentes y sin interrumpir turnos."
F13,1.11.7.2.1.1.3,"Sesión y certificación E2, perfil 1, cohorte 3",18,1,12,José Lara Arce,"Dos sesiones de dos horas, ejercicio, registro individual y recuperación; máximo doce asistentes y sin interrumpir turnos."
F13,1.11.7.2.1.1.4,"Sesión y certificación E2, perfil 1, cohorte 4",18,2,12,José Lara Arce,"Dos sesiones de dos horas, ejercicio, registro individual y recuperación; máximo doce asistentes y sin interrumpir turnos."
F13,1.11.7.2.1.1.5,"Sesión y certificación E2, perfil 1, cohorte 5",18,1,12,José Lara Arce,"Dos sesiones de dos horas, ejercicio, registro individual y recuperación; máximo doce asistentes y sin interrumpir turnos."
F13,1.11.7.2.1.1.6,"Sesión y certificación E2, perfil 1, cohorte 6",18,2,12,José Lara Arce,"Dos sesiones de dos horas, ejercicio, registro individual y recuperación; máximo doce asistentes y sin interrumpir turnos."
F13,1.11.7.2.1.1.7,"Sesión y certificación E2, perfil 1, cohorte 7",18,1,12,José Lara Arce,"Dos sesiones de dos horas, ejercicio, registro individual y recuperación; máximo doce asistentes y sin interrumpir turnos."
F13,1.11.7.2.1.1.8,"Sesión y certificación E2, perfil 1, cohorte 8",18,2,12,José Lara Arce,"Dos sesiones de dos horas, ejercicio, registro individual y recuperación; máximo doce asistentes y sin interrumpir turnos."
F13,1.11.7.2.1.1.9,"Sesión y certificación E2, perfil 1, cohorte 9",18,1,12,José Lara Arce,"Dos sesiones de dos horas, ejercicio, registro individual y recuperación; máximo doce asistentes y sin interrumpir turnos."
F13,1.11.7.2.1.1.10,"Sesión y certificación E2, perfil 1, cohorte 10",18,2,12,José Lara Arce,"Dos sesiones de dos horas, ejercicio, registro individual y recuperación; máximo doce asistentes y sin interrumpir turnos."
F13,1.11.7.2.1.1.11,"Sesión y certificación E2, perfil 1, cohorte 11",18,1,12,José Lara Arce,"Dos sesiones de dos horas, ejercicio, registro individual y recuperación; máximo doce asistentes y sin interrumpir turnos."
F13,1.11.7.2.1.1.12,"Sesión y certificación E2, perfil 1, cohorte 12",18,2,12,José Lara Arce,"Dos sesiones de dos horas, ejercicio, registro individual y recuperación; máximo doce asistentes y sin interrumpir turnos."
F13,1.11.7.2.1.1.13,"Sesión y certificación E2, perfil 1, cohorte 13",18,1,12,José Lara Arce,"Dos sesiones de dos horas, ejercicio, registro individual y recuperación; máximo doce asistentes y sin interrumpir turnos."
F13,1.11.7.2.1.1.14,"Sesión y certificación E2, perfil 1, cohorte 14",18,2,12,José Lara Arce,"Dos sesiones de dos horas, ejercicio, registro individual y recuperación; máximo doce asistentes y sin interrumpir turnos."
F13,1.11.7.2.1.1.15,"Sesión y certificación E2, perfil 1, cohorte 15",18,1,12,José Lara Arce,"Dos sesiones de dos horas, ejercicio, registro individual y recuperación; máximo doce asistentes y sin interrumpir turnos."
F13,1.11.7.2.1.1.16,"Sesión y certificación E2, perfil 1, cohorte 16",18,2,12,José Lara Arce,"Dos sesiones de dos horas, ejercicio, registro individual y recuperación; máximo doce asistentes y sin interrumpir turnos."
F13,1.11.7.2.1.1.17,"Sesión y certificación E2, perfil 1, cohorte 17",18,1,12,José Lara Arce,"Dos sesiones de dos horas, ejercicio, registro individual y recuperación; máximo doce asistentes y sin interrumpir turnos."
F13,1.11.7.2.1.1.18,"Sesión y certificación E2, perfil 1, cohorte 18",18,2,12,José Lara Arce,"Dos sesiones de dos horas, ejercicio, registro individual y recuperación; máximo doce asistentes y sin interrumpir turnos."
F13,1.11.7.2.1.1.19,"Sesión y certificación E2, perfil 1, cohorte 19",18,1,12,José Lara Arce,"Dos sesiones de dos horas, ejercicio, registro individual y recuperación; máximo doce asistentes y sin interrumpir turnos."
F13,1.11.7.2.1.1.20,"Sesión y certificación E2, perfil 1, cohorte 20",18,2,12,José Lara Arce,"Dos sesiones de dos horas, ejercicio, registro individual y recuperación; máximo doce asistentes y sin interrumpir turnos."
F13,1.11.7.2.1.1.21,"Sesión y certificación E2, perfil 1, cohorte 21",18,1,12,José Lara Arce,"Dos sesiones de dos horas, ejercicio, registro individual y recuperación; máximo doce asistentes y sin interrumpir turnos."
F13,1.11.7.2.1.1.22,"Sesión y certificación E2, perfil 1, cohorte 22",18,2,12,José Lara Arce,"Dos sesiones de dos horas, ejercicio, registro individual y recuperación; máximo doce asistentes y sin interrumpir turnos."
F13,1.11.7.2.1.1.23,"Sesión y certificación E2, perfil 1, cohorte 23",18,1,12,José Lara Arce,"Dos sesiones de dos horas, ejercicio, registro individual y recuperación; máximo doce asistentes y sin interrumpir turnos."
F13,1.11.7.2.1.1.24,"Sesión y certificación E2, perfil 1, cohorte 24",18,2,12,José Lara Arce,"Dos sesiones de dos horas, ejercicio, registro individual y recuperación; máximo doce asistentes y sin interrumpir turnos."
F13,1.11.7.2.1.1.25,"Sesión y certificación E2, perfil 1, cohorte 25",18,1,12,José Lara Arce,"Dos sesiones de dos horas, ejercicio, registro individual y recuperación; máximo doce asistentes y sin interrumpir turnos."
F13,1.11.7.2.1.1.26,"Sesión y certificación E2, perfil 1, cohorte 26",18,2,12,José Lara Arce,"Dos sesiones de dos horas, ejercicio, registro individual y recuperación; máximo doce asistentes y sin interrumpir turnos."
F13,1.11.7.2.1.1.27,"Sesión y certificación E2, perfil 1, cohorte 27",18,1,12,José Lara Arce,"Dos sesiones de dos horas, ejercicio, registro individual y recuperación; máximo doce asistentes y sin interrumpir turnos."
F13,1.11.7.2.1.1.28,"Sesión y certificación E2, perfil 1, cohorte 28",18,2,12,José Lara Arce,"Dos sesiones de dos horas, ejercicio, registro individual y recuperación; máximo doce asistentes y sin interrumpir turnos."
F13,1.11.7.2.1.1.29,"Sesión y certificación E2, perfil 1, cohorte 29",18,1,12,José Lara Arce,"Dos sesiones de dos horas, ejercicio, registro individual y recuperación; máximo doce asistentes y sin interrumpir turnos."
F13,1.11.7.2.1.1.30,"Sesión y certificación E2, perfil 1, cohorte 30",18,2,12,José Lara Arce,"Dos sesiones de dos horas, ejercicio, registro individual y recuperación; máximo doce asistentes y sin interrumpir turnos."
F13,1.11.7.2.1.1.31,"Sesión y certificación E2, perfil 1, cohorte 31",18,1,12,José Lara Arce,"Dos sesiones de dos horas, ejercicio, registro individual y recuperación; máximo doce asistentes y sin interrumpir turnos."
F13,1.11.7.2.1.1.32,"Sesión y certificación E2, perfil 1, cohorte 32",18,2,12,José Lara Arce,"Dos sesiones de dos horas, ejercicio, registro individual y recuperación; máximo doce asistentes y sin interrumpir turnos."
F13,1.11.7.2.1.1.33,"Sesión y certificación E2, perfil 1, cohorte 33",18,1,12,José Lara Arce,"Dos sesiones de dos horas, ejercicio, registro individual y recuperación; máximo doce asistentes y sin interrumpir turnos."
F13,1.11.7.2.1.1.34,"Sesión y certificación E2, perfil 1, cohorte 34",18,2,12,José Lara Arce,"Dos sesiones de dos horas, ejercicio, registro individual y recuperación; máximo doce asistentes y sin interrumpir turnos."
F13,1.11.7.2.1.1.35,"Sesión y certificación E2, perfil 1, cohorte 35",18,1,12,José Lara Arce,"Dos sesiones de dos horas, ejercicio, registro individual y recuperación; máximo doce asistentes y sin interrumpir turnos."
F13,1.11.7.2.1.1.36,"Sesión y certificación E2, perfil 1, cohorte 36",18,2,12,José Lara Arce,"Dos sesiones de dos horas, ejercicio, registro individual y recuperación; máximo doce asistentes y sin interrumpir turnos."
F13,1.11.7.2.1.1.37,"Sesión y certificación E2, perfil 1, cohorte 37",18,1,12,José Lara Arce,"Dos sesiones de dos horas, ejercicio, registro individual y recuperación; máximo doce asistentes y sin interrumpir turnos."
F13,1.11.7.2.1.1.38,"Sesión y certificación E2, perfil 1, cohorte 38",18,2,12,José Lara Arce,"Dos sesiones de dos horas, ejercicio, registro individual y recuperación; máximo doce asistentes y sin interrumpir turnos."
F13,1.11.7.2.1.1.39,"Sesión y certificación E2, perfil 1, cohorte 39",18,1,12,José Lara Arce,"Dos sesiones de dos horas, ejercicio, registro individual y recuperación; máximo doce asistentes y sin interrumpir turnos."
F13,1.11.7.2.1.1.40,"Sesión y certificación E2, perfil 1, cohorte 40",18,2,12,José Lara Arce,"Dos sesiones de dos horas, ejercicio, registro individual y recuperación; máximo doce asistentes y sin interrumpir turnos."
F13,1.11.7.2.1.1.41,"Sesión y certificación E2, perfil 1, cohorte 41",18,1,12,José Lara Arce,"Dos sesiones de dos horas, ejercicio, registro individual y recuperación; máximo doce asistentes y sin interrumpir turnos."
F13,1.11.7.2.1.1.42,"Sesión y certificación E2, perfil 1, cohorte 42",18,2,12,José Lara Arce,"Dos sesiones de dos horas, ejercicio, registro individual y recuperación; máximo doce asistentes y sin interrumpir turnos."
F13,1.11.7.2.1.1.43,"Sesión y certificación E2, perfil 1, cohorte 43",18,1,12,José Lara Arce,"Dos sesiones de dos horas, ejercicio, registro individual y recuperación; máximo doce asistentes y sin interrumpir turnos."
F13,1.11.7.2.1.1.44,"Sesión y certificación E2, perfil 1, cohorte 44",18,2,12,José Lara Arce,"Dos sesiones de dos horas, ejercicio, registro individual y recuperación; máximo doce asistentes y sin interrumpir turnos."
F13,1.11.7.2.1.1.45,"Sesión y certificación E2, perfil 1, cohorte 45",18,1,12,José Lara Arce,"Dos sesiones de dos horas, ejercicio, registro individual y recuperación; máximo doce asistentes y sin interrumpir turnos."
F13,1.11.7.2.1.1.46,"Sesión y certificación E2, perfil 1, cohorte 46",18,2,12,José Lara Arce,"Dos sesiones de dos horas, ejercicio, registro individual y recuperación; máximo doce asistentes y sin interrumpir turnos."
F13,1.11.7.2.1.1.47,"Sesión y certificación E2, perfil 1, cohorte 47",18,1,12,José Lara Arce,"Dos sesiones de dos horas, ejercicio, registro individual y recuperación; máximo doce asistentes y sin interrumpir turnos."
F13,1.11.7.2.1.1.48,"Sesión y certificación E2, perfil 1, cohorte 48",18,2,12,José Lara Arce,"Dos sesiones de dos horas, ejercicio, registro individual y recuperación; máximo doce asistentes y sin interrumpir turnos."
F13,1.11.7.2.1.1.49,"Sesión y certificación E2, perfil 1, cohorte 49",18,1,12,José Lara Arce,"Dos sesiones de dos horas, ejercicio, registro individual y recuperación; máximo doce asistentes y sin interrumpir turnos."
F13,1.11.7.2.1.1.50,"Sesión y certificación E2, perfil 1, cohorte 50",18,2,12,José Lara Arce,"Dos sesiones de dos horas, ejercicio, registro individual y recuperación; máximo doce asistentes y sin interrumpir turnos."
F13,1.11.7.2.1.1.51,"Sesión y certificación E2, perfil 1, cohorte 51",18,1,12,José Lara Arce,"Dos sesiones de dos horas, ejercicio, registro individual y recuperación; máximo doce asistentes y sin interrumpir turnos."
F13,1.11.7.2.1.1.52,"Sesión y certificación E2, perfil 1, cohorte 52",18,2,12,José Lara Arce,"Dos sesiones de dos horas, ejercicio, registro individual y recuperación; máximo doce asistentes y sin interrumpir turnos."
F13,1.11.7.2.1.1.53,"Sesión y certificación E2, perfil 1, cohorte 53",18,1,12,José Lara Arce,"Dos sesiones de dos horas, ejercicio, registro individual y recuperación; máximo doce asistentes y sin interrumpir turnos."
F13,1.11.7.2.1.1.54,"Sesión y certificación E2, perfil 1, cohorte 54",18,2,12,José Lara Arce,"Dos sesiones de dos horas, ejercicio, registro individual y recuperación; máximo doce asistentes y sin interrumpir turnos."
F13,1.11.7.2.1.1.55,"Sesión y certificación E2, perfil 1, cohorte 55",18,1,12,José Lara Arce,"Dos sesiones de dos horas, ejercicio, registro individual y recuperación; máximo doce asistentes y sin interrumpir turnos."
F13,1.11.7.2.1.1.56,"Sesión y certificación E2, perfil 1, cohorte 56",18,2,12,José Lara Arce,"Dos sesiones de dos horas, ejercicio, registro individual y recuperación; máximo doce asistentes y sin interrumpir turnos."
F13,1.11.7.2.1.1.57,"Sesión y certificación E2, perfil 1, cohorte 57",18,1,12,José Lara Arce,"Dos sesiones de dos horas, ejercicio, registro individual y recuperación; máximo doce asistentes y sin interrumpir turnos."
F13,1.11.7.2.1.1.58,"Sesión y certificación E2, perfil 1, cohorte 58",18,2,12,José Lara Arce,"Dos sesiones de dos horas, ejercicio, registro individual y recuperación; máximo doce asistentes y sin interrumpir turnos."
F13,1.11.7.2.1.1.59,"Sesión y certificación E2, perfil 1, cohorte 59",18,1,12,José Lara Arce,"Dos sesiones de dos horas, ejercicio, registro individual y recuperación; máximo doce asistentes y sin interrumpir turnos."
F13,1.11.7.2.1.1.60,"Sesión y certificación E2, perfil 1, cohorte 60",18,2,12,José Lara Arce,"Dos sesiones de dos horas, ejercicio, registro individual y recuperación; máximo doce asistentes y sin interrumpir turnos."
F13,1.11.7.2.1.1.61,"Sesión y certificación E2, perfil 1, cohorte 61",18,1,12,José Lara Arce,"Dos sesiones de dos horas, ejercicio, registro individual y recuperación; máximo doce asistentes y sin interrumpir turnos."
F13,1.11.7.2.1.1.62,"Sesión y certificación E2, perfil 1, cohorte 62",18,2,12,José Lara Arce,"Dos sesiones de dos horas, ejercicio, registro individual y recuperación; máximo doce asistentes y sin interrumpir turnos."
F13,1.11.7.2.1.1.63,"Sesión y certificación E2, perfil 1, cohorte 63",18,1,12,José Lara Arce,"Dos sesiones de dos horas, ejercicio, registro individual y recuperación; máximo doce asistentes y sin interrumpir turnos."
F13,1.11.7.2.1.1.64,"Sesión y certificación E2, perfil 1, cohorte 64",18,2,12,José Lara Arce,"Dos sesiones de dos horas, ejercicio, registro individual y recuperación; máximo doce asistentes y sin interrumpir turnos."
F13,1.11.7.2.1.1.65,"Sesión y certificación E2, perfil 1, cohorte 65",18,1,12,José Lara Arce,"Dos sesiones de dos horas, ejercicio, registro individual y recuperación; máximo doce asistentes y sin interrumpir turnos."
F13,1.11.7.2.1.1.66,"Sesión y certificación E2, perfil 1, cohorte 66",18,2,12,José Lara Arce,"Dos sesiones de dos horas, ejercicio, registro individual y recuperación; máximo doce asistentes y sin interrumpir turnos."
F13,1.11.7.2.1.1.67,"Sesión y certificación E2, perfil 1, cohorte 67",18,1,12,José Lara Arce,"Dos sesiones de dos horas, ejercicio, registro individual y recuperación; máximo doce asistentes y sin interrumpir turnos."
F13,1.11.7.2.1.1.68,"Sesión y certificación E2, perfil 1, cohorte 68",18,2,12,José Lara Arce,"Dos sesiones de dos horas, ejercicio, registro individual y recuperación; máximo doce asistentes y sin interrumpir turnos."
F13,1.11.7.2.1.1.69,"Sesión y certificación E2, perfil 1, cohorte 69",18,1,12,José Lara Arce,"Dos sesiones de dos horas, ejercicio, registro individual y recuperación; máximo doce asistentes y sin interrumpir turnos."
F13,1.11.7.2.1.1.70,"Sesión y certificación E2, perfil 1, cohorte 70",18,2,12,José Lara Arce,"Dos sesiones de dos horas, ejercicio, registro individual y recuperación; máximo doce asistentes y sin interrumpir turnos."
F13,1.11.7.2.1.1.71,"Sesión y certificación E2, perfil 1, cohorte 71",18,1,12,José Lara Arce,"Dos sesiones de dos horas, ejercicio, registro individual y recuperación; máximo doce asistentes y sin interrumpir turnos."
F13,1.11.7.2.1.1.72,"Sesión y certificación E2, perfil 1, cohorte 72",18,2,12,José Lara Arce,"Dos sesiones de dos horas, ejercicio, registro individual y recuperación; máximo doce asistentes y sin interrumpir turnos."
F13,1.11.7.2.1.1.73,"Sesión y certificación E2, perfil 1, cohorte 73",18,1,12,José Lara Arce,"Dos sesiones de dos horas, ejercicio, registro individual y recuperación; máximo doce asistentes y sin interrumpir turnos."
F13,1.11.7.2.1.1.74,"Sesión y certificación E2, perfil 1, cohorte 74",18,2,12,José Lara Arce,"Dos sesiones de dos horas, ejercicio, registro individual y recuperación; máximo doce asistentes y sin interrumpir turnos."
F13,1.11.7.2.1.1.75,"Sesión y certificación E2, perfil 1, cohorte 75",18,1,12,José Lara Arce,"Dos sesiones de dos horas, ejercicio, registro individual y recuperación; máximo doce asistentes y sin interrumpir turnos."
F13,1.11.7.2.1.1.76,"Sesión y certificación E2, perfil 1, cohorte 76",18,2,12,José Lara Arce,"Dos sesiones de dos horas, ejercicio, registro individual y recuperación; máximo doce asistentes y sin interrumpir turnos."
F13,1.11.7.2.1.1.77,"Sesión y certificación E2, perfil 1, cohorte 77",18,1,12,José Lara Arce,"Dos sesiones de dos horas, ejercicio, registro individual y recuperación; máximo doce asistentes y sin interrumpir turnos."
F13,1.11.7.2.1.1.78,"Sesión y certificación E2, perfil 1, cohorte 78",18,2,12,José Lara Arce,"Dos sesiones de dos horas, ejercicio, registro individual y recuperación; máximo doce asistentes y sin interrumpir turnos."
F13,1.11.7.2.1.1.79,"Sesión y certificación E2, perfil 1, cohorte 79",18,1,12,José Lara Arce,"Dos sesiones de dos horas, ejercicio, registro individual y recuperación; máximo doce asistentes y sin interrumpir turnos."
F13,1.11.7.2.1.1.80,"Sesión y certificación E2, perfil 1, cohorte 80",18,2,12,José Lara Arce,"Dos sesiones de dos horas, ejercicio, registro individual y recuperación; máximo doce asistentes y sin interrumpir turnos."
F13,1.11.7.2.1.1.81,"Sesión y certificación E2, perfil 1, cohorte 81",18,1,12,José Lara Arce,"Dos sesiones de dos horas, ejercicio, registro individual y recuperación; máximo doce asistentes y sin interrumpir turnos."
F13,1.11.7.2.1.1.82,"Sesión y certificación E2, perfil 1, cohorte 82",18,2,12,José Lara Arce,"Dos sesiones de dos horas, ejercicio, registro individual y recuperación; máximo doce asistentes y sin interrumpir turnos."
F13,1.11.7.2.1.1.83,"Sesión y certificación E2, perfil 1, cohorte 83",18,1,12,José Lara Arce,"Dos sesiones de dos horas, ejercicio, registro individual y recuperación; máximo doce asistentes y sin interrumpir turnos."
F13,1.11.7.2.1.1.84,"Sesión y certificación E2, perfil 1, cohorte 84",18,2,12,José Lara Arce,"Dos sesiones de dos horas, ejercicio, registro individual y recuperación; máximo doce asistentes y sin interrumpir turnos."
F13,1.11.7.2.1.1.85,"Sesión y certificación E2, perfil 1, cohorte 85",18,1,12,José Lara Arce,"Dos sesiones de dos horas, ejercicio, registro individual y recuperación; máximo doce asistentes y sin interrumpir turnos."
F13,1.11.7.2.1.1.86,"Sesión y certificación E2, perfil 1, cohorte 86",18,2,12,José Lara Arce,"Dos sesiones de dos horas, ejercicio, registro individual y recuperación; máximo doce asistentes y sin interrumpir turnos."
F13,1.11.7.2.1.1.87,"Sesión y certificación E2, perfil 1, cohorte 87",18,1,12,José Lara Arce,"Dos sesiones de dos horas, ejercicio, registro individual y recuperación; máximo doce asistentes y sin interrumpir turnos."
F13,1.11.7.2.1.1.88,"Sesión y certificación E2, perfil 1, cohorte 88",18,2,12,José Lara Arce,"Dos sesiones de dos horas, ejercicio, registro individual y recuperación; máximo doce asistentes y sin interrumpir turnos."
F13,1.11.7.2.1.1.89,"Sesión y certificación E2, perfil 1, cohorte 89",18,1,12,José Lara Arce,"Dos sesiones de dos horas, ejercicio, registro individual y recuperación; máximo doce asistentes y sin interrumpir turnos."
F13,1.11.7.2.1.1.90,"Sesión y certificación E2, perfil 1, cohorte 90",18,2,12,José Lara Arce,"Dos sesiones de dos horas, ejercicio, registro individual y recuperación; máximo doce asistentes y sin interrumpir turnos."
F13,1.11.7.2.1.1.91,"Sesión y certificación E2, perfil 1, cohorte 91",18,1,12,José Lara Arce,"Dos sesiones de dos horas, ejercicio, registro individual y recuperación; máximo doce asistentes y sin interrumpir turnos."
F13,1.11.7.2.1.1.92,"Sesión y certificación E2, perfil 1, cohorte 92",18,2,12,José Lara Arce,"Dos sesiones de dos horas, ejercicio, registro individual y recuperación; máximo doce asistentes y sin interrumpir turnos."
F13,1.11.7.2.1.1.93,"Sesión y certificación E2, perfil 1, cohorte 93",18,1,12,José Lara Arce,"Dos sesiones de dos horas, ejercicio, registro individual y recuperación; máximo doce asistentes y sin interrumpir turnos."
F13,1.11.7.2.1.1.94,"Sesión y certificación E2, perfil 1, cohorte 94",18,2,12,José Lara Arce,"Dos sesiones de dos horas, ejercicio, registro individual y recuperación; máximo doce asistentes y sin interrumpir turnos."
F13,1.11.7.2.1.1.95,"Sesión y certificación E2, perfil 1, cohorte 95",18,1,12,José Lara Arce,"Dos sesiones de dos horas, ejercicio, registro individual y recuperación; máximo doce asistentes y sin interrumpir turnos."
F13,1.11.7.2.1.1.96,"Sesión y certificación E2, perfil 1, cohorte 96",18,2,12,José Lara Arce,"Dos sesiones de dos horas, ejercicio, registro individual y recuperación; máximo doce asistentes y sin interrumpir turnos."
F13,1.11.7.2.1.1.97,"Sesión y certificación E2, perfil 1, cohorte 97",18,1,12,José Lara Arce,"Dos sesiones de dos horas, ejercicio, registro individual y recuperación; máximo doce asistentes y sin interrumpir turnos."
F13,1.11.7.2.1.1.98,"Sesión y certificación E2, perfil 1, cohorte 98",18,2,12,José Lara Arce,"Dos sesiones de dos horas, ejercicio, registro individual y recuperación; máximo doce asistentes y sin interrumpir turnos."
F13,1.11.7.2.1.1.99,"Sesión y certificación E2, perfil 1, cohorte 99",18,1,12,José Lara Arce,"Dos sesiones de dos horas, ejercicio, registro individual y recuperación; máximo doce asistentes y sin interrumpir turnos."
F13,1.11.7.2.1.1.100,"Sesión y certificación E2, perfil 1, cohorte 100",18,2,12,José Lara Arce,"Dos sesiones de dos horas, ejercicio, registro individual y recuperación; máximo doce asistentes y sin interrumpir turnos."
F14,1.11.7.2.2.1.1,"Sesión y certificación E2, perfil 2, cohorte 1",18,1,12,José Lara Arce,"Dos sesiones de dos horas, ejercicio, registro individual y recuperación; máximo doce asistentes y sin interrumpir turnos."
F14,1.11.7.2.2.1.2,"Sesión y certificación E2, perfil 2, cohorte 2",18,2,12,José Lara Arce,"Dos sesiones de dos horas, ejercicio, registro individual y recuperación; máximo doce asistentes y sin interrumpir turnos."
F15,1.11.7.2.3.1.1,"Sesión y certificación E2, perfil 3, cohorte 1",18,1,12,José Lara Arce,"Dos sesiones de dos horas, ejercicio, registro individual y recuperación; máximo doce asistentes y sin interrumpir turnos."
F16,1.11.7.2.4.1.1,"Sesión y certificación E2, perfil 4, cohorte 1",18,1,12,José Lara Arce,"Dos sesiones de dos horas, ejercicio, registro individual y recuperación; máximo doce asistentes y sin interrumpir turnos."
F17,1.11.7.2.5.1.1,"Sesión y certificación E2, perfil 5, cohorte 1",18,1,12,José Lara Arce,"Dos sesiones de dos horas, ejercicio, registro individual y recuperación; máximo doce asistentes y sin interrumpir turnos."
F17,1.11.7.2.5.1.2,"Sesión y certificación E2, perfil 5, cohorte 2",18,2,12,José Lara Arce,"Dos sesiones de dos horas, ejercicio, registro individual y recuperación; máximo doce asistentes y sin interrumpir turnos."
F17,1.11.7.2.5.1.3,"Sesión y certificación E2, perfil 5, cohorte 3",18,1,12,José Lara Arce,"Dos sesiones de dos horas, ejercicio, registro individual y recuperación; máximo doce asistentes y sin interrumpir turnos."
F18,1.11.4.2.1.1.1,"Acompañamiento E2, ola 1, día 1, zona 1",19,1,8,José Lara Arce,"Registro diario, turno, zona, tarea, incidencia y relevo; 8 h presencia días 1--14, luego 4 h presencia +4 h preparación."
F18,1.11.4.2.1.1.2,"Acompañamiento E2, ola 1, día 1, zona 2",19,1,8,José Lara Arce,"Registro diario, turno, zona, tarea, incidencia y relevo; 8 h presencia días 1--14, luego 4 h presencia +4 h preparación."
F18,1.11.4.2.1.2.1,"Acompañamiento E2, ola 1, día 2, zona 1",19,1,8,José Lara Arce,"Registro diario, turno, zona, tarea, incidencia y relevo; 8 h presencia días 1--14, luego 4 h presencia +4 h preparación."
F18,1.11.4.2.1.2.2,"Acompañamiento E2, ola 1, día 2, zona 2",19,1,8,José Lara Arce,"Registro diario, turno, zona, tarea, incidencia y relevo; 8 h presencia días 1--14, luego 4 h presencia +4 h preparación."
F18,1.11.4.2.1.3.1,"Acompañamiento E2, ola 1, día 3, zona 1",19,1,8,José Lara Arce,"Registro diario, turno, zona, tarea, incidencia y relevo; 8 h presencia días 1--14, luego 4 h presencia +4 h preparación."
F18,1.11.4.2.1.3.2,"Acompañamiento E2, ola 1, día 3, zona 2",19,1,8,José Lara Arce,"Registro diario, turno, zona, tarea, incidencia y relevo; 8 h presencia días 1--14, luego 4 h presencia +4 h preparación."
F18,1.11.4.2.1.4.1,"Acompañamiento E2, ola 1, día 4, zona 1",19,1,8,José Lara Arce,"Registro diario, turno, zona, tarea, incidencia y relevo; 8 h presencia días 1--14, luego 4 h presencia +4 h preparación."
F18,1.11.4.2.1.4.2,"Acompañamiento E2, ola 1, día 4, zona 2",19,1,8,José Lara Arce,"Registro diario, turno, zona, tarea, incidencia y relevo; 8 h presencia días 1--14, luego 4 h presencia +4 h preparación."
F18,1.11.4.2.1.5.1,"Acompañamiento E2, ola 1, día 5, zona 1",19,1,8,José Lara Arce,"Registro diario, turno, zona, tarea, incidencia y relevo; 8 h presencia días 1--14, luego 4 h presencia +4 h preparación."
F18,1.11.4.2.1.5.2,"Acompañamiento E2, ola 1, día 5, zona 2",19,1,8,José Lara Arce,"Registro diario, turno, zona, tarea, incidencia y relevo; 8 h presencia días 1--14, luego 4 h presencia +4 h preparación."
F18,1.11.4.2.1.6.1,"Acompañamiento E2, ola 1, día 6, zona 1",19,1,8,José Lara Arce,"Registro diario, turno, zona, tarea, incidencia y relevo; 8 h presencia días 1--14, luego 4 h presencia +4 h preparación."
F18,1.11.4.2.1.6.2,"Acompañamiento E2, ola 1, día 6, zona 2",19,1,8,José Lara Arce,"Registro diario, turno, zona, tarea, incidencia y relevo; 8 h presencia días 1--14, luego 4 h presencia +4 h preparación."
F18,1.11.4.2.1.7.1,"Acompañamiento E2, ola 1, día 7, zona 1",19,1,8,José Lara Arce,"Registro diario, turno, zona, tarea, incidencia y relevo; 8 h presencia días 1--14, luego 4 h presencia +4 h preparación."
F18,1.11.4.2.1.7.2,"Acompañamiento E2, ola 1, día 7, zona 2",19,1,8,José Lara Arce,"Registro diario, turno, zona, tarea, incidencia y relevo; 8 h presencia días 1--14, luego 4 h presencia +4 h preparación."
F18,1.11.4.2.1.8.1,"Acompañamiento E2, ola 1, día 8, zona 1",19,1,8,José Lara Arce,"Registro diario, turno, zona, tarea, incidencia y relevo; 8 h presencia días 1--14, luego 4 h presencia +4 h preparación."
F18,1.11.4.2.1.8.2,"Acompañamiento E2, ola 1, día 8, zona 2",19,1,8,José Lara Arce,"Registro diario, turno, zona, tarea, incidencia y relevo; 8 h presencia días 1--14, luego 4 h presencia +4 h preparación."
F18,1.11.4.2.1.9.1,"Acompañamiento E2, ola 1, día 9, zona 1",19,1,8,José Lara Arce,"Registro diario, turno, zona, tarea, incidencia y relevo; 8 h presencia días 1--14, luego 4 h presencia +4 h preparación."
F18,1.11.4.2.1.9.2,"Acompañamiento E2, ola 1, día 9, zona 2",19,1,8,José Lara Arce,"Registro diario, turno, zona, tarea, incidencia y relevo; 8 h presencia días 1--14, luego 4 h presencia +4 h preparación."
F18,1.11.4.2.1.10.1,"Acompañamiento E2, ola 1, día 10, zona 1",19,1,8,José Lara Arce,"Registro diario, turno, zona, tarea, incidencia y relevo; 8 h presencia días 1--14, luego 4 h presencia +4 h preparación."
F18,1.11.4.2.1.10.2,"Acompañamiento E2, ola 1, día 10, zona 2",19,1,8,José Lara Arce,"Registro diario, turno, zona, tarea, incidencia y relevo; 8 h presencia días 1--14, luego 4 h presencia +4 h preparación."
F18,1.11.4.2.1.11.1,"Acompañamiento E2, ola 1, día 11, zona 1",19,1,8,José Lara Arce,"Registro diario, turno, zona, tarea, incidencia y relevo; 8 h presencia días 1--14, luego 4 h presencia +4 h preparación."
F18,1.11.4.2.1.11.2,"Acompañamiento E2, ola 1, día 11, zona 2",19,1,8,José Lara Arce,"Registro diario, turno, zona, tarea, incidencia y relevo; 8 h presencia días 1--14, luego 4 h presencia +4 h preparación."
F18,1.11.4.2.1.12.1,"Acompañamiento E2, ola 1, día 12, zona 1",19,1,8,José Lara Arce,"Registro diario, turno, zona, tarea, incidencia y relevo; 8 h presencia días 1--14, luego 4 h presencia +4 h preparación."
F18,1.11.4.2.1.12.2,"Acompañamiento E2, ola 1, día 12, zona 2",19,1,8,José Lara Arce,"Registro diario, turno, zona, tarea, incidencia y relevo; 8 h presencia días 1--14, luego 4 h presencia +4 h preparación."
F18,1.11.4.2.1.13.1,"Acompañamiento E2, ola 1, día 13, zona 1",19,1,8,José Lara Arce,"Registro diario, turno, zona, tarea, incidencia y relevo; 8 h presencia días 1--14, luego 4 h presencia +4 h preparación."
F18,1.11.4.2.1.13.2,"Acompañamiento E2, ola 1, día 13, zona 2",19,1,8,José Lara Arce,"Registro diario, turno, zona, tarea, incidencia y relevo; 8 h presencia días 1--14, luego 4 h presencia +4 h preparación."
F18,1.11.4.2.1.14.1,"Acompañamiento E2, ola 1, día 14, zona 1",19,1,8,José Lara Arce,"Registro diario, turno, zona, tarea, incidencia y relevo; 8 h presencia días 1--14, luego 4 h presencia +4 h preparación."
F18,1.11.4.2.1.14.2,"Acompañamiento E2, ola 1, día 14, zona 2",19,1,8,José Lara Arce,"Registro diario, turno, zona, tarea, incidencia y relevo; 8 h presencia días 1--14, luego 4 h presencia +4 h preparación."
F18,1.11.4.2.1.15.1,"Acompañamiento E2, ola 1, día 15, zona 1",19,1,8,José Lara Arce,"Registro diario, turno, zona, tarea, incidencia y relevo; 8 h presencia días 1--14, luego 4 h presencia +4 h preparación."
F18,1.11.4.2.1.15.2,"Acompañamiento E2, ola 1, día 15, zona 2",19,1,8,José Lara Arce,"Registro diario, turno, zona, tarea, incidencia y relevo; 8 h presencia días 1--14, luego 4 h presencia +4 h preparación."
F18,1.11.4.2.1.16.1,"Acompañamiento E2, ola 1, día 16, zona 1",19,1,8,José Lara Arce,"Registro diario, turno, zona, tarea, incidencia y relevo; 8 h presencia días 1--14, luego 4 h presencia +4 h preparación."
F18,1.11.4.2.1.16.2,"Acompañamiento E2, ola 1, día 16, zona 2",19,1,8,José Lara Arce,"Registro diario, turno, zona, tarea, incidencia y relevo; 8 h presencia días 1--14, luego 4 h presencia +4 h preparación."
F18,1.11.4.2.1.17.1,"Acompañamiento E2, ola 1, día 17, zona 1",19,1,8,José Lara Arce,"Registro diario, turno, zona, tarea, incidencia y relevo; 8 h presencia días 1--14, luego 4 h presencia +4 h preparación."
F18,1.11.4.2.1.17.2,"Acompañamiento E2, ola 1, día 17, zona 2",19,1,8,José Lara Arce,"Registro diario, turno, zona, tarea, incidencia y relevo; 8 h presencia días 1--14, luego 4 h presencia +4 h preparación."
F18,1.11.4.2.1.18.1,"Acompañamiento E2, ola 1, día 18, zona 1",19,1,8,José Lara Arce,"Registro diario, turno, zona, tarea, incidencia y relevo; 8 h presencia días 1--14, luego 4 h presencia +4 h preparación."
F18,1.11.4.2.1.18.2,"Acompañamiento E2, ola 1, día 18, zona 2",19,1,8,José Lara Arce,"Registro diario, turno, zona, tarea, incidencia y relevo; 8 h presencia días 1--14, luego 4 h presencia +4 h preparación."
F18,1.11.4.2.1.19.1,"Acompañamiento E2, ola 1, día 19, zona 1",19,1,8,José Lara Arce,"Registro diario, turno, zona, tarea, incidencia y relevo; 8 h presencia días 1--14, luego 4 h presencia +4 h preparación."
F18,1.11.4.2.1.19.2,"Acompañamiento E2, ola 1, día 19, zona 2",19,1,8,José Lara Arce,"Registro diario, turno, zona, tarea, incidencia y relevo; 8 h presencia días 1--14, luego 4 h presencia +4 h preparación."
F18,1.11.4.2.1.20.1,"Acompañamiento E2, ola 1, día 20, zona 1",19,1,8,José Lara Arce,"Registro diario, turno, zona, tarea, incidencia y relevo; 8 h presencia días 1--14, luego 4 h presencia +4 h preparación."
F18,1.11.4.2.1.20.2,"Acompañamiento E2, ola 1, día 20, zona 2",19,1,8,José Lara Arce,"Registro diario, turno, zona, tarea, incidencia y relevo; 8 h presencia días 1--14, luego 4 h presencia +4 h preparación."
F18,1.11.4.2.1.21.1,"Acompañamiento E2, ola 1, día 21, zona 1",19,1,8,José Lara Arce,"Registro diario, turno, zona, tarea, incidencia y relevo; 8 h presencia días 1--14, luego 4 h presencia +4 h preparación."
F18,1.11.4.2.1.21.2,"Acompañamiento E2, ola 1, día 21, zona 2",19,1,8,José Lara Arce,"Registro diario, turno, zona, tarea, incidencia y relevo; 8 h presencia días 1--14, luego 4 h presencia +4 h preparación."
F18,1.11.4.2.1.22.1,"Acompañamiento E2, ola 1, día 22, zona 1",19,1,8,José Lara Arce,"Registro diario, turno, zona, tarea, incidencia y relevo; 8 h presencia días 1--14, luego 4 h presencia +4 h preparación."
F18,1.11.4.2.1.22.2,"Acompañamiento E2, ola 1, día 22, zona 2",19,1,8,José Lara Arce,"Registro diario, turno, zona, tarea, incidencia y relevo; 8 h presencia días 1--14, luego 4 h presencia +4 h preparación."
F18,1.11.4.2.1.23.1,"Acompañamiento E2, ola 1, día 23, zona 1",19,1,8,José Lara Arce,"Registro diario, turno, zona, tarea, incidencia y relevo; 8 h presencia días 1--14, luego 4 h presencia +4 h preparación."
F18,1.11.4.2.1.23.2,"Acompañamiento E2, ola 1, día 23, zona 2",19,1,8,José Lara Arce,"Registro diario, turno, zona, tarea, incidencia y relevo; 8 h presencia días 1--14, luego 4 h presencia +4 h preparación."
F18,1.11.4.2.1.24.1,"Acompañamiento E2, ola 1, día 24, zona 1",19,1,8,José Lara Arce,"Registro diario, turno, zona, tarea, incidencia y relevo; 8 h presencia días 1--14, luego 4 h presencia +4 h preparación."
F18,1.11.4.2.1.24.2,"Acompañamiento E2, ola 1, día 24, zona 2",19,1,8,José Lara Arce,"Registro diario, turno, zona, tarea, incidencia y relevo; 8 h presencia días 1--14, luego 4 h presencia +4 h preparación."
F18,1.11.4.2.1.25.1,"Acompañamiento E2, ola 1, día 25, zona 1",19,1,8,José Lara Arce,"Registro diario, turno, zona, tarea, incidencia y relevo; 8 h presencia días 1--14, luego 4 h presencia +4 h preparación."
F18,1.11.4.2.1.25.2,"Acompañamiento E2, ola 1, día 25, zona 2",19,1,8,José Lara Arce,"Registro diario, turno, zona, tarea, incidencia y relevo; 8 h presencia días 1--14, luego 4 h presencia +4 h preparación."
F18,1.11.4.2.1.26.1,"Acompañamiento E2, ola 1, día 26, zona 1",19,1,8,José Lara Arce,"Registro diario, turno, zona, tarea, incidencia y relevo; 8 h presencia días 1--14, luego 4 h presencia +4 h preparación."
F18,1.11.4.2.1.26.2,"Acompañamiento E2, ola 1, día 26, zona 2",19,1,8,José Lara Arce,"Registro diario, turno, zona, tarea, incidencia y relevo; 8 h presencia días 1--14, luego 4 h presencia +4 h preparación."
F18,1.11.4.2.1.27.1,"Acompañamiento E2, ola 1, día 27, zona 1",19,1,8,José Lara Arce,"Registro diario, turno, zona, tarea, incidencia y relevo; 8 h presencia días 1--14, luego 4 h presencia +4 h preparación."
F18,1.11.4.2.1.27.2,"Acompañamiento E2, ola 1, día 27, zona 2",19,1,8,José Lara Arce,"Registro diario, turno, zona, tarea, incidencia y relevo; 8 h presencia días 1--14, luego 4 h presencia +4 h preparación."
F18,1.11.4.2.1.28.1,"Acompañamiento E2, ola 1, día 28, zona 1",19,1,8,José Lara Arce,"Registro diario, turno, zona, tarea, incidencia y relevo; 8 h presencia días 1--14, luego 4 h presencia +4 h preparación."
F18,1.11.4.2.1.28.2,"Acompañamiento E2, ola 1, día 28, zona 2",19,1,8,José Lara Arce,"Registro diario, turno, zona, tarea, incidencia y relevo; 8 h presencia días 1--14, luego 4 h presencia +4 h preparación."
F18,1.11.4.2.2.1.1,"Acompañamiento E2, ola 2, día 1, zona 1",19,1,8,José Lara Arce,"Registro diario, turno, zona, tarea, incidencia y relevo; 8 h presencia días 1--14, luego 4 h presencia +4 h preparación."
F18,1.11.4.2.2.1.2,"Acompañamiento E2, ola 2, día 1, zona 2",19,1,8,José Lara Arce,"Registro diario, turno, zona, tarea, incidencia y relevo; 8 h presencia días 1--14, luego 4 h presencia +4 h preparación."
F18,1.11.4.2.2.2.1,"Acompañamiento E2, ola 2, día 2, zona 1",19,1,8,José Lara Arce,"Registro diario, turno, zona, tarea, incidencia y relevo; 8 h presencia días 1--14, luego 4 h presencia +4 h preparación."
F18,1.11.4.2.2.2.2,"Acompañamiento E2, ola 2, día 2, zona 2",19,1,8,José Lara Arce,"Registro diario, turno, zona, tarea, incidencia y relevo; 8 h presencia días 1--14, luego 4 h presencia +4 h preparación."
F18,1.11.4.2.2.3.1,"Acompañamiento E2, ola 2, día 3, zona 1",19,1,8,José Lara Arce,"Registro diario, turno, zona, tarea, incidencia y relevo; 8 h presencia días 1--14, luego 4 h presencia +4 h preparación."
F18,1.11.4.2.2.3.2,"Acompañamiento E2, ola 2, día 3, zona 2",19,1,8,José Lara Arce,"Registro diario, turno, zona, tarea, incidencia y relevo; 8 h presencia días 1--14, luego 4 h presencia +4 h preparación."
F18,1.11.4.2.2.4.1,"Acompañamiento E2, ola 2, día 4, zona 1",19,1,8,José Lara Arce,"Registro diario, turno, zona, tarea, incidencia y relevo; 8 h presencia días 1--14, luego 4 h presencia +4 h preparación."
F18,1.11.4.2.2.4.2,"Acompañamiento E2, ola 2, día 4, zona 2",19,1,8,José Lara Arce,"Registro diario, turno, zona, tarea, incidencia y relevo; 8 h presencia días 1--14, luego 4 h presencia +4 h preparación."
F18,1.11.4.2.2.5.1,"Acompañamiento E2, ola 2, día 5, zona 1",19,1,8,José Lara Arce,"Registro diario, turno, zona, tarea, incidencia y relevo; 8 h presencia días 1--14, luego 4 h presencia +4 h preparación."
F18,1.11.4.2.2.5.2,"Acompañamiento E2, ola 2, día 5, zona 2",19,1,8,José Lara Arce,"Registro diario, turno, zona, tarea, incidencia y relevo; 8 h presencia días 1--14, luego 4 h presencia +4 h preparación."
F18,1.11.4.2.2.6.1,"Acompañamiento E2, ola 2, día 6, zona 1",19,1,8,José Lara Arce,"Registro diario, turno, zona, tarea, incidencia y relevo; 8 h presencia días 1--14, luego 4 h presencia +4 h preparación."
F18,1.11.4.2.2.6.2,"Acompañamiento E2, ola 2, día 6, zona 2",19,1,8,José Lara Arce,"Registro diario, turno, zona, tarea, incidencia y relevo; 8 h presencia días 1--14, luego 4 h presencia +4 h preparación."
F18,1.11.4.2.2.7.1,"Acompañamiento E2, ola 2, día 7, zona 1",19,1,8,José Lara Arce,"Registro diario, turno, zona, tarea, incidencia y relevo; 8 h presencia días 1--14, luego 4 h presencia +4 h preparación."
F18,1.11.4.2.2.7.2,"Acompañamiento E2, ola 2, día 7, zona 2",19,1,8,José Lara Arce,"Registro diario, turno, zona, tarea, incidencia y relevo; 8 h presencia días 1--14, luego 4 h presencia +4 h preparación."
F18,1.11.4.2.2.8.1,"Acompañamiento E2, ola 2, día 8, zona 1",19,1,8,José Lara Arce,"Registro diario, turno, zona, tarea, incidencia y relevo; 8 h presencia días 1--14, luego 4 h presencia +4 h preparación."
F18,1.11.4.2.2.8.2,"Acompañamiento E2, ola 2, día 8, zona 2",19,1,8,José Lara Arce,"Registro diario, turno, zona, tarea, incidencia y relevo; 8 h presencia días 1--14, luego 4 h presencia +4 h preparación."
F18,1.11.4.2.2.9.1,"Acompañamiento E2, ola 2, día 9, zona 1",19,1,8,José Lara Arce,"Registro diario, turno, zona, tarea, incidencia y relevo; 8 h presencia días 1--14, luego 4 h presencia +4 h preparación."
F18,1.11.4.2.2.9.2,"Acompañamiento E2, ola 2, día 9, zona 2",19,1,8,José Lara Arce,"Registro diario, turno, zona, tarea, incidencia y relevo; 8 h presencia días 1--14, luego 4 h presencia +4 h preparación."
F18,1.11.4.2.2.10.1,"Acompañamiento E2, ola 2, día 10, zona 1",19,1,8,José Lara Arce,"Registro diario, turno, zona, tarea, incidencia y relevo; 8 h presencia días 1--14, luego 4 h presencia +4 h preparación."
F18,1.11.4.2.2.10.2,"Acompañamiento E2, ola 2, día 10, zona 2",19,1,8,José Lara Arce,"Registro diario, turno, zona, tarea, incidencia y relevo; 8 h presencia días 1--14, luego 4 h presencia +4 h preparación."
F18,1.11.4.2.2.11.1,"Acompañamiento E2, ola 2, día 11, zona 1",19,1,8,José Lara Arce,"Registro diario, turno, zona, tarea, incidencia y relevo; 8 h presencia días 1--14, luego 4 h presencia +4 h preparación."
F18,1.11.4.2.2.11.2,"Acompañamiento E2, ola 2, día 11, zona 2",19,1,8,José Lara Arce,"Registro diario, turno, zona, tarea, incidencia y relevo; 8 h presencia días 1--14, luego 4 h presencia +4 h preparación."
F18,1.11.4.2.2.12.1,"Acompañamiento E2, ola 2, día 12, zona 1",19,1,8,José Lara Arce,"Registro diario, turno, zona, tarea, incidencia y relevo; 8 h presencia días 1--14, luego 4 h presencia +4 h preparación."
F18,1.11.4.2.2.12.2,"Acompañamiento E2, ola 2, día 12, zona 2",19,1,8,José Lara Arce,"Registro diario, turno, zona, tarea, incidencia y relevo; 8 h presencia días 1--14, luego 4 h presencia +4 h preparación."
F18,1.11.4.2.2.13.1,"Acompañamiento E2, ola 2, día 13, zona 1",19,1,8,José Lara Arce,"Registro diario, turno, zona, tarea, incidencia y relevo; 8 h presencia días 1--14, luego 4 h presencia +4 h preparación."
F18,1.11.4.2.2.13.2,"Acompañamiento E2, ola 2, día 13, zona 2",19,1,8,José Lara Arce,"Registro diario, turno, zona, tarea, incidencia y relevo; 8 h presencia días 1--14, luego 4 h presencia +4 h preparación."
F18,1.11.4.2.2.14.1,"Acompañamiento E2, ola 2, día 14, zona 1",19,1,8,José Lara Arce,"Registro diario, turno, zona, tarea, incidencia y relevo; 8 h presencia días 1--14, luego 4 h presencia +4 h preparación."
F18,1.11.4.2.2.14.2,"Acompañamiento E2, ola 2, día 14, zona 2",19,1,8,José Lara Arce,"Registro diario, turno, zona, tarea, incidencia y relevo; 8 h presencia días 1--14, luego 4 h presencia +4 h preparación."
F18,1.11.4.2.2.15.1,"Acompañamiento E2, ola 2, día 15, zona 1",19,1,8,José Lara Arce,"Registro diario, turno, zona, tarea, incidencia y relevo; 8 h presencia días 1--14, luego 4 h presencia +4 h preparación."
F18,1.11.4.2.2.15.2,"Acompañamiento E2, ola 2, día 15, zona 2",19,1,8,José Lara Arce,"Registro diario, turno, zona, tarea, incidencia y relevo; 8 h presencia días 1--14, luego 4 h presencia +4 h preparación."
F18,1.11.4.2.2.16.1,"Acompañamiento E2, ola 2, día 16, zona 1",19,1,8,José Lara Arce,"Registro diario, turno, zona, tarea, incidencia y relevo; 8 h presencia días 1--14, luego 4 h presencia +4 h preparación."
F18,1.11.4.2.2.16.2,"Acompañamiento E2, ola 2, día 16, zona 2",19,1,8,José Lara Arce,"Registro diario, turno, zona, tarea, incidencia y relevo; 8 h presencia días 1--14, luego 4 h presencia +4 h preparación."
F18,1.11.4.2.2.17.1,"Acompañamiento E2, ola 2, día 17, zona 1",19,1,8,José Lara Arce,"Registro diario, turno, zona, tarea, incidencia y relevo; 8 h presencia días 1--14, luego 4 h presencia +4 h preparación."
F18,1.11.4.2.2.17.2,"Acompañamiento E2, ola 2, día 17, zona 2",19,1,8,José Lara Arce,"Registro diario, turno, zona, tarea, incidencia y relevo; 8 h presencia días 1--14, luego 4 h presencia +4 h preparación."
F18,1.11.4.2.2.18.1,"Acompañamiento E2, ola 2, día 18, zona 1",19,1,8,José Lara Arce,"Registro diario, turno, zona, tarea, incidencia y relevo; 8 h presencia días 1--14, luego 4 h presencia +4 h preparación."
F18,1.11.4.2.2.18.2,"Acompañamiento E2, ola 2, día 18, zona 2",19,1,8,José Lara Arce,"Registro diario, turno, zona, tarea, incidencia y relevo; 8 h presencia días 1--14, luego 4 h presencia +4 h preparación."
F18,1.11.4.2.2.19.1,"Acompañamiento E2, ola 2, día 19, zona 1",19,1,8,José Lara Arce,"Registro diario, turno, zona, tarea, incidencia y relevo; 8 h presencia días 1--14, luego 4 h presencia +4 h preparación."
F18,1.11.4.2.2.19.2,"Acompañamiento E2, ola 2, día 19, zona 2",19,1,8,José Lara Arce,"Registro diario, turno, zona, tarea, incidencia y relevo; 8 h presencia días 1--14, luego 4 h presencia +4 h preparación."
F18,1.11.4.2.2.20.1,"Acompañamiento E2, ola 2, día 20, zona 1",19,1,8,José Lara Arce,"Registro diario, turno, zona, tarea, incidencia y relevo; 8 h presencia días 1--14, luego 4 h presencia +4 h preparación."
F18,1.11.4.2.2.20.2,"Acompañamiento E2, ola 2, día 20, zona 2",19,1,8,José Lara Arce,"Registro diario, turno, zona, tarea, incidencia y relevo; 8 h presencia días 1--14, luego 4 h presencia +4 h preparación."
F18,1.11.4.2.2.21.1,"Acompañamiento E2, ola 2, día 21, zona 1",19,1,8,José Lara Arce,"Registro diario, turno, zona, tarea, incidencia y relevo; 8 h presencia días 1--14, luego 4 h presencia +4 h preparación."
F18,1.11.4.2.2.21.2,"Acompañamiento E2, ola 2, día 21, zona 2",19,1,8,José Lara Arce,"Registro diario, turno, zona, tarea, incidencia y relevo; 8 h presencia días 1--14, luego 4 h presencia +4 h preparación."
F18,1.11.4.2.2.22.1,"Acompañamiento E2, ola 2, día 22, zona 1",19,1,8,José Lara Arce,"Registro diario, turno, zona, tarea, incidencia y relevo; 8 h presencia días 1--14, luego 4 h presencia +4 h preparación."
F18,1.11.4.2.2.22.2,"Acompañamiento E2, ola 2, día 22, zona 2",19,1,8,José Lara Arce,"Registro diario, turno, zona, tarea, incidencia y relevo; 8 h presencia días 1--14, luego 4 h presencia +4 h preparación."
F18,1.11.4.2.2.23.1,"Acompañamiento E2, ola 2, día 23, zona 1",19,1,8,José Lara Arce,"Registro diario, turno, zona, tarea, incidencia y relevo; 8 h presencia días 1--14, luego 4 h presencia +4 h preparación."
F18,1.11.4.2.2.23.2,"Acompañamiento E2, ola 2, día 23, zona 2",19,1,8,José Lara Arce,"Registro diario, turno, zona, tarea, incidencia y relevo; 8 h presencia días 1--14, luego 4 h presencia +4 h preparación."
F18,1.11.4.2.2.24.1,"Acompañamiento E2, ola 2, día 24, zona 1",19,1,8,José Lara Arce,"Registro diario, turno, zona, tarea, incidencia y relevo; 8 h presencia días 1--14, luego 4 h presencia +4 h preparación."
F18,1.11.4.2.2.24.2,"Acompañamiento E2, ola 2, día 24, zona 2",19,1,8,José Lara Arce,"Registro diario, turno, zona, tarea, incidencia y relevo; 8 h presencia días 1--14, luego 4 h presencia +4 h preparación."
F18,1.11.4.2.2.25.1,"Acompañamiento E2, ola 2, día 25, zona 1",19,1,8,José Lara Arce,"Registro diario, turno, zona, tarea, incidencia y relevo; 8 h presencia días 1--14, luego 4 h presencia +4 h preparación."
F18,1.11.4.2.2.25.2,"Acompañamiento E2, ola 2, día 25, zona 2",19,1,8,José Lara Arce,"Registro diario, turno, zona, tarea, incidencia y relevo; 8 h presencia días 1--14, luego 4 h presencia +4 h preparación."
F18,1.11.4.2.2.26.1,"Acompañamiento E2, ola 2, día 26, zona 1",19,1,8,José Lara Arce,"Registro diario, turno, zona, tarea, incidencia y relevo; 8 h presencia días 1--14, luego 4 h presencia +4 h preparación."
F18,1.11.4.2.2.26.2,"Acompañamiento E2, ola 2, día 26, zona 2",19,1,8,José Lara Arce,"Registro diario, turno, zona, tarea, incidencia y relevo; 8 h presencia días 1--14, luego 4 h presencia +4 h preparación."
F18,1.11.4.2.2.27.1,"Acompañamiento E2, ola 2, día 27, zona 1",19,1,8,José Lara Arce,"Registro diario, turno, zona, tarea, incidencia y relevo; 8 h presencia días 1--14, luego 4 h presencia +4 h preparación."
F18,1.11.4.2.2.27.2,"Acompañamiento E2, ola 2, día 27, zona 2",19,1,8,José Lara Arce,"Registro diario, turno, zona, tarea, incidencia y relevo; 8 h presencia días 1--14, luego 4 h presencia +4 h preparación."
F18,1.11.4.2.2.28.1,"Acompañamiento E2, ola 2, día 28, zona 1",19,1,8,José Lara Arce,"Registro diario, turno, zona, tarea, incidencia y relevo; 8 h presencia días 1--14, luego 4 h presencia +4 h preparación."
F18,1.11.4.2.2.28.2,"Acompañamiento E2, ola 2, día 28, zona 2",19,1,8,José Lara Arce,"Registro diario, turno, zona, tarea, incidencia y relevo; 8 h presencia días 1--14, luego 4 h presencia +4 h preparación."
F18,1.11.4.2.3.1.1,"Acompañamiento E2, ola 3, día 1, zona 1",19,1,8,José Lara Arce,"Registro diario, turno, zona, tarea, incidencia y relevo; 8 h presencia días 1--14, luego 4 h presencia +4 h preparación."
F18,1.11.4.2.3.1.2,"Acompañamiento E2, ola 3, día 1, zona 2",19,1,8,José Lara Arce,"Registro diario, turno, zona, tarea, incidencia y relevo; 8 h presencia días 1--14, luego 4 h presencia +4 h preparación."
F18,1.11.4.2.3.2.1,"Acompañamiento E2, ola 3, día 2, zona 1",19,1,8,José Lara Arce,"Registro diario, turno, zona, tarea, incidencia y relevo; 8 h presencia días 1--14, luego 4 h presencia +4 h preparación."
F18,1.11.4.2.3.2.2,"Acompañamiento E2, ola 3, día 2, zona 2",19,1,8,José Lara Arce,"Registro diario, turno, zona, tarea, incidencia y relevo; 8 h presencia días 1--14, luego 4 h presencia +4 h preparación."
F18,1.11.4.2.3.3.1,"Acompañamiento E2, ola 3, día 3, zona 1",19,1,8,José Lara Arce,"Registro diario, turno, zona, tarea, incidencia y relevo; 8 h presencia días 1--14, luego 4 h presencia +4 h preparación."
F18,1.11.4.2.3.3.2,"Acompañamiento E2, ola 3, día 3, zona 2",19,1,8,José Lara Arce,"Registro diario, turno, zona, tarea, incidencia y relevo; 8 h presencia días 1--14, luego 4 h presencia +4 h preparación."
F18,1.11.4.2.3.4.1,"Acompañamiento E2, ola 3, día 4, zona 1",19,1,8,José Lara Arce,"Registro diario, turno, zona, tarea, incidencia y relevo; 8 h presencia días 1--14, luego 4 h presencia +4 h preparación."
F18,1.11.4.2.3.4.2,"Acompañamiento E2, ola 3, día 4, zona 2",19,1,8,José Lara Arce,"Registro diario, turno, zona, tarea, incidencia y relevo; 8 h presencia días 1--14, luego 4 h presencia +4 h preparación."
F18,1.11.4.2.3.5.1,"Acompañamiento E2, ola 3, día 5, zona 1",19,1,8,José Lara Arce,"Registro diario, turno, zona, tarea, incidencia y relevo; 8 h presencia días 1--14, luego 4 h presencia +4 h preparación."
F18,1.11.4.2.3.5.2,"Acompañamiento E2, ola 3, día 5, zona 2",19,1,8,José Lara Arce,"Registro diario, turno, zona, tarea, incidencia y relevo; 8 h presencia días 1--14, luego 4 h presencia +4 h preparación."
F18,1.11.4.2.3.6.1,"Acompañamiento E2, ola 3, día 6, zona 1",19,1,8,José Lara Arce,"Registro diario, turno, zona, tarea, incidencia y relevo; 8 h presencia días 1--14, luego 4 h presencia +4 h preparación."
F18,1.11.4.2.3.6.2,"Acompañamiento E2, ola 3, día 6, zona 2",19,1,8,José Lara Arce,"Registro diario, turno, zona, tarea, incidencia y relevo; 8 h presencia días 1--14, luego 4 h presencia +4 h preparación."
F18,1.11.4.2.3.7.1,"Acompañamiento E2, ola 3, día 7, zona 1",19,1,8,José Lara Arce,"Registro diario, turno, zona, tarea, incidencia y relevo; 8 h presencia días 1--14, luego 4 h presencia +4 h preparación."
F18,1.11.4.2.3.7.2,"Acompañamiento E2, ola 3, día 7, zona 2",19,1,8,José Lara Arce,"Registro diario, turno, zona, tarea, incidencia y relevo; 8 h presencia días 1--14, luego 4 h presencia +4 h preparación."
F18,1.11.4.2.3.8.1,"Acompañamiento E2, ola 3, día 8, zona 1",19,1,8,José Lara Arce,"Registro diario, turno, zona, tarea, incidencia y relevo; 8 h presencia días 1--14, luego 4 h presencia +4 h preparación."
F18,1.11.4.2.3.8.2,"Acompañamiento E2, ola 3, día 8, zona 2",19,1,8,José Lara Arce,"Registro diario, turno, zona, tarea, incidencia y relevo; 8 h presencia días 1--14, luego 4 h presencia +4 h preparación."
F18,1.11.4.2.3.9.1,"Acompañamiento E2, ola 3, día 9, zona 1",19,1,8,José Lara Arce,"Registro diario, turno, zona, tarea, incidencia y relevo; 8 h presencia días 1--14, luego 4 h presencia +4 h preparación."
F18,1.11.4.2.3.9.2,"Acompañamiento E2, ola 3, día 9, zona 2",19,1,8,José Lara Arce,"Registro diario, turno, zona, tarea, incidencia y relevo; 8 h presencia días 1--14, luego 4 h presencia +4 h preparación."
F18,1.11.4.2.3.10.1,"Acompañamiento E2, ola 3, día 10, zona 1",19,1,8,José Lara Arce,"Registro diario, turno, zona, tarea, incidencia y relevo; 8 h presencia días 1--14, luego 4 h presencia +4 h preparación."
F18,1.11.4.2.3.10.2,"Acompañamiento E2, ola 3, día 10, zona 2",19,1,8,José Lara Arce,"Registro diario, turno, zona, tarea, incidencia y relevo; 8 h presencia días 1--14, luego 4 h presencia +4 h preparación."
F18,1.11.4.2.3.11.1,"Acompañamiento E2, ola 3, día 11, zona 1",19,1,8,José Lara Arce,"Registro diario, turno, zona, tarea, incidencia y relevo; 8 h presencia días 1--14, luego 4 h presencia +4 h preparación."
F18,1.11.4.2.3.11.2,"Acompañamiento E2, ola 3, día 11, zona 2",19,1,8,José Lara Arce,"Registro diario, turno, zona, tarea, incidencia y relevo; 8 h presencia días 1--14, luego 4 h presencia +4 h preparación."
F18,1.11.4.2.3.12.1,"Acompañamiento E2, ola 3, día 12, zona 1",19,1,8,José Lara Arce,"Registro diario, turno, zona, tarea, incidencia y relevo; 8 h presencia días 1--14, luego 4 h presencia +4 h preparación."
F18,1.11.4.2.3.12.2,"Acompañamiento E2, ola 3, día 12, zona 2",19,1,8,José Lara Arce,"Registro diario, turno, zona, tarea, incidencia y relevo; 8 h presencia días 1--14, luego 4 h presencia +4 h preparación."
F18,1.11.4.2.3.13.1,"Acompañamiento E2, ola 3, día 13, zona 1",19,1,8,José Lara Arce,"Registro diario, turno, zona, tarea, incidencia y relevo; 8 h presencia días 1--14, luego 4 h presencia +4 h preparación."
F18,1.11.4.2.3.13.2,"Acompañamiento E2, ola 3, día 13, zona 2",19,1,8,José Lara Arce,"Registro diario, turno, zona, tarea, incidencia y relevo; 8 h presencia días 1--14, luego 4 h presencia +4 h preparación."
F18,1.11.4.2.3.14.1,"Acompañamiento E2, ola 3, día 14, zona 1",19,1,8,José Lara Arce,"Registro diario, turno, zona, tarea, incidencia y relevo; 8 h presencia días 1--14, luego 4 h presencia +4 h preparación."
F18,1.11.4.2.3.14.2,"Acompañamiento E2, ola 3, día 14, zona 2",19,1,8,José Lara Arce,"Registro diario, turno, zona, tarea, incidencia y relevo; 8 h presencia días 1--14, luego 4 h presencia +4 h preparación."
F18,1.11.4.2.3.15.1,"Acompañamiento E2, ola 3, día 15, zona 1",19,1,8,José Lara Arce,"Registro diario, turno, zona, tarea, incidencia y relevo; 8 h presencia días 1--14, luego 4 h presencia +4 h preparación."
F18,1.11.4.2.3.15.2,"Acompañamiento E2, ola 3, día 15, zona 2",19,1,8,José Lara Arce,"Registro diario, turno, zona, tarea, incidencia y relevo; 8 h presencia días 1--14, luego 4 h presencia +4 h preparación."
F18,1.11.4.2.3.16.1,"Acompañamiento E2, ola 3, día 16, zona 1",19,1,8,José Lara Arce,"Registro diario, turno, zona, tarea, incidencia y relevo; 8 h presencia días 1--14, luego 4 h presencia +4 h preparación."
F18,1.11.4.2.3.16.2,"Acompañamiento E2, ola 3, día 16, zona 2",19,1,8,José Lara Arce,"Registro diario, turno, zona, tarea, incidencia y relevo; 8 h presencia días 1--14, luego 4 h presencia +4 h preparación."
F18,1.11.4.2.3.17.1,"Acompañamiento E2, ola 3, día 17, zona 1",19,1,8,José Lara Arce,"Registro diario, turno, zona, tarea, incidencia y relevo; 8 h presencia días 1--14, luego 4 h presencia +4 h preparación."
F18,1.11.4.2.3.17.2,"Acompañamiento E2, ola 3, día 17, zona 2",19,1,8,José Lara Arce,"Registro diario, turno, zona, tarea, incidencia y relevo; 8 h presencia días 1--14, luego 4 h presencia +4 h preparación."
F18,1.11.4.2.3.18.1,"Acompañamiento E2, ola 3, día 18, zona 1",19,1,8,José Lara Arce,"Registro diario, turno, zona, tarea, incidencia y relevo; 8 h presencia días 1--14, luego 4 h presencia +4 h preparación."
F18,1.11.4.2.3.18.2,"Acompañamiento E2, ola 3, día 18, zona 2",19,1,8,José Lara Arce,"Registro diario, turno, zona, tarea, incidencia y relevo; 8 h presencia días 1--14, luego 4 h presencia +4 h preparación."
F18,1.11.4.2.3.19.1,"Acompañamiento E2, ola 3, día 19, zona 1",19,1,8,José Lara Arce,"Registro diario, turno, zona, tarea, incidencia y relevo; 8 h presencia días 1--14, luego 4 h presencia +4 h preparación."
F18,1.11.4.2.3.19.2,"Acompañamiento E2, ola 3, día 19, zona 2",19,1,8,José Lara Arce,"Registro diario, turno, zona, tarea, incidencia y relevo; 8 h presencia días 1--14, luego 4 h presencia +4 h preparación."
F18,1.11.4.2.3.20.1,"Acompañamiento E2, ola 3, día 20, zona 1",19,1,8,José Lara Arce,"Registro diario, turno, zona, tarea, incidencia y relevo; 8 h presencia días 1--14, luego 4 h presencia +4 h preparación."
F18,1.11.4.2.3.20.2,"Acompañamiento E2, ola 3, día 20, zona 2",19,1,8,José Lara Arce,"Registro diario, turno, zona, tarea, incidencia y relevo; 8 h presencia días 1--14, luego 4 h presencia +4 h preparación."
F18,1.11.4.2.3.21.1,"Acompañamiento E2, ola 3, día 21, zona 1",19,1,8,José Lara Arce,"Registro diario, turno, zona, tarea, incidencia y relevo; 8 h presencia días 1--14, luego 4 h presencia +4 h preparación."
F18,1.11.4.2.3.21.2,"Acompañamiento E2, ola 3, día 21, zona 2",19,1,8,José Lara Arce,"Registro diario, turno, zona, tarea, incidencia y relevo; 8 h presencia días 1--14, luego 4 h presencia +4 h preparación."
F18,1.11.4.2.3.22.1,"Acompañamiento E2, ola 3, día 22, zona 1",19,1,8,José Lara Arce,"Registro diario, turno, zona, tarea, incidencia y relevo; 8 h presencia días 1--14, luego 4 h presencia +4 h preparación."
F18,1.11.4.2.3.22.2,"Acompañamiento E2, ola 3, día 22, zona 2",19,1,8,José Lara Arce,"Registro diario, turno, zona, tarea, incidencia y relevo; 8 h presencia días 1--14, luego 4 h presencia +4 h preparación."
F18,1.11.4.2.3.23.1,"Acompañamiento E2, ola 3, día 23, zona 1",19,1,8,José Lara Arce,"Registro diario, turno, zona, tarea, incidencia y relevo; 8 h presencia días 1--14, luego 4 h presencia +4 h preparación."
F18,1.11.4.2.3.23.2,"Acompañamiento E2, ola 3, día 23, zona 2",19,1,8,José Lara Arce,"Registro diario, turno, zona, tarea, incidencia y relevo; 8 h presencia días 1--14, luego 4 h presencia +4 h preparación."
F18,1.11.4.2.3.24.1,"Acompañamiento E2, ola 3, día 24, zona 1",19,1,8,José Lara Arce,"Registro diario, turno, zona, tarea, incidencia y relevo; 8 h presencia días 1--14, luego 4 h presencia +4 h preparación."
F18,1.11.4.2.3.24.2,"Acompañamiento E2, ola 3, día 24, zona 2",19,1,8,José Lara Arce,"Registro diario, turno, zona, tarea, incidencia y relevo; 8 h presencia días 1--14, luego 4 h presencia +4 h preparación."
F18,1.11.4.2.3.25.1,"Acompañamiento E2, ola 3, día 25, zona 1",19,1,8,José Lara Arce,"Registro diario, turno, zona, tarea, incidencia y relevo; 8 h presencia días 1--14, luego 4 h presencia +4 h preparación."
F18,1.11.4.2.3.25.2,"Acompañamiento E2, ola 3, día 25, zona 2",19,1,8,José Lara Arce,"Registro diario, turno, zona, tarea, incidencia y relevo; 8 h presencia días 1--14, luego 4 h presencia +4 h preparación."
F18,1.11.4.2.3.26.1,"Acompañamiento E2, ola 3, día 26, zona 1",19,1,8,José Lara Arce,"Registro diario, turno, zona, tarea, incidencia y relevo; 8 h presencia días 1--14, luego 4 h presencia +4 h preparación."
F18,1.11.4.2.3.26.2,"Acompañamiento E2, ola 3, día 26, zona 2",19,1,8,José Lara Arce,"Registro diario, turno, zona, tarea, incidencia y relevo; 8 h presencia días 1--14, luego 4 h presencia +4 h preparación."
F18,1.11.4.2.3.27.1,"Acompañamiento E2, ola 3, día 27, zona 1",19,1,8,José Lara Arce,"Registro diario, turno, zona, tarea, incidencia y relevo; 8 h presencia días 1--14, luego 4 h presencia +4 h preparación."
F18,1.11.4.2.3.27.2,"Acompañamiento E2, ola 3, día 27, zona 2",19,1,8,José Lara Arce,"Registro diario, turno, zona, tarea, incidencia y relevo; 8 h presencia días 1--14, luego 4 h presencia +4 h preparación."
F18,1.11.4.2.3.28.1,"Acompañamiento E2, ola 3, día 28, zona 1",19,1,8,José Lara Arce,"Registro diario, turno, zona, tarea, incidencia y relevo; 8 h presencia días 1--14, luego 4 h presencia +4 h preparación."
F18,1.11.4.2.3.28.2,"Acompañamiento E2, ola 3, día 28, zona 2",19,1,8,José Lara Arce,"Registro diario, turno, zona, tarea, incidencia y relevo; 8 h presencia días 1--14, luego 4 h presencia +4 h preparación."
F18,1.11.4.2.4.1.1,"Acompañamiento E2, ola 4, día 1, zona 1",19,1,8,José Lara Arce,"Registro diario, turno, zona, tarea, incidencia y relevo; 8 h presencia días 1--14, luego 4 h presencia +4 h preparación."
F18,1.11.4.2.4.1.2,"Acompañamiento E2, ola 4, día 1, zona 2",19,1,8,José Lara Arce,"Registro diario, turno, zona, tarea, incidencia y relevo; 8 h presencia días 1--14, luego 4 h presencia +4 h preparación."
F18,1.11.4.2.4.2.1,"Acompañamiento E2, ola 4, día 2, zona 1",19,1,8,José Lara Arce,"Registro diario, turno, zona, tarea, incidencia y relevo; 8 h presencia días 1--14, luego 4 h presencia +4 h preparación."
F18,1.11.4.2.4.2.2,"Acompañamiento E2, ola 4, día 2, zona 2",19,1,8,José Lara Arce,"Registro diario, turno, zona, tarea, incidencia y relevo; 8 h presencia días 1--14, luego 4 h presencia +4 h preparación."
F18,1.11.4.2.4.3.1,"Acompañamiento E2, ola 4, día 3, zona 1",19,1,8,José Lara Arce,"Registro diario, turno, zona, tarea, incidencia y relevo; 8 h presencia días 1--14, luego 4 h presencia +4 h preparación."
F18,1.11.4.2.4.3.2,"Acompañamiento E2, ola 4, día 3, zona 2",19,1,8,José Lara Arce,"Registro diario, turno, zona, tarea, incidencia y relevo; 8 h presencia días 1--14, luego 4 h presencia +4 h preparación."
F18,1.11.4.2.4.4.1,"Acompañamiento E2, ola 4, día 4, zona 1",19,1,8,José Lara Arce,"Registro diario, turno, zona, tarea, incidencia y relevo; 8 h presencia días 1--14, luego 4 h presencia +4 h preparación."
F18,1.11.4.2.4.4.2,"Acompañamiento E2, ola 4, día 4, zona 2",19,1,8,José Lara Arce,"Registro diario, turno, zona, tarea, incidencia y relevo; 8 h presencia días 1--14, luego 4 h presencia +4 h preparación."
F18,1.11.4.2.4.5.1,"Acompañamiento E2, ola 4, día 5, zona 1",19,1,8,José Lara Arce,"Registro diario, turno, zona, tarea, incidencia y relevo; 8 h presencia días 1--14, luego 4 h presencia +4 h preparación."
F18,1.11.4.2.4.5.2,"Acompañamiento E2, ola 4, día 5, zona 2",19,1,8,José Lara Arce,"Registro diario, turno, zona, tarea, incidencia y relevo; 8 h presencia días 1--14, luego 4 h presencia +4 h preparación."
F18,1.11.4.2.4.6.1,"Acompañamiento E2, ola 4, día 6, zona 1",19,1,8,José Lara Arce,"Registro diario, turno, zona, tarea, incidencia y relevo; 8 h presencia días 1--14, luego 4 h presencia +4 h preparación."
F18,1.11.4.2.4.6.2,"Acompañamiento E2, ola 4, día 6, zona 2",19,1,8,José Lara Arce,"Registro diario, turno, zona, tarea, incidencia y relevo; 8 h presencia días 1--14, luego 4 h presencia +4 h preparación."
F18,1.11.4.2.4.7.1,"Acompañamiento E2, ola 4, día 7, zona 1",19,1,8,José Lara Arce,"Registro diario, turno, zona, tarea, incidencia y relevo; 8 h presencia días 1--14, luego 4 h presencia +4 h preparación."
F18,1.11.4.2.4.7.2,"Acompañamiento E2, ola 4, día 7, zona 2",19,1,8,José Lara Arce,"Registro diario, turno, zona, tarea, incidencia y relevo; 8 h presencia días 1--14, luego 4 h presencia +4 h preparación."
F18,1.11.4.2.4.8.1,"Acompañamiento E2, ola 4, día 8, zona 1",19,1,8,José Lara Arce,"Registro diario, turno, zona, tarea, incidencia y relevo; 8 h presencia días 1--14, luego 4 h presencia +4 h preparación."
F18,1.11.4.2.4.8.2,"Acompañamiento E2, ola 4, día 8, zona 2",19,1,8,José Lara Arce,"Registro diario, turno, zona, tarea, incidencia y relevo; 8 h presencia días 1--14, luego 4 h presencia +4 h preparación."
F18,1.11.4.2.4.9.1,"Acompañamiento E2, ola 4, día 9, zona 1",19,1,8,José Lara Arce,"Registro diario, turno, zona, tarea, incidencia y relevo; 8 h presencia días 1--14, luego 4 h presencia +4 h preparación."
F18,1.11.4.2.4.9.2,"Acompañamiento E2, ola 4, día 9, zona 2",19,1,8,José Lara Arce,"Registro diario, turno, zona, tarea, incidencia y relevo; 8 h presencia días 1--14, luego 4 h presencia +4 h preparación."
F18,1.11.4.2.4.10.1,"Acompañamiento E2, ola 4, día 10, zona 1",19,1,8,José Lara Arce,"Registro diario, turno, zona, tarea, incidencia y relevo; 8 h presencia días 1--14, luego 4 h presencia +4 h preparación."
F18,1.11.4.2.4.10.2,"Acompañamiento E2, ola 4, día 10, zona 2",19,1,8,José Lara Arce,"Registro diario, turno, zona, tarea, incidencia y relevo; 8 h presencia días 1--14, luego 4 h presencia +4 h preparación."
F18,1.11.4.2.4.11.1,"Acompañamiento E2, ola 4, día 11, zona 1",19,1,8,José Lara Arce,"Registro diario, turno, zona, tarea, incidencia y relevo; 8 h presencia días 1--14, luego 4 h presencia +4 h preparación."
F18,1.11.4.2.4.11.2,"Acompañamiento E2, ola 4, día 11, zona 2",19,1,8,José Lara Arce,"Registro diario, turno, zona, tarea, incidencia y relevo; 8 h presencia días 1--14, luego 4 h presencia +4 h preparación."
F18,1.11.4.2.4.12.1,"Acompañamiento E2, ola 4, día 12, zona 1",19,1,8,José Lara Arce,"Registro diario, turno, zona, tarea, incidencia y relevo; 8 h presencia días 1--14, luego 4 h presencia +4 h preparación."
F18,1.11.4.2.4.12.2,"Acompañamiento E2, ola 4, día 12, zona 2",19,1,8,José Lara Arce,"Registro diario, turno, zona, tarea, incidencia y relevo; 8 h presencia días 1--14, luego 4 h presencia +4 h preparación."
F18,1.11.4.2.4.13.1,"Acompañamiento E2, ola 4, día 13, zona 1",19,1,8,José Lara Arce,"Registro diario, turno, zona, tarea, incidencia y relevo; 8 h presencia días 1--14, luego 4 h presencia +4 h preparación."
F18,1.11.4.2.4.13.2,"Acompañamiento E2, ola 4, día 13, zona 2",19,1,8,José Lara Arce,"Registro diario, turno, zona, tarea, incidencia y relevo; 8 h presencia días 1--14, luego 4 h presencia +4 h preparación."
F18,1.11.4.2.4.14.1,"Acompañamiento E2, ola 4, día 14, zona 1",19,1,8,José Lara Arce,"Registro diario, turno, zona, tarea, incidencia y relevo; 8 h presencia días 1--14, luego 4 h presencia +4 h preparación."
F18,1.11.4.2.4.14.2,"Acompañamiento E2, ola 4, día 14, zona 2",19,1,8,José Lara Arce,"Registro diario, turno, zona, tarea, incidencia y relevo; 8 h presencia días 1--14, luego 4 h presencia +4 h preparación."
F18,1.11.4.2.4.15.1,"Acompañamiento E2, ola 4, día 15, zona 1",19,1,8,José Lara Arce,"Registro diario, turno, zona, tarea, incidencia y relevo; 8 h presencia días 1--14, luego 4 h presencia +4 h preparación."
F18,1.11.4.2.4.15.2,"Acompañamiento E2, ola 4, día 15, zona 2",19,1,8,José Lara Arce,"Registro diario, turno, zona, tarea, incidencia y relevo; 8 h presencia días 1--14, luego 4 h presencia +4 h preparación."
F18,1.11.4.2.4.16.1,"Acompañamiento E2, ola 4, día 16, zona 1",19,1,8,José Lara Arce,"Registro diario, turno, zona, tarea, incidencia y relevo; 8 h presencia días 1--14, luego 4 h presencia +4 h preparación."
F18,1.11.4.2.4.16.2,"Acompañamiento E2, ola 4, día 16, zona 2",19,1,8,José Lara Arce,"Registro diario, turno, zona, tarea, incidencia y relevo; 8 h presencia días 1--14, luego 4 h presencia +4 h preparación."
F18,1.11.4.2.4.17.1,"Acompañamiento E2, ola 4, día 17, zona 1",19,1,8,José Lara Arce,"Registro diario, turno, zona, tarea, incidencia y relevo; 8 h presencia días 1--14, luego 4 h presencia +4 h preparación."
F18,1.11.4.2.4.17.2,"Acompañamiento E2, ola 4, día 17, zona 2",19,1,8,José Lara Arce,"Registro diario, turno, zona, tarea, incidencia y relevo; 8 h presencia días 1--14, luego 4 h presencia +4 h preparación."
F18,1.11.4.2.4.18.1,"Acompañamiento E2, ola 4, día 18, zona 1",19,1,8,José Lara Arce,"Registro diario, turno, zona, tarea, incidencia y relevo; 8 h presencia días 1--14, luego 4 h presencia +4 h preparación."
F18,1.11.4.2.4.18.2,"Acompañamiento E2, ola 4, día 18, zona 2",19,1,8,José Lara Arce,"Registro diario, turno, zona, tarea, incidencia y relevo; 8 h presencia días 1--14, luego 4 h presencia +4 h preparación."
F18,1.11.4.2.4.19.1,"Acompañamiento E2, ola 4, día 19, zona 1",19,1,8,José Lara Arce,"Registro diario, turno, zona, tarea, incidencia y relevo; 8 h presencia días 1--14, luego 4 h presencia +4 h preparación."
F18,1.11.4.2.4.19.2,"Acompañamiento E2, ola 4, día 19, zona 2",19,1,8,José Lara Arce,"Registro diario, turno, zona, tarea, incidencia y relevo; 8 h presencia días 1--14, luego 4 h presencia +4 h preparación."
F18,1.11.4.2.4.20.1,"Acompañamiento E2, ola 4, día 20, zona 1",19,1,8,José Lara Arce,"Registro diario, turno, zona, tarea, incidencia y relevo; 8 h presencia días 1--14, luego 4 h presencia +4 h preparación."
F18,1.11.4.2.4.20.2,"Acompañamiento E2, ola 4, día 20, zona 2",19,1,8,José Lara Arce,"Registro diario, turno, zona, tarea, incidencia y relevo; 8 h presencia días 1--14, luego 4 h presencia +4 h preparación."
F18,1.11.4.2.4.21.1,"Acompañamiento E2, ola 4, día 21, zona 1",19,1,8,José Lara Arce,"Registro diario, turno, zona, tarea, incidencia y relevo; 8 h presencia días 1--14, luego 4 h presencia +4 h preparación."
F18,1.11.4.2.4.21.2,"Acompañamiento E2, ola 4, día 21, zona 2",19,1,8,José Lara Arce,"Registro diario, turno, zona, tarea, incidencia y relevo; 8 h presencia días 1--14, luego 4 h presencia +4 h preparación."
F18,1.11.4.2.4.22.1,"Acompañamiento E2, ola 4, día 22, zona 1",19,1,8,José Lara Arce,"Registro diario, turno, zona, tarea, incidencia y relevo; 8 h presencia días 1--14, luego 4 h presencia +4 h preparación."
F18,1.11.4.2.4.22.2,"Acompañamiento E2, ola 4, día 22, zona 2",19,1,8,José Lara Arce,"Registro diario, turno, zona, tarea, incidencia y relevo; 8 h presencia días 1--14, luego 4 h presencia +4 h preparación."
F18,1.11.4.2.4.23.1,"Acompañamiento E2, ola 4, día 23, zona 1",19,1,8,José Lara Arce,"Registro diario, turno, zona, tarea, incidencia y relevo; 8 h presencia días 1--14, luego 4 h presencia +4 h preparación."
F18,1.11.4.2.4.23.2,"Acompañamiento E2, ola 4, día 23, zona 2",19,1,8,José Lara Arce,"Registro diario, turno, zona, tarea, incidencia y relevo; 8 h presencia días 1--14, luego 4 h presencia +4 h preparación."
F18,1.11.4.2.4.24.1,"Acompañamiento E2, ola 4, día 24, zona 1",19,1,8,José Lara Arce,"Registro diario, turno, zona, tarea, incidencia y relevo; 8 h presencia días 1--14, luego 4 h presencia +4 h preparación."
F18,1.11.4.2.4.24.2,"Acompañamiento E2, ola 4, día 24, zona 2",19,1,8,José Lara Arce,"Registro diario, turno, zona, tarea, incidencia y relevo; 8 h presencia días 1--14, luego 4 h presencia +4 h preparación."
F18,1.11.4.2.4.25.1,"Acompañamiento E2, ola 4, día 25, zona 1",19,1,8,José Lara Arce,"Registro diario, turno, zona, tarea, incidencia y relevo; 8 h presencia días 1--14, luego 4 h presencia +4 h preparación."
F18,1.11.4.2.4.25.2,"Acompañamiento E2, ola 4, día 25, zona 2",19,1,8,José Lara Arce,"Registro diario, turno, zona, tarea, incidencia y relevo; 8 h presencia días 1--14, luego 4 h presencia +4 h preparación."
F18,1.11.4.2.4.26.1,"Acompañamiento E2, ola 4, día 26, zona 1",19,1,8,José Lara Arce,"Registro diario, turno, zona, tarea, incidencia y relevo; 8 h presencia días 1--14, luego 4 h presencia +4 h preparación."
F18,1.11.4.2.4.26.2,"Acompañamiento E2, ola 4, día 26, zona 2",19,1,8,José Lara Arce,"Registro diario, turno, zona, tarea, incidencia y relevo; 8 h presencia días 1--14, luego 4 h presencia +4 h preparación."
F18,1.11.4.2.4.27.1,"Acompañamiento E2, ola 4, día 27, zona 1",19,1,8,José Lara Arce,"Registro diario, turno, zona, tarea, incidencia y relevo; 8 h presencia días 1--14, luego 4 h presencia +4 h preparación."
F18,1.11.4.2.4.27.2,"Acompañamiento E2, ola 4, día 27, zona 2",19,1,8,José Lara Arce,"Registro diario, turno, zona, tarea, incidencia y relevo; 8 h presencia días 1--14, luego 4 h presencia +4 h preparación."
F18,1.11.4.2.4.28.1,"Acompañamiento E2, ola 4, día 28, zona 1",19,1,8,José Lara Arce,"Registro diario, turno, zona, tarea, incidencia y relevo; 8 h presencia días 1--14, luego 4 h presencia +4 h preparación."
F18,1.11.4.2.4.28.2,"Acompañamiento E2, ola 4, día 28, zona 2",19,1,8,José Lara Arce,"Registro diario, turno, zona, tarea, incidencia y relevo; 8 h presencia días 1--14, luego 4 h presencia +4 h preparación."
F19,1.11.6.2.1.1,"Estabilización presencial E2, día 1, zona 1",21,1,8,José Lara Arce,"Dos puestos diarios, pantalanes y varadero, 28 días consecutivos, incluidos fines de semana; relevo e incidencias registrados."
F19,1.11.6.2.1.2,"Estabilización presencial E2, día 1, zona 2",21,1,8,José Lara Arce,"Dos puestos diarios, pantalanes y varadero, 28 días consecutivos, incluidos fines de semana; relevo e incidencias registrados."
F19,1.11.6.2.2.1,"Estabilización presencial E2, día 2, zona 1",21,1,8,José Lara Arce,"Dos puestos diarios, pantalanes y varadero, 28 días consecutivos, incluidos fines de semana; relevo e incidencias registrados."
F19,1.11.6.2.2.2,"Estabilización presencial E2, día 2, zona 2",21,1,8,José Lara Arce,"Dos puestos diarios, pantalanes y varadero, 28 días consecutivos, incluidos fines de semana; relevo e incidencias registrados."
F19,1.11.6.2.3.1,"Estabilización presencial E2, día 3, zona 1",21,1,8,José Lara Arce,"Dos puestos diarios, pantalanes y varadero, 28 días consecutivos, incluidos fines de semana; relevo e incidencias registrados."
F19,1.11.6.2.3.2,"Estabilización presencial E2, día 3, zona 2",21,1,8,José Lara Arce,"Dos puestos diarios, pantalanes y varadero, 28 días consecutivos, incluidos fines de semana; relevo e incidencias registrados."
F19,1.11.6.2.4.1,"Estabilización presencial E2, día 4, zona 1",21,1,8,José Lara Arce,"Dos puestos diarios, pantalanes y varadero, 28 días consecutivos, incluidos fines de semana; relevo e incidencias registrados."
F19,1.11.6.2.4.2,"Estabilización presencial E2, día 4, zona 2",21,1,8,José Lara Arce,"Dos puestos diarios, pantalanes y varadero, 28 días consecutivos, incluidos fines de semana; relevo e incidencias registrados."
F19,1.11.6.2.5.1,"Estabilización presencial E2, día 5, zona 1",21,1,8,José Lara Arce,"Dos puestos diarios, pantalanes y varadero, 28 días consecutivos, incluidos fines de semana; relevo e incidencias registrados."
F19,1.11.6.2.5.2,"Estabilización presencial E2, día 5, zona 2",21,1,8,José Lara Arce,"Dos puestos diarios, pantalanes y varadero, 28 días consecutivos, incluidos fines de semana; relevo e incidencias registrados."
F19,1.11.6.2.6.1,"Estabilización presencial E2, día 6, zona 1",21,1,8,José Lara Arce,"Dos puestos diarios, pantalanes y varadero, 28 días consecutivos, incluidos fines de semana; relevo e incidencias registrados."
F19,1.11.6.2.6.2,"Estabilización presencial E2, día 6, zona 2",21,1,8,José Lara Arce,"Dos puestos diarios, pantalanes y varadero, 28 días consecutivos, incluidos fines de semana; relevo e incidencias registrados."
F19,1.11.6.2.7.1,"Estabilización presencial E2, día 7, zona 1",21,1,8,José Lara Arce,"Dos puestos diarios, pantalanes y varadero, 28 días consecutivos, incluidos fines de semana; relevo e incidencias registrados."
F19,1.11.6.2.7.2,"Estabilización presencial E2, día 7, zona 2",21,1,8,José Lara Arce,"Dos puestos diarios, pantalanes y varadero, 28 días consecutivos, incluidos fines de semana; relevo e incidencias registrados."
F19,1.11.6.2.8.1,"Estabilización presencial E2, día 8, zona 1",21,1,8,José Lara Arce,"Dos puestos diarios, pantalanes y varadero, 28 días consecutivos, incluidos fines de semana; relevo e incidencias registrados."
F19,1.11.6.2.8.2,"Estabilización presencial E2, día 8, zona 2",21,1,8,José Lara Arce,"Dos puestos diarios, pantalanes y varadero, 28 días consecutivos, incluidos fines de semana; relevo e incidencias registrados."
F19,1.11.6.2.9.1,"Estabilización presencial E2, día 9, zona 1",21,1,8,José Lara Arce,"Dos puestos diarios, pantalanes y varadero, 28 días consecutivos, incluidos fines de semana; relevo e incidencias registrados."
F19,1.11.6.2.9.2,"Estabilización presencial E2, día 9, zona 2",21,1,8,José Lara Arce,"Dos puestos diarios, pantalanes y varadero, 28 días consecutivos, incluidos fines de semana; relevo e incidencias registrados."
F19,1.11.6.2.10.1,"Estabilización presencial E2, día 10, zona 1",21,1,8,José Lara Arce,"Dos puestos diarios, pantalanes y varadero, 28 días consecutivos, incluidos fines de semana; relevo e incidencias registrados."
F19,1.11.6.2.10.2,"Estabilización presencial E2, día 10, zona 2",21,1,8,José Lara Arce,"Dos puestos diarios, pantalanes y varadero, 28 días consecutivos, incluidos fines de semana; relevo e incidencias registrados."
F19,1.11.6.2.11.1,"Estabilización presencial E2, día 11, zona 1",21,1,8,José Lara Arce,"Dos puestos diarios, pantalanes y varadero, 28 días consecutivos, incluidos fines de semana; relevo e incidencias registrados."
F19,1.11.6.2.11.2,"Estabilización presencial E2, día 11, zona 2",21,1,8,José Lara Arce,"Dos puestos diarios, pantalanes y varadero, 28 días consecutivos, incluidos fines de semana; relevo e incidencias registrados."
F19,1.11.6.2.12.1,"Estabilización presencial E2, día 12, zona 1",21,1,8,José Lara Arce,"Dos puestos diarios, pantalanes y varadero, 28 días consecutivos, incluidos fines de semana; relevo e incidencias registrados."
F19,1.11.6.2.12.2,"Estabilización presencial E2, día 12, zona 2",21,1,8,José Lara Arce,"Dos puestos diarios, pantalanes y varadero, 28 días consecutivos, incluidos fines de semana; relevo e incidencias registrados."
F19,1.11.6.2.13.1,"Estabilización presencial E2, día 13, zona 1",21,1,8,José Lara Arce,"Dos puestos diarios, pantalanes y varadero, 28 días consecutivos, incluidos fines de semana; relevo e incidencias registrados."
F19,1.11.6.2.13.2,"Estabilización presencial E2, día 13, zona 2",21,1,8,José Lara Arce,"Dos puestos diarios, pantalanes y varadero, 28 días consecutivos, incluidos fines de semana; relevo e incidencias registrados."
F19,1.11.6.2.14.1,"Estabilización presencial E2, día 14, zona 1",21,1,8,José Lara Arce,"Dos puestos diarios, pantalanes y varadero, 28 días consecutivos, incluidos fines de semana; relevo e incidencias registrados."
F19,1.11.6.2.14.2,"Estabilización presencial E2, día 14, zona 2",21,1,8,José Lara Arce,"Dos puestos diarios, pantalanes y varadero, 28 días consecutivos, incluidos fines de semana; relevo e incidencias registrados."
F19,1.11.6.2.15.1,"Estabilización presencial E2, día 15, zona 1",21,1,8,José Lara Arce,"Dos puestos diarios, pantalanes y varadero, 28 días consecutivos, incluidos fines de semana; relevo e incidencias registrados."
F19,1.11.6.2.15.2,"Estabilización presencial E2, día 15, zona 2",21,1,8,José Lara Arce,"Dos puestos diarios, pantalanes y varadero, 28 días consecutivos, incluidos fines de semana; relevo e incidencias registrados."
F19,1.11.6.2.16.1,"Estabilización presencial E2, día 16, zona 1",21,1,8,José Lara Arce,"Dos puestos diarios, pantalanes y varadero, 28 días consecutivos, incluidos fines de semana; relevo e incidencias registrados."
F19,1.11.6.2.16.2,"Estabilización presencial E2, día 16, zona 2",21,1,8,José Lara Arce,"Dos puestos diarios, pantalanes y varadero, 28 días consecutivos, incluidos fines de semana; relevo e incidencias registrados."
F19,1.11.6.2.17.1,"Estabilización presencial E2, día 17, zona 1",21,1,8,José Lara Arce,"Dos puestos diarios, pantalanes y varadero, 28 días consecutivos, incluidos fines de semana; relevo e incidencias registrados."
F19,1.11.6.2.17.2,"Estabilización presencial E2, día 17, zona 2",21,1,8,José Lara Arce,"Dos puestos diarios, pantalanes y varadero, 28 días consecutivos, incluidos fines de semana; relevo e incidencias registrados."
F19,1.11.6.2.18.1,"Estabilización presencial E2, día 18, zona 1",21,1,8,José Lara Arce,"Dos puestos diarios, pantalanes y varadero, 28 días consecutivos, incluidos fines de semana; relevo e incidencias registrados."
F19,1.11.6.2.18.2,"Estabilización presencial E2, día 18, zona 2",21,1,8,José Lara Arce,"Dos puestos diarios, pantalanes y varadero, 28 días consecutivos, incluidos fines de semana; relevo e incidencias registrados."
F19,1.11.6.2.19.1,"Estabilización presencial E2, día 19, zona 1",21,1,8,José Lara Arce,"Dos puestos diarios, pantalanes y varadero, 28 días consecutivos, incluidos fines de semana; relevo e incidencias registrados."
F19,1.11.6.2.19.2,"Estabilización presencial E2, día 19, zona 2",21,1,8,José Lara Arce,"Dos puestos diarios, pantalanes y varadero, 28 días consecutivos, incluidos fines de semana; relevo e incidencias registrados."
F19,1.11.6.2.20.1,"Estabilización presencial E2, día 20, zona 1",21,1,8,José Lara Arce,"Dos puestos diarios, pantalanes y varadero, 28 días consecutivos, incluidos fines de semana; relevo e incidencias registrados."
F19,1.11.6.2.20.2,"Estabilización presencial E2, día 20, zona 2",21,1,8,José Lara Arce,"Dos puestos diarios, pantalanes y varadero, 28 días consecutivos, incluidos fines de semana; relevo e incidencias registrados."
F19,1.11.6.2.21.1,"Estabilización presencial E2, día 21, zona 1",21,1,8,José Lara Arce,"Dos puestos diarios, pantalanes y varadero, 28 días consecutivos, incluidos fines de semana; relevo e incidencias registrados."
F19,1.11.6.2.21.2,"Estabilización presencial E2, día 21, zona 2",21,1,8,José Lara Arce,"Dos puestos diarios, pantalanes y varadero, 28 días consecutivos, incluidos fines de semana; relevo e incidencias registrados."
F19,1.11.6.2.22.1,"Estabilización presencial E2, día 22, zona 1",21,1,8,José Lara Arce,"Dos puestos diarios, pantalanes y varadero, 28 días consecutivos, incluidos fines de semana; relevo e incidencias registrados."
F19,1.11.6.2.22.2,"Estabilización presencial E2, día 22, zona 2",21,1,8,José Lara Arce,"Dos puestos diarios, pantalanes y varadero, 28 días consecutivos, incluidos fines de semana; relevo e incidencias registrados."
F19,1.11.6.2.23.1,"Estabilización presencial E2, día 23, zona 1",21,1,8,José Lara Arce,"Dos puestos diarios, pantalanes y varadero, 28 días consecutivos, incluidos fines de semana; relevo e incidencias registrados."
F19,1.11.6.2.23.2,"Estabilización presencial E2, día 23, zona 2",21,1,8,José Lara Arce,"Dos puestos diarios, pantalanes y varadero, 28 días consecutivos, incluidos fines de semana; relevo e incidencias registrados."
F19,1.11.6.2.24.1,"Estabilización presencial E2, día 24, zona 1",21,1,8,José Lara Arce,"Dos puestos diarios, pantalanes y varadero, 28 días consecutivos, incluidos fines de semana; relevo e incidencias registrados."
F19,1.11.6.2.24.2,"Estabilización presencial E2, día 24, zona 2",21,1,8,José Lara Arce,"Dos puestos diarios, pantalanes y varadero, 28 días consecutivos, incluidos fines de semana; relevo e incidencias registrados."
F19,1.11.6.2.25.1,"Estabilización presencial E2, día 25, zona 1",21,1,8,José Lara Arce,"Dos puestos diarios, pantalanes y varadero, 28 días consecutivos, incluidos fines de semana; relevo e incidencias registrados."
F19,1.11.6.2.25.2,"Estabilización presencial E2, día 25, zona 2",21,1,8,José Lara Arce,"Dos puestos diarios, pantalanes y varadero, 28 días consecutivos, incluidos fines de semana; relevo e incidencias registrados."
F19,1.11.6.2.26.1,"Estabilización presencial E2, día 26, zona 1",21,1,8,José Lara Arce,"Dos puestos diarios, pantalanes y varadero, 28 días consecutivos, incluidos fines de semana; relevo e incidencias registrados."
F19,1.11.6.2.26.2,"Estabilización presencial E2, día 26, zona 2",21,1,8,José Lara Arce,"Dos puestos diarios, pantalanes y varadero, 28 días consecutivos, incluidos fines de semana; relevo e incidencias registrados."
F19,1.11.6.2.27.1,"Estabilización presencial E2, día 27, zona 1",21,1,8,José Lara Arce,"Dos puestos diarios, pantalanes y varadero, 28 días consecutivos, incluidos fines de semana; relevo e incidencias registrados."
F19,1.11.6.2.27.2,"Estabilización presencial E2, día 27, zona 2",21,1,8,José Lara Arce,"Dos puestos diarios, pantalanes y varadero, 28 días consecutivos, incluidos fines de semana; relevo e incidencias registrados."
F19,1.11.6.2.28.1,"Estabilización presencial E2, día 28, zona 1",21,1,8,José Lara Arce,"Dos puestos diarios, pantalanes y varadero, 28 días consecutivos, incluidos fines de semana; relevo e incidencias registrados."
F19,1.11.6.2.28.2,"Estabilización presencial E2, día 28, zona 2",21,1,8,José Lara Arce,"Dos puestos diarios, pantalanes y varadero, 28 días consecutivos, incluidos fines de semana; relevo e incidencias registrados."
F20,1.12.10.24.1.1.1,"Incorporación estacional mes 24, perfil 1, cohorte 1",24,1,12,José Lara Arce,"Incorporación y certificación antes del 15 de diciembre, incluidos monitores; 300 plazas anuales reservadas, ampliación sin costo si se requiere."
F20,1.12.10.24.1.1.2,"Incorporación estacional mes 24, perfil 1, cohorte 2",24,2,12,José Lara Arce,"Incorporación y certificación antes del 15 de diciembre, incluidos monitores; 300 plazas anuales reservadas, ampliación sin costo si se requiere."
F20,1.12.10.24.1.1.3,"Incorporación estacional mes 24, perfil 1, cohorte 3",24,1,12,José Lara Arce,"Incorporación y certificación antes del 15 de diciembre, incluidos monitores; 300 plazas anuales reservadas, ampliación sin costo si se requiere."
F20,1.12.10.24.1.1.4,"Incorporación estacional mes 24, perfil 1, cohorte 4",24,2,12,José Lara Arce,"Incorporación y certificación antes del 15 de diciembre, incluidos monitores; 300 plazas anuales reservadas, ampliación sin costo si se requiere."
F20,1.12.10.24.1.1.5,"Incorporación estacional mes 24, perfil 1, cohorte 5",24,1,12,José Lara Arce,"Incorporación y certificación antes del 15 de diciembre, incluidos monitores; 300 plazas anuales reservadas, ampliación sin costo si se requiere."
F20,1.12.10.24.1.1.6,"Incorporación estacional mes 24, perfil 1, cohorte 6",24,2,12,José Lara Arce,"Incorporación y certificación antes del 15 de diciembre, incluidos monitores; 300 plazas anuales reservadas, ampliación sin costo si se requiere."
F20,1.12.10.24.1.1.7,"Incorporación estacional mes 24, perfil 1, cohorte 7",24,1,12,José Lara Arce,"Incorporación y certificación antes del 15 de diciembre, incluidos monitores; 300 plazas anuales reservadas, ampliación sin costo si se requiere."
F20,1.12.10.24.1.1.8,"Incorporación estacional mes 24, perfil 1, cohorte 8",24,2,12,José Lara Arce,"Incorporación y certificación antes del 15 de diciembre, incluidos monitores; 300 plazas anuales reservadas, ampliación sin costo si se requiere."
F20,1.12.10.24.1.1.9,"Incorporación estacional mes 24, perfil 1, cohorte 9",24,1,12,José Lara Arce,"Incorporación y certificación antes del 15 de diciembre, incluidos monitores; 300 plazas anuales reservadas, ampliación sin costo si se requiere."
F20,1.12.10.24.1.1.10,"Incorporación estacional mes 24, perfil 1, cohorte 10",24,2,12,José Lara Arce,"Incorporación y certificación antes del 15 de diciembre, incluidos monitores; 300 plazas anuales reservadas, ampliación sin costo si se requiere."
F20,1.12.10.24.1.1.11,"Incorporación estacional mes 24, perfil 1, cohorte 11",24,1,12,José Lara Arce,"Incorporación y certificación antes del 15 de diciembre, incluidos monitores; 300 plazas anuales reservadas, ampliación sin costo si se requiere."
F20,1.12.10.24.1.1.12,"Incorporación estacional mes 24, perfil 1, cohorte 12",24,2,12,José Lara Arce,"Incorporación y certificación antes del 15 de diciembre, incluidos monitores; 300 plazas anuales reservadas, ampliación sin costo si se requiere."
F20,1.12.10.24.1.1.13,"Incorporación estacional mes 24, perfil 1, cohorte 13",24,1,12,José Lara Arce,"Incorporación y certificación antes del 15 de diciembre, incluidos monitores; 300 plazas anuales reservadas, ampliación sin costo si se requiere."
F20,1.12.10.24.1.1.14,"Incorporación estacional mes 24, perfil 1, cohorte 14",24,2,12,José Lara Arce,"Incorporación y certificación antes del 15 de diciembre, incluidos monitores; 300 plazas anuales reservadas, ampliación sin costo si se requiere."
F20,1.12.10.24.1.1.15,"Incorporación estacional mes 24, perfil 1, cohorte 15",24,1,12,José Lara Arce,"Incorporación y certificación antes del 15 de diciembre, incluidos monitores; 300 plazas anuales reservadas, ampliación sin costo si se requiere."
F20,1.12.10.24.1.1.16,"Incorporación estacional mes 24, perfil 1, cohorte 16",24,2,12,José Lara Arce,"Incorporación y certificación antes del 15 de diciembre, incluidos monitores; 300 plazas anuales reservadas, ampliación sin costo si se requiere."
F20,1.12.10.24.1.1.17,"Incorporación estacional mes 24, perfil 1, cohorte 17",24,1,12,José Lara Arce,"Incorporación y certificación antes del 15 de diciembre, incluidos monitores; 300 plazas anuales reservadas, ampliación sin costo si se requiere."
F20,1.12.10.24.1.1.18,"Incorporación estacional mes 24, perfil 1, cohorte 18",24,2,12,José Lara Arce,"Incorporación y certificación antes del 15 de diciembre, incluidos monitores; 300 plazas anuales reservadas, ampliación sin costo si se requiere."
F20,1.12.10.24.2.1.1,"Incorporación estacional mes 24, perfil 2, cohorte 1",24,1,12,José Lara Arce,"Incorporación y certificación antes del 15 de diciembre, incluidos monitores; 300 plazas anuales reservadas, ampliación sin costo si se requiere."
F20,1.12.10.24.2.1.2,"Incorporación estacional mes 24, perfil 2, cohorte 2",24,2,12,José Lara Arce,"Incorporación y certificación antes del 15 de diciembre, incluidos monitores; 300 plazas anuales reservadas, ampliación sin costo si se requiere."
F20,1.12.10.24.3.1.1,"Incorporación estacional mes 24, perfil 3, cohorte 1",24,1,12,José Lara Arce,"Incorporación y certificación antes del 15 de diciembre, incluidos monitores; 300 plazas anuales reservadas, ampliación sin costo si se requiere."
F20,1.12.10.24.4.1.1,"Incorporación estacional mes 24, perfil 4, cohorte 1",24,1,12,José Lara Arce,"Incorporación y certificación antes del 15 de diciembre, incluidos monitores; 300 plazas anuales reservadas, ampliación sin costo si se requiere."
F20,1.12.10.24.5.1.1,"Incorporación estacional mes 24, perfil 5, cohorte 1",24,1,12,José Lara Arce,"Incorporación y certificación antes del 15 de diciembre, incluidos monitores; 300 plazas anuales reservadas, ampliación sin costo si se requiere."
F20,1.12.10.24.5.1.2,"Incorporación estacional mes 24, perfil 5, cohorte 2",24,2,12,José Lara Arce,"Incorporación y certificación antes del 15 de diciembre, incluidos monitores; 300 plazas anuales reservadas, ampliación sin costo si se requiere."
F20,1.12.10.24.5.1.3,"Incorporación estacional mes 24, perfil 5, cohorte 3",24,1,12,José Lara Arce,"Incorporación y certificación antes del 15 de diciembre, incluidos monitores; 300 plazas anuales reservadas, ampliación sin costo si se requiere."
F20,1.12.10.36.1.1.1,"Incorporación estacional mes 36, perfil 1, cohorte 1",36,1,12,José Lara Arce,"Incorporación y certificación antes del 15 de diciembre, incluidos monitores; 300 plazas anuales reservadas, ampliación sin costo si se requiere."
F20,1.12.10.36.1.1.2,"Incorporación estacional mes 36, perfil 1, cohorte 2",36,2,12,José Lara Arce,"Incorporación y certificación antes del 15 de diciembre, incluidos monitores; 300 plazas anuales reservadas, ampliación sin costo si se requiere."
F20,1.12.10.36.1.1.3,"Incorporación estacional mes 36, perfil 1, cohorte 3",36,1,12,José Lara Arce,"Incorporación y certificación antes del 15 de diciembre, incluidos monitores; 300 plazas anuales reservadas, ampliación sin costo si se requiere."
F20,1.12.10.36.1.1.4,"Incorporación estacional mes 36, perfil 1, cohorte 4",36,2,12,José Lara Arce,"Incorporación y certificación antes del 15 de diciembre, incluidos monitores; 300 plazas anuales reservadas, ampliación sin costo si se requiere."
F20,1.12.10.36.1.1.5,"Incorporación estacional mes 36, perfil 1, cohorte 5",36,1,12,José Lara Arce,"Incorporación y certificación antes del 15 de diciembre, incluidos monitores; 300 plazas anuales reservadas, ampliación sin costo si se requiere."
F20,1.12.10.36.1.1.6,"Incorporación estacional mes 36, perfil 1, cohorte 6",36,2,12,José Lara Arce,"Incorporación y certificación antes del 15 de diciembre, incluidos monitores; 300 plazas anuales reservadas, ampliación sin costo si se requiere."
F20,1.12.10.36.1.1.7,"Incorporación estacional mes 36, perfil 1, cohorte 7",36,1,12,José Lara Arce,"Incorporación y certificación antes del 15 de diciembre, incluidos monitores; 300 plazas anuales reservadas, ampliación sin costo si se requiere."
F20,1.12.10.36.1.1.8,"Incorporación estacional mes 36, perfil 1, cohorte 8",36,2,12,José Lara Arce,"Incorporación y certificación antes del 15 de diciembre, incluidos monitores; 300 plazas anuales reservadas, ampliación sin costo si se requiere."
F20,1.12.10.36.1.1.9,"Incorporación estacional mes 36, perfil 1, cohorte 9",36,1,12,José Lara Arce,"Incorporación y certificación antes del 15 de diciembre, incluidos monitores; 300 plazas anuales reservadas, ampliación sin costo si se requiere."
F20,1.12.10.36.1.1.10,"Incorporación estacional mes 36, perfil 1, cohorte 10",36,2,12,José Lara Arce,"Incorporación y certificación antes del 15 de diciembre, incluidos monitores; 300 plazas anuales reservadas, ampliación sin costo si se requiere."
F20,1.12.10.36.1.1.11,"Incorporación estacional mes 36, perfil 1, cohorte 11",36,1,12,José Lara Arce,"Incorporación y certificación antes del 15 de diciembre, incluidos monitores; 300 plazas anuales reservadas, ampliación sin costo si se requiere."
F20,1.12.10.36.1.1.12,"Incorporación estacional mes 36, perfil 1, cohorte 12",36,2,12,José Lara Arce,"Incorporación y certificación antes del 15 de diciembre, incluidos monitores; 300 plazas anuales reservadas, ampliación sin costo si se requiere."
F20,1.12.10.36.1.1.13,"Incorporación estacional mes 36, perfil 1, cohorte 13",36,1,12,José Lara Arce,"Incorporación y certificación antes del 15 de diciembre, incluidos monitores; 300 plazas anuales reservadas, ampliación sin costo si se requiere."
F20,1.12.10.36.1.1.14,"Incorporación estacional mes 36, perfil 1, cohorte 14",36,2,12,José Lara Arce,"Incorporación y certificación antes del 15 de diciembre, incluidos monitores; 300 plazas anuales reservadas, ampliación sin costo si se requiere."
F20,1.12.10.36.1.1.15,"Incorporación estacional mes 36, perfil 1, cohorte 15",36,1,12,José Lara Arce,"Incorporación y certificación antes del 15 de diciembre, incluidos monitores; 300 plazas anuales reservadas, ampliación sin costo si se requiere."
F20,1.12.10.36.1.1.16,"Incorporación estacional mes 36, perfil 1, cohorte 16",36,2,12,José Lara Arce,"Incorporación y certificación antes del 15 de diciembre, incluidos monitores; 300 plazas anuales reservadas, ampliación sin costo si se requiere."
F20,1.12.10.36.1.1.17,"Incorporación estacional mes 36, perfil 1, cohorte 17",36,1,12,José Lara Arce,"Incorporación y certificación antes del 15 de diciembre, incluidos monitores; 300 plazas anuales reservadas, ampliación sin costo si se requiere."
F20,1.12.10.36.1.1.18,"Incorporación estacional mes 36, perfil 1, cohorte 18",36,2,12,José Lara Arce,"Incorporación y certificación antes del 15 de diciembre, incluidos monitores; 300 plazas anuales reservadas, ampliación sin costo si se requiere."
F20,1.12.10.36.2.1.1,"Incorporación estacional mes 36, perfil 2, cohorte 1",36,1,12,José Lara Arce,"Incorporación y certificación antes del 15 de diciembre, incluidos monitores; 300 plazas anuales reservadas, ampliación sin costo si se requiere."
F20,1.12.10.36.2.1.2,"Incorporación estacional mes 36, perfil 2, cohorte 2",36,2,12,José Lara Arce,"Incorporación y certificación antes del 15 de diciembre, incluidos monitores; 300 plazas anuales reservadas, ampliación sin costo si se requiere."
F20,1.12.10.36.3.1.1,"Incorporación estacional mes 36, perfil 3, cohorte 1",36,1,12,José Lara Arce,"Incorporación y certificación antes del 15 de diciembre, incluidos monitores; 300 plazas anuales reservadas, ampliación sin costo si se requiere."
F20,1.12.10.36.4.1.1,"Incorporación estacional mes 36, perfil 4, cohorte 1",36,1,12,José Lara Arce,"Incorporación y certificación antes del 15 de diciembre, incluidos monitores; 300 plazas anuales reservadas, ampliación sin costo si se requiere."
F20,1.12.10.36.5.1.1,"Incorporación estacional mes 36, perfil 5, cohorte 1",36,1,12,José Lara Arce,"Incorporación y certificación antes del 15 de diciembre, incluidos monitores; 300 plazas anuales reservadas, ampliación sin costo si se requiere."
F20,1.12.10.36.5.1.2,"Incorporación estacional mes 36, perfil 5, cohorte 2",36,2,12,José Lara Arce,"Incorporación y certificación antes del 15 de diciembre, incluidos monitores; 300 plazas anuales reservadas, ampliación sin costo si se requiere."
F20,1.12.10.36.5.1.3,"Incorporación estacional mes 36, perfil 5, cohorte 3",36,1,12,José Lara Arce,"Incorporación y certificación antes del 15 de diciembre, incluidos monitores; 300 plazas anuales reservadas, ampliación sin costo si se requiere."
F20,1.12.10.48.1.1.1,"Incorporación estacional mes 48, perfil 1, cohorte 1",48,1,12,José Lara Arce,"Incorporación y certificación antes del 15 de diciembre, incluidos monitores; 300 plazas anuales reservadas, ampliación sin costo si se requiere."
F20,1.12.10.48.1.1.2,"Incorporación estacional mes 48, perfil 1, cohorte 2",48,2,12,José Lara Arce,"Incorporación y certificación antes del 15 de diciembre, incluidos monitores; 300 plazas anuales reservadas, ampliación sin costo si se requiere."
F20,1.12.10.48.1.1.3,"Incorporación estacional mes 48, perfil 1, cohorte 3",48,1,12,José Lara Arce,"Incorporación y certificación antes del 15 de diciembre, incluidos monitores; 300 plazas anuales reservadas, ampliación sin costo si se requiere."
F20,1.12.10.48.1.1.4,"Incorporación estacional mes 48, perfil 1, cohorte 4",48,2,12,José Lara Arce,"Incorporación y certificación antes del 15 de diciembre, incluidos monitores; 300 plazas anuales reservadas, ampliación sin costo si se requiere."
F20,1.12.10.48.1.1.5,"Incorporación estacional mes 48, perfil 1, cohorte 5",48,1,12,José Lara Arce,"Incorporación y certificación antes del 15 de diciembre, incluidos monitores; 300 plazas anuales reservadas, ampliación sin costo si se requiere."
F20,1.12.10.48.1.1.6,"Incorporación estacional mes 48, perfil 1, cohorte 6",48,2,12,José Lara Arce,"Incorporación y certificación antes del 15 de diciembre, incluidos monitores; 300 plazas anuales reservadas, ampliación sin costo si se requiere."
F20,1.12.10.48.1.1.7,"Incorporación estacional mes 48, perfil 1, cohorte 7",48,1,12,José Lara Arce,"Incorporación y certificación antes del 15 de diciembre, incluidos monitores; 300 plazas anuales reservadas, ampliación sin costo si se requiere."
F20,1.12.10.48.1.1.8,"Incorporación estacional mes 48, perfil 1, cohorte 8",48,2,12,José Lara Arce,"Incorporación y certificación antes del 15 de diciembre, incluidos monitores; 300 plazas anuales reservadas, ampliación sin costo si se requiere."
F20,1.12.10.48.1.1.9,"Incorporación estacional mes 48, perfil 1, cohorte 9",48,1,12,José Lara Arce,"Incorporación y certificación antes del 15 de diciembre, incluidos monitores; 300 plazas anuales reservadas, ampliación sin costo si se requiere."
F20,1.12.10.48.1.1.10,"Incorporación estacional mes 48, perfil 1, cohorte 10",48,2,12,José Lara Arce,"Incorporación y certificación antes del 15 de diciembre, incluidos monitores; 300 plazas anuales reservadas, ampliación sin costo si se requiere."
F20,1.12.10.48.1.1.11,"Incorporación estacional mes 48, perfil 1, cohorte 11",48,1,12,José Lara Arce,"Incorporación y certificación antes del 15 de diciembre, incluidos monitores; 300 plazas anuales reservadas, ampliación sin costo si se requiere."
F20,1.12.10.48.1.1.12,"Incorporación estacional mes 48, perfil 1, cohorte 12",48,2,12,José Lara Arce,"Incorporación y certificación antes del 15 de diciembre, incluidos monitores; 300 plazas anuales reservadas, ampliación sin costo si se requiere."
F20,1.12.10.48.1.1.13,"Incorporación estacional mes 48, perfil 1, cohorte 13",48,1,12,José Lara Arce,"Incorporación y certificación antes del 15 de diciembre, incluidos monitores; 300 plazas anuales reservadas, ampliación sin costo si se requiere."
F20,1.12.10.48.1.1.14,"Incorporación estacional mes 48, perfil 1, cohorte 14",48,2,12,José Lara Arce,"Incorporación y certificación antes del 15 de diciembre, incluidos monitores; 300 plazas anuales reservadas, ampliación sin costo si se requiere."
F20,1.12.10.48.1.1.15,"Incorporación estacional mes 48, perfil 1, cohorte 15",48,1,12,José Lara Arce,"Incorporación y certificación antes del 15 de diciembre, incluidos monitores; 300 plazas anuales reservadas, ampliación sin costo si se requiere."
F20,1.12.10.48.1.1.16,"Incorporación estacional mes 48, perfil 1, cohorte 16",48,2,12,José Lara Arce,"Incorporación y certificación antes del 15 de diciembre, incluidos monitores; 300 plazas anuales reservadas, ampliación sin costo si se requiere."
F20,1.12.10.48.1.1.17,"Incorporación estacional mes 48, perfil 1, cohorte 17",48,1,12,José Lara Arce,"Incorporación y certificación antes del 15 de diciembre, incluidos monitores; 300 plazas anuales reservadas, ampliación sin costo si se requiere."
F20,1.12.10.48.1.1.18,"Incorporación estacional mes 48, perfil 1, cohorte 18",48,2,12,José Lara Arce,"Incorporación y certificación antes del 15 de diciembre, incluidos monitores; 300 plazas anuales reservadas, ampliación sin costo si se requiere."
F20,1.12.10.48.2.1.1,"Incorporación estacional mes 48, perfil 2, cohorte 1",48,1,12,José Lara Arce,"Incorporación y certificación antes del 15 de diciembre, incluidos monitores; 300 plazas anuales reservadas, ampliación sin costo si se requiere."
F20,1.12.10.48.2.1.2,"Incorporación estacional mes 48, perfil 2, cohorte 2",48,2,12,José Lara Arce,"Incorporación y certificación antes del 15 de diciembre, incluidos monitores; 300 plazas anuales reservadas, ampliación sin costo si se requiere."
F20,1.12.10.48.3.1.1,"Incorporación estacional mes 48, perfil 3, cohorte 1",48,1,12,José Lara Arce,"Incorporación y certificación antes del 15 de diciembre, incluidos monitores; 300 plazas anuales reservadas, ampliación sin costo si se requiere."
F20,1.12.10.48.4.1.1,"Incorporación estacional mes 48, perfil 4, cohorte 1",48,1,12,José Lara Arce,"Incorporación y certificación antes del 15 de diciembre, incluidos monitores; 300 plazas anuales reservadas, ampliación sin costo si se requiere."
F20,1.12.10.48.5.1.1,"Incorporación estacional mes 48, perfil 5, cohorte 1",48,1,12,José Lara Arce,"Incorporación y certificación antes del 15 de diciembre, incluidos monitores; 300 plazas anuales reservadas, ampliación sin costo si se requiere."
F20,1.12.10.48.5.1.2,"Incorporación estacional mes 48, perfil 5, cohorte 2",48,2,12,José Lara Arce,"Incorporación y certificación antes del 15 de diciembre, incluidos monitores; 300 plazas anuales reservadas, ampliación sin costo si se requiere."
F20,1.12.10.48.5.1.3,"Incorporación estacional mes 48, perfil 5, cohorte 3",48,1,12,José Lara Arce,"Incorporación y certificación antes del 15 de diciembre, incluidos monitores; 300 plazas anuales reservadas, ampliación sin costo si se requiere."
F21,1.12.12.correctiva.21,"Capacidad reservada de ingeniería correctiva, mes 21",21,2,80,Nikolai Navea,"Backlog, estimación, autorización, versión y evidencia; se liquida sólo el trabajo realizado, sin cobrar dos veces actividades ya presupuestadas."
F21,1.12.12.correctiva.22,"Capacidad reservada de ingeniería correctiva, mes 22",22,2,80,Nikolai Navea,"Backlog, estimación, autorización, versión y evidencia; se liquida sólo el trabajo realizado, sin cobrar dos veces actividades ya presupuestadas."
F21,1.12.12.correctiva.23,"Capacidad reservada de ingeniería correctiva, mes 23",23,2,80,Nikolai Navea,"Backlog, estimación, autorización, versión y evidencia; se liquida sólo el trabajo realizado, sin cobrar dos veces actividades ya presupuestadas."
F21,1.12.12.correctiva.24,"Capacidad reservada de ingeniería correctiva, mes 24",24,2,80,Nikolai Navea,"Backlog, estimación, autorización, versión y evidencia; se liquida sólo el trabajo realizado, sin cobrar dos veces actividades ya presupuestadas."
F21,1.12.12.correctiva.25,"Capacidad reservada de ingeniería correctiva, mes 25",25,2,80,Nikolai Navea,"Backlog, estimación, autorización, versión y evidencia; se liquida sólo el trabajo realizado, sin cobrar dos veces actividades ya presupuestadas."
F21,1.12.12.correctiva.26,"Capacidad reservada de ingeniería correctiva, mes 26",26,2,80,Nikolai Navea,"Backlog, estimación, autorización, versión y evidencia; se liquida sólo el trabajo realizado, sin cobrar dos veces actividades ya presupuestadas."
F21,1.12.12.correctiva.27,"Capacidad reservada de ingeniería correctiva, mes 27",27,2,80,Nikolai Navea,"Backlog, estimación, autorización, versión y evidencia; se liquida sólo el trabajo realizado, sin cobrar dos veces actividades ya presupuestadas."
F21,1.12.12.correctiva.28,"Capacidad reservada de ingeniería correctiva, mes 28",28,2,80,Nikolai Navea,"Backlog, estimación, autorización, versión y evidencia; se liquida sólo el trabajo realizado, sin cobrar dos veces actividades ya presupuestadas."
F21,1.12.12.correctiva.29,"Capacidad reservada de ingeniería correctiva, mes 29",29,2,80,Nikolai Navea,"Backlog, estimación, autorización, versión y evidencia; se liquida sólo el trabajo realizado, sin cobrar dos veces actividades ya presupuestadas."
F21,1.12.12.correctiva.30,"Capacidad reservada de ingeniería correctiva, mes 30",30,2,80,Nikolai Navea,"Backlog, estimación, autorización, versión y evidencia; se liquida sólo el trabajo realizado, sin cobrar dos veces actividades ya presupuestadas."
F21,1.12.12.correctiva.31,"Capacidad reservada de ingeniería correctiva, mes 31",31,2,80,Nikolai Navea,"Backlog, estimación, autorización, versión y evidencia; se liquida sólo el trabajo realizado, sin cobrar dos veces actividades ya presupuestadas."
F21,1.12.12.correctiva.32,"Capacidad reservada de ingeniería correctiva, mes 32",32,2,80,Nikolai Navea,"Backlog, estimación, autorización, versión y evidencia; se liquida sólo el trabajo realizado, sin cobrar dos veces actividades ya presupuestadas."
F21,1.12.12.correctiva.33,"Capacidad reservada de ingeniería correctiva, mes 33",33,2,80,Nikolai Navea,"Backlog, estimación, autorización, versión y evidencia; se liquida sólo el trabajo realizado, sin cobrar dos veces actividades ya presupuestadas."
F21,1.12.12.correctiva.34,"Capacidad reservada de ingeniería correctiva, mes 34",34,2,80,Nikolai Navea,"Backlog, estimación, autorización, versión y evidencia; se liquida sólo el trabajo realizado, sin cobrar dos veces actividades ya presupuestadas."
F21,1.12.12.correctiva.35,"Capacidad reservada de ingeniería correctiva, mes 35",35,2,80,Nikolai Navea,"Backlog, estimación, autorización, versión y evidencia; se liquida sólo el trabajo realizado, sin cobrar dos veces actividades ya presupuestadas."
F21,1.12.12.correctiva.36,"Capacidad reservada de ingeniería correctiva, mes 36",36,2,80,Nikolai Navea,"Backlog, estimación, autorización, versión y evidencia; se liquida sólo el trabajo realizado, sin cobrar dos veces actividades ya presupuestadas."
F21,1.12.12.correctiva.37,"Capacidad reservada de ingeniería correctiva, mes 37",37,2,80,Nikolai Navea,"Backlog, estimación, autorización, versión y evidencia; se liquida sólo el trabajo realizado, sin cobrar dos veces actividades ya presupuestadas."
F21,1.12.12.correctiva.38,"Capacidad reservada de ingeniería correctiva, mes 38",38,2,80,Nikolai Navea,"Backlog, estimación, autorización, versión y evidencia; se liquida sólo el trabajo realizado, sin cobrar dos veces actividades ya presupuestadas."
F21,1.12.12.correctiva.39,"Capacidad reservada de ingeniería correctiva, mes 39",39,2,80,Nikolai Navea,"Backlog, estimación, autorización, versión y evidencia; se liquida sólo el trabajo realizado, sin cobrar dos veces actividades ya presupuestadas."
F21,1.12.12.correctiva.40,"Capacidad reservada de ingeniería correctiva, mes 40",40,2,80,Nikolai Navea,"Backlog, estimación, autorización, versión y evidencia; se liquida sólo el trabajo realizado, sin cobrar dos veces actividades ya presupuestadas."
F21,1.12.12.correctiva.41,"Capacidad reservada de ingeniería correctiva, mes 41",41,2,80,Nikolai Navea,"Backlog, estimación, autorización, versión y evidencia; se liquida sólo el trabajo realizado, sin cobrar dos veces actividades ya presupuestadas."
F21,1.12.12.correctiva.42,"Capacidad reservada de ingeniería correctiva, mes 42",42,2,80,Nikolai Navea,"Backlog, estimación, autorización, versión y evidencia; se liquida sólo el trabajo realizado, sin cobrar dos veces actividades ya presupuestadas."
F21,1.12.12.correctiva.43,"Capacidad reservada de ingeniería correctiva, mes 43",43,2,80,Nikolai Navea,"Backlog, estimación, autorización, versión y evidencia; se liquida sólo el trabajo realizado, sin cobrar dos veces actividades ya presupuestadas."
F21,1.12.12.correctiva.44,"Capacidad reservada de ingeniería correctiva, mes 44",44,2,80,Nikolai Navea,"Backlog, estimación, autorización, versión y evidencia; se liquida sólo el trabajo realizado, sin cobrar dos veces actividades ya presupuestadas."
F21,1.12.12.correctiva.45,"Capacidad reservada de ingeniería correctiva, mes 45",45,2,80,Nikolai Navea,"Backlog, estimación, autorización, versión y evidencia; se liquida sólo el trabajo realizado, sin cobrar dos veces actividades ya presupuestadas."
F21,1.12.12.correctiva.46,"Capacidad reservada de ingeniería correctiva, mes 46",46,2,80,Nikolai Navea,"Backlog, estimación, autorización, versión y evidencia; se liquida sólo el trabajo realizado, sin cobrar dos veces actividades ya presupuestadas."
F21,1.12.12.correctiva.47,"Capacidad reservada de ingeniería correctiva, mes 47",47,2,80,Nikolai Navea,"Backlog, estimación, autorización, versión y evidencia; se liquida sólo el trabajo realizado, sin cobrar dos veces actividades ya presupuestadas."
F21,1.12.12.correctiva.48,"Capacidad reservada de ingeniería correctiva, mes 48",48,2,80,Nikolai Navea,"Backlog, estimación, autorización, versión y evidencia; se liquida sólo el trabajo realizado, sin cobrar dos veces actividades ya presupuestadas."
F21,1.12.12.correctiva.49,"Capacidad reservada de ingeniería correctiva, mes 49",49,2,80,Nikolai Navea,"Backlog, estimación, autorización, versión y evidencia; se liquida sólo el trabajo realizado, sin cobrar dos veces actividades ya presupuestadas."
F21,1.12.12.correctiva.50,"Capacidad reservada de ingeniería correctiva, mes 50",50,2,80,Nikolai Navea,"Backlog, estimación, autorización, versión y evidencia; se liquida sólo el trabajo realizado, sin cobrar dos veces actividades ya presupuestadas."
F21,1.12.12.correctiva.51,"Capacidad reservada de ingeniería correctiva, mes 51",51,2,80,Nikolai Navea,"Backlog, estimación, autorización, versión y evidencia; se liquida sólo el trabajo realizado, sin cobrar dos veces actividades ya presupuestadas."
F21,1.12.12.correctiva.52,"Capacidad reservada de ingeniería correctiva, mes 52",52,2,80,Nikolai Navea,"Backlog, estimación, autorización, versión y evidencia; se liquida sólo el trabajo realizado, sin cobrar dos veces actividades ya presupuestadas."
F21,1.12.12.correctiva.53,"Capacidad reservada de ingeniería correctiva, mes 53",53,2,80,Nikolai Navea,"Backlog, estimación, autorización, versión y evidencia; se liquida sólo el trabajo realizado, sin cobrar dos veces actividades ya presupuestadas."
F21,1.12.12.correctiva.54,"Capacidad reservada de ingeniería correctiva, mes 54",54,2,80,Nikolai Navea,"Backlog, estimación, autorización, versión y evidencia; se liquida sólo el trabajo realizado, sin cobrar dos veces actividades ya presupuestadas."
F21,1.12.12.correctiva.55,"Capacidad reservada de ingeniería correctiva, mes 55",55,2,80,Nikolai Navea,"Backlog, estimación, autorización, versión y evidencia; se liquida sólo el trabajo realizado, sin cobrar dos veces actividades ya presupuestadas."
F21,1.12.12.correctiva.56,"Capacidad reservada de ingeniería correctiva, mes 56",56,2,80,Nikolai Navea,"Backlog, estimación, autorización, versión y evidencia; se liquida sólo el trabajo realizado, sin cobrar dos veces actividades ya presupuestadas."
F22,1.12.12.normativa.21,"Capacidad reservada de ingeniería normativa, mes 21",21,2,48,Nikolai Navea,"Backlog, estimación, autorización, versión y evidencia; se liquida sólo el trabajo realizado, sin cobrar dos veces actividades ya presupuestadas."
F22,1.12.12.normativa.22,"Capacidad reservada de ingeniería normativa, mes 22",22,2,48,Nikolai Navea,"Backlog, estimación, autorización, versión y evidencia; se liquida sólo el trabajo realizado, sin cobrar dos veces actividades ya presupuestadas."
F22,1.12.12.normativa.23,"Capacidad reservada de ingeniería normativa, mes 23",23,2,48,Nikolai Navea,"Backlog, estimación, autorización, versión y evidencia; se liquida sólo el trabajo realizado, sin cobrar dos veces actividades ya presupuestadas."
F22,1.12.12.normativa.24,"Capacidad reservada de ingeniería normativa, mes 24",24,2,48,Nikolai Navea,"Backlog, estimación, autorización, versión y evidencia; se liquida sólo el trabajo realizado, sin cobrar dos veces actividades ya presupuestadas."
F22,1.12.12.normativa.25,"Capacidad reservada de ingeniería normativa, mes 25",25,2,48,Nikolai Navea,"Backlog, estimación, autorización, versión y evidencia; se liquida sólo el trabajo realizado, sin cobrar dos veces actividades ya presupuestadas."
F22,1.12.12.normativa.26,"Capacidad reservada de ingeniería normativa, mes 26",26,2,48,Nikolai Navea,"Backlog, estimación, autorización, versión y evidencia; se liquida sólo el trabajo realizado, sin cobrar dos veces actividades ya presupuestadas."
F22,1.12.12.normativa.27,"Capacidad reservada de ingeniería normativa, mes 27",27,2,48,Nikolai Navea,"Backlog, estimación, autorización, versión y evidencia; se liquida sólo el trabajo realizado, sin cobrar dos veces actividades ya presupuestadas."
F22,1.12.12.normativa.28,"Capacidad reservada de ingeniería normativa, mes 28",28,2,48,Nikolai Navea,"Backlog, estimación, autorización, versión y evidencia; se liquida sólo el trabajo realizado, sin cobrar dos veces actividades ya presupuestadas."
F22,1.12.12.normativa.29,"Capacidad reservada de ingeniería normativa, mes 29",29,2,48,Nikolai Navea,"Backlog, estimación, autorización, versión y evidencia; se liquida sólo el trabajo realizado, sin cobrar dos veces actividades ya presupuestadas."
F22,1.12.12.normativa.30,"Capacidad reservada de ingeniería normativa, mes 30",30,2,48,Nikolai Navea,"Backlog, estimación, autorización, versión y evidencia; se liquida sólo el trabajo realizado, sin cobrar dos veces actividades ya presupuestadas."
F22,1.12.12.normativa.31,"Capacidad reservada de ingeniería normativa, mes 31",31,2,48,Nikolai Navea,"Backlog, estimación, autorización, versión y evidencia; se liquida sólo el trabajo realizado, sin cobrar dos veces actividades ya presupuestadas."
F22,1.12.12.normativa.32,"Capacidad reservada de ingeniería normativa, mes 32",32,2,48,Nikolai Navea,"Backlog, estimación, autorización, versión y evidencia; se liquida sólo el trabajo realizado, sin cobrar dos veces actividades ya presupuestadas."
F22,1.12.12.normativa.33,"Capacidad reservada de ingeniería normativa, mes 33",33,2,48,Nikolai Navea,"Backlog, estimación, autorización, versión y evidencia; se liquida sólo el trabajo realizado, sin cobrar dos veces actividades ya presupuestadas."
F22,1.12.12.normativa.34,"Capacidad reservada de ingeniería normativa, mes 34",34,2,48,Nikolai Navea,"Backlog, estimación, autorización, versión y evidencia; se liquida sólo el trabajo realizado, sin cobrar dos veces actividades ya presupuestadas."
F22,1.12.12.normativa.35,"Capacidad reservada de ingeniería normativa, mes 35",35,2,48,Nikolai Navea,"Backlog, estimación, autorización, versión y evidencia; se liquida sólo el trabajo realizado, sin cobrar dos veces actividades ya presupuestadas."
F22,1.12.12.normativa.36,"Capacidad reservada de ingeniería normativa, mes 36",36,2,48,Nikolai Navea,"Backlog, estimación, autorización, versión y evidencia; se liquida sólo el trabajo realizado, sin cobrar dos veces actividades ya presupuestadas."
F22,1.12.12.normativa.37,"Capacidad reservada de ingeniería normativa, mes 37",37,2,48,Nikolai Navea,"Backlog, estimación, autorización, versión y evidencia; se liquida sólo el trabajo realizado, sin cobrar dos veces actividades ya presupuestadas."
F22,1.12.12.normativa.38,"Capacidad reservada de ingeniería normativa, mes 38",38,2,48,Nikolai Navea,"Backlog, estimación, autorización, versión y evidencia; se liquida sólo el trabajo realizado, sin cobrar dos veces actividades ya presupuestadas."
F22,1.12.12.normativa.39,"Capacidad reservada de ingeniería normativa, mes 39",39,2,48,Nikolai Navea,"Backlog, estimación, autorización, versión y evidencia; se liquida sólo el trabajo realizado, sin cobrar dos veces actividades ya presupuestadas."
F22,1.12.12.normativa.40,"Capacidad reservada de ingeniería normativa, mes 40",40,2,48,Nikolai Navea,"Backlog, estimación, autorización, versión y evidencia; se liquida sólo el trabajo realizado, sin cobrar dos veces actividades ya presupuestadas."
F22,1.12.12.normativa.41,"Capacidad reservada de ingeniería normativa, mes 41",41,2,48,Nikolai Navea,"Backlog, estimación, autorización, versión y evidencia; se liquida sólo el trabajo realizado, sin cobrar dos veces actividades ya presupuestadas."
F22,1.12.12.normativa.42,"Capacidad reservada de ingeniería normativa, mes 42",42,2,48,Nikolai Navea,"Backlog, estimación, autorización, versión y evidencia; se liquida sólo el trabajo realizado, sin cobrar dos veces actividades ya presupuestadas."
F22,1.12.12.normativa.43,"Capacidad reservada de ingeniería normativa, mes 43",43,2,48,Nikolai Navea,"Backlog, estimación, autorización, versión y evidencia; se liquida sólo el trabajo realizado, sin cobrar dos veces actividades ya presupuestadas."
F22,1.12.12.normativa.44,"Capacidad reservada de ingeniería normativa, mes 44",44,2,48,Nikolai Navea,"Backlog, estimación, autorización, versión y evidencia; se liquida sólo el trabajo realizado, sin cobrar dos veces actividades ya presupuestadas."
F22,1.12.12.normativa.45,"Capacidad reservada de ingeniería normativa, mes 45",45,2,48,Nikolai Navea,"Backlog, estimación, autorización, versión y evidencia; se liquida sólo el trabajo realizado, sin cobrar dos veces actividades ya presupuestadas."
F22,1.12.12.normativa.46,"Capacidad reservada de ingeniería normativa, mes 46",46,2,48,Nikolai Navea,"Backlog, estimación, autorización, versión y evidencia; se liquida sólo el trabajo realizado, sin cobrar dos veces actividades ya presupuestadas."
F22,1.12.12.normativa.47,"Capacidad reservada de ingeniería normativa, mes 47",47,2,48,Nikolai Navea,"Backlog, estimación, autorización, versión y evidencia; se liquida sólo el trabajo realizado, sin cobrar dos veces actividades ya presupuestadas."
F22,1.12.12.normativa.48,"Capacidad reservada de ingeniería normativa, mes 48",48,2,48,Nikolai Navea,"Backlog, estimación, autorización, versión y evidencia; se liquida sólo el trabajo realizado, sin cobrar dos veces actividades ya presupuestadas."
F22,1.12.12.normativa.49,"Capacidad reservada de ingeniería normativa, mes 49",49,2,48,Nikolai Navea,"Backlog, estimación, autorización, versión y evidencia; se liquida sólo el trabajo realizado, sin cobrar dos veces actividades ya presupuestadas."
F22,1.12.12.normativa.50,"Capacidad reservada de ingeniería normativa, mes 50",50,2,48,Nikolai Navea,"Backlog, estimación, autorización, versión y evidencia; se liquida sólo el trabajo realizado, sin cobrar dos veces actividades ya presupuestadas."
F22,1.12.12.normativa.51,"Capacidad reservada de ingeniería normativa, mes 51",51,2,48,Nikolai Navea,"Backlog, estimación, autorización, versión y evidencia; se liquida sólo el trabajo realizado, sin cobrar dos veces actividades ya presupuestadas."
F22,1.12.12.normativa.52,"Capacidad reservada de ingeniería normativa, mes 52",52,2,48,Nikolai Navea,"Backlog, estimación, autorización, versión y evidencia; se liquida sólo el trabajo realizado, sin cobrar dos veces actividades ya presupuestadas."
F22,1.12.12.normativa.53,"Capacidad reservada de ingeniería normativa, mes 53",53,2,48,Nikolai Navea,"Backlog, estimación, autorización, versión y evidencia; se liquida sólo el trabajo realizado, sin cobrar dos veces actividades ya presupuestadas."
F22,1.12.12.normativa.54,"Capacidad reservada de ingeniería normativa, mes 54",54,2,48,Nikolai Navea,"Backlog, estimación, autorización, versión y evidencia; se liquida sólo el trabajo realizado, sin cobrar dos veces actividades ya presupuestadas."
F22,1.12.12.normativa.55,"Capacidad reservada de ingeniería normativa, mes 55",55,2,48,Nikolai Navea,"Backlog, estimación, autorización, versión y evidencia; se liquida sólo el trabajo realizado, sin cobrar dos veces actividades ya presupuestadas."
F22,1.12.12.normativa.56,"Capacidad reservada de ingeniería normativa, mes 56",56,2,48,Nikolai Navea,"Backlog, estimación, autorización, versión y evidencia; se liquida sólo el trabajo realizado, sin cobrar dos veces actividades ya presupuestadas."
F23,1.12.12.evolutiva.21,"Capacidad reservada de ingeniería evolutiva, mes 21",21,2,80,Nikolai Navea,"Backlog, estimación, autorización, versión y evidencia; se liquida sólo el trabajo realizado, sin cobrar dos veces actividades ya presupuestadas."
F23,1.12.12.evolutiva.22,"Capacidad reservada de ingeniería evolutiva, mes 22",22,2,80,Nikolai Navea,"Backlog, estimación, autorización, versión y evidencia; se liquida sólo el trabajo realizado, sin cobrar dos veces actividades ya presupuestadas."
F23,1.12.12.evolutiva.23,"Capacidad reservada de ingeniería evolutiva, mes 23",23,2,80,Nikolai Navea,"Backlog, estimación, autorización, versión y evidencia; se liquida sólo el trabajo realizado, sin cobrar dos veces actividades ya presupuestadas."
F23,1.12.12.evolutiva.24,"Capacidad reservada de ingeniería evolutiva, mes 24",24,2,80,Nikolai Navea,"Backlog, estimación, autorización, versión y evidencia; se liquida sólo el trabajo realizado, sin cobrar dos veces actividades ya presupuestadas."
F23,1.12.12.evolutiva.25,"Capacidad reservada de ingeniería evolutiva, mes 25",25,2,80,Nikolai Navea,"Backlog, estimación, autorización, versión y evidencia; se liquida sólo el trabajo realizado, sin cobrar dos veces actividades ya presupuestadas."
F23,1.12.12.evolutiva.26,"Capacidad reservada de ingeniería evolutiva, mes 26",26,2,80,Nikolai Navea,"Backlog, estimación, autorización, versión y evidencia; se liquida sólo el trabajo realizado, sin cobrar dos veces actividades ya presupuestadas."
F23,1.12.12.evolutiva.27,"Capacidad reservada de ingeniería evolutiva, mes 27",27,2,80,Nikolai Navea,"Backlog, estimación, autorización, versión y evidencia; se liquida sólo el trabajo realizado, sin cobrar dos veces actividades ya presupuestadas."
F23,1.12.12.evolutiva.28,"Capacidad reservada de ingeniería evolutiva, mes 28",28,2,80,Nikolai Navea,"Backlog, estimación, autorización, versión y evidencia; se liquida sólo el trabajo realizado, sin cobrar dos veces actividades ya presupuestadas."
F23,1.12.12.evolutiva.29,"Capacidad reservada de ingeniería evolutiva, mes 29",29,2,80,Nikolai Navea,"Backlog, estimación, autorización, versión y evidencia; se liquida sólo el trabajo realizado, sin cobrar dos veces actividades ya presupuestadas."
F23,1.12.12.evolutiva.30,"Capacidad reservada de ingeniería evolutiva, mes 30",30,2,80,Nikolai Navea,"Backlog, estimación, autorización, versión y evidencia; se liquida sólo el trabajo realizado, sin cobrar dos veces actividades ya presupuestadas."
F23,1.12.12.evolutiva.31,"Capacidad reservada de ingeniería evolutiva, mes 31",31,2,80,Nikolai Navea,"Backlog, estimación, autorización, versión y evidencia; se liquida sólo el trabajo realizado, sin cobrar dos veces actividades ya presupuestadas."
F23,1.12.12.evolutiva.32,"Capacidad reservada de ingeniería evolutiva, mes 32",32,2,80,Nikolai Navea,"Backlog, estimación, autorización, versión y evidencia; se liquida sólo el trabajo realizado, sin cobrar dos veces actividades ya presupuestadas."
F23,1.12.12.evolutiva.33,"Capacidad reservada de ingeniería evolutiva, mes 33",33,2,80,Nikolai Navea,"Backlog, estimación, autorización, versión y evidencia; se liquida sólo el trabajo realizado, sin cobrar dos veces actividades ya presupuestadas."
F23,1.12.12.evolutiva.34,"Capacidad reservada de ingeniería evolutiva, mes 34",34,2,80,Nikolai Navea,"Backlog, estimación, autorización, versión y evidencia; se liquida sólo el trabajo realizado, sin cobrar dos veces actividades ya presupuestadas."
F23,1.12.12.evolutiva.35,"Capacidad reservada de ingeniería evolutiva, mes 35",35,2,80,Nikolai Navea,"Backlog, estimación, autorización, versión y evidencia; se liquida sólo el trabajo realizado, sin cobrar dos veces actividades ya presupuestadas."
F23,1.12.12.evolutiva.36,"Capacidad reservada de ingeniería evolutiva, mes 36",36,2,80,Nikolai Navea,"Backlog, estimación, autorización, versión y evidencia; se liquida sólo el trabajo realizado, sin cobrar dos veces actividades ya presupuestadas."
F23,1.12.12.evolutiva.37,"Capacidad reservada de ingeniería evolutiva, mes 37",37,2,80,Nikolai Navea,"Backlog, estimación, autorización, versión y evidencia; se liquida sólo el trabajo realizado, sin cobrar dos veces actividades ya presupuestadas."
F23,1.12.12.evolutiva.38,"Capacidad reservada de ingeniería evolutiva, mes 38",38,2,80,Nikolai Navea,"Backlog, estimación, autorización, versión y evidencia; se liquida sólo el trabajo realizado, sin cobrar dos veces actividades ya presupuestadas."
F23,1.12.12.evolutiva.39,"Capacidad reservada de ingeniería evolutiva, mes 39",39,2,80,Nikolai Navea,"Backlog, estimación, autorización, versión y evidencia; se liquida sólo el trabajo realizado, sin cobrar dos veces actividades ya presupuestadas."
F23,1.12.12.evolutiva.40,"Capacidad reservada de ingeniería evolutiva, mes 40",40,2,80,Nikolai Navea,"Backlog, estimación, autorización, versión y evidencia; se liquida sólo el trabajo realizado, sin cobrar dos veces actividades ya presupuestadas."
F23,1.12.12.evolutiva.41,"Capacidad reservada de ingeniería evolutiva, mes 41",41,2,80,Nikolai Navea,"Backlog, estimación, autorización, versión y evidencia; se liquida sólo el trabajo realizado, sin cobrar dos veces actividades ya presupuestadas."
F23,1.12.12.evolutiva.42,"Capacidad reservada de ingeniería evolutiva, mes 42",42,2,80,Nikolai Navea,"Backlog, estimación, autorización, versión y evidencia; se liquida sólo el trabajo realizado, sin cobrar dos veces actividades ya presupuestadas."
F23,1.12.12.evolutiva.43,"Capacidad reservada de ingeniería evolutiva, mes 43",43,2,80,Nikolai Navea,"Backlog, estimación, autorización, versión y evidencia; se liquida sólo el trabajo realizado, sin cobrar dos veces actividades ya presupuestadas."
F23,1.12.12.evolutiva.44,"Capacidad reservada de ingeniería evolutiva, mes 44",44,2,80,Nikolai Navea,"Backlog, estimación, autorización, versión y evidencia; se liquida sólo el trabajo realizado, sin cobrar dos veces actividades ya presupuestadas."
F23,1.12.12.evolutiva.45,"Capacidad reservada de ingeniería evolutiva, mes 45",45,2,80,Nikolai Navea,"Backlog, estimación, autorización, versión y evidencia; se liquida sólo el trabajo realizado, sin cobrar dos veces actividades ya presupuestadas."
F23,1.12.12.evolutiva.46,"Capacidad reservada de ingeniería evolutiva, mes 46",46,2,80,Nikolai Navea,"Backlog, estimación, autorización, versión y evidencia; se liquida sólo el trabajo realizado, sin cobrar dos veces actividades ya presupuestadas."
F23,1.12.12.evolutiva.47,"Capacidad reservada de ingeniería evolutiva, mes 47",47,2,80,Nikolai Navea,"Backlog, estimación, autorización, versión y evidencia; se liquida sólo el trabajo realizado, sin cobrar dos veces actividades ya presupuestadas."
F23,1.12.12.evolutiva.48,"Capacidad reservada de ingeniería evolutiva, mes 48",48,2,80,Nikolai Navea,"Backlog, estimación, autorización, versión y evidencia; se liquida sólo el trabajo realizado, sin cobrar dos veces actividades ya presupuestadas."
F23,1.12.12.evolutiva.49,"Capacidad reservada de ingeniería evolutiva, mes 49",49,2,80,Nikolai Navea,"Backlog, estimación, autorización, versión y evidencia; se liquida sólo el trabajo realizado, sin cobrar dos veces actividades ya presupuestadas."
F23,1.12.12.evolutiva.50,"Capacidad reservada de ingeniería evolutiva, mes 50",50,2,80,Nikolai Navea,"Backlog, estimación, autorización, versión y evidencia; se liquida sólo el trabajo realizado, sin cobrar dos veces actividades ya presupuestadas."
F23,1.12.12.evolutiva.51,"Capacidad reservada de ingeniería evolutiva, mes 51",51,2,80,Nikolai Navea,"Backlog, estimación, autorización, versión y evidencia; se liquida sólo el trabajo realizado, sin cobrar dos veces actividades ya presupuestadas."
F23,1.12.12.evolutiva.52,"Capacidad reservada de ingeniería evolutiva, mes 52",52,2,80,Nikolai Navea,"Backlog, estimación, autorización, versión y evidencia; se liquida sólo el trabajo realizado, sin cobrar dos veces actividades ya presupuestadas."
F23,1.12.12.evolutiva.53,"Capacidad reservada de ingeniería evolutiva, mes 53",53,2,80,Nikolai Navea,"Backlog, estimación, autorización, versión y evidencia; se liquida sólo el trabajo realizado, sin cobrar dos veces actividades ya presupuestadas."
F23,1.12.12.evolutiva.54,"Capacidad reservada de ingeniería evolutiva, mes 54",54,2,80,Nikolai Navea,"Backlog, estimación, autorización, versión y evidencia; se liquida sólo el trabajo realizado, sin cobrar dos veces actividades ya presupuestadas."
F23,1.12.12.evolutiva.55,"Capacidad reservada de ingeniería evolutiva, mes 55",55,2,80,Nikolai Navea,"Backlog, estimación, autorización, versión y evidencia; se liquida sólo el trabajo realizado, sin cobrar dos veces actividades ya presupuestadas."
F23,1.12.12.evolutiva.56,"Capacidad reservada de ingeniería evolutiva, mes 56",56,2,80,Nikolai Navea,"Backlog, estimación, autorización, versión y evidencia; se liquida sólo el trabajo realizado, sin cobrar dos veces actividades ya presupuestadas."
F24,1.12.12.deuda.21,"Capacidad reservada de ingeniería deuda, mes 21",21,2,32,Nikolai Navea,"Backlog, estimación, autorización, versión y evidencia; se liquida sólo el trabajo realizado, sin cobrar dos veces actividades ya presupuestadas."
F24,1.12.12.deuda.22,"Capacidad reservada de ingeniería deuda, mes 22",22,2,32,Nikolai Navea,"Backlog, estimación, autorización, versión y evidencia; se liquida sólo el trabajo realizado, sin cobrar dos veces actividades ya presupuestadas."
F24,1.12.12.deuda.23,"Capacidad reservada de ingeniería deuda, mes 23",23,2,32,Nikolai Navea,"Backlog, estimación, autorización, versión y evidencia; se liquida sólo el trabajo realizado, sin cobrar dos veces actividades ya presupuestadas."
F24,1.12.12.deuda.24,"Capacidad reservada de ingeniería deuda, mes 24",24,2,32,Nikolai Navea,"Backlog, estimación, autorización, versión y evidencia; se liquida sólo el trabajo realizado, sin cobrar dos veces actividades ya presupuestadas."
F24,1.12.12.deuda.25,"Capacidad reservada de ingeniería deuda, mes 25",25,2,32,Nikolai Navea,"Backlog, estimación, autorización, versión y evidencia; se liquida sólo el trabajo realizado, sin cobrar dos veces actividades ya presupuestadas."
F24,1.12.12.deuda.26,"Capacidad reservada de ingeniería deuda, mes 26",26,2,32,Nikolai Navea,"Backlog, estimación, autorización, versión y evidencia; se liquida sólo el trabajo realizado, sin cobrar dos veces actividades ya presupuestadas."
F24,1.12.12.deuda.27,"Capacidad reservada de ingeniería deuda, mes 27",27,2,32,Nikolai Navea,"Backlog, estimación, autorización, versión y evidencia; se liquida sólo el trabajo realizado, sin cobrar dos veces actividades ya presupuestadas."
F24,1.12.12.deuda.28,"Capacidad reservada de ingeniería deuda, mes 28",28,2,32,Nikolai Navea,"Backlog, estimación, autorización, versión y evidencia; se liquida sólo el trabajo realizado, sin cobrar dos veces actividades ya presupuestadas."
F24,1.12.12.deuda.29,"Capacidad reservada de ingeniería deuda, mes 29",29,2,32,Nikolai Navea,"Backlog, estimación, autorización, versión y evidencia; se liquida sólo el trabajo realizado, sin cobrar dos veces actividades ya presupuestadas."
F24,1.12.12.deuda.30,"Capacidad reservada de ingeniería deuda, mes 30",30,2,32,Nikolai Navea,"Backlog, estimación, autorización, versión y evidencia; se liquida sólo el trabajo realizado, sin cobrar dos veces actividades ya presupuestadas."
F24,1.12.12.deuda.31,"Capacidad reservada de ingeniería deuda, mes 31",31,2,32,Nikolai Navea,"Backlog, estimación, autorización, versión y evidencia; se liquida sólo el trabajo realizado, sin cobrar dos veces actividades ya presupuestadas."
F24,1.12.12.deuda.32,"Capacidad reservada de ingeniería deuda, mes 32",32,2,32,Nikolai Navea,"Backlog, estimación, autorización, versión y evidencia; se liquida sólo el trabajo realizado, sin cobrar dos veces actividades ya presupuestadas."
F24,1.12.12.deuda.33,"Capacidad reservada de ingeniería deuda, mes 33",33,2,32,Nikolai Navea,"Backlog, estimación, autorización, versión y evidencia; se liquida sólo el trabajo realizado, sin cobrar dos veces actividades ya presupuestadas."
F24,1.12.12.deuda.34,"Capacidad reservada de ingeniería deuda, mes 34",34,2,32,Nikolai Navea,"Backlog, estimación, autorización, versión y evidencia; se liquida sólo el trabajo realizado, sin cobrar dos veces actividades ya presupuestadas."
F24,1.12.12.deuda.35,"Capacidad reservada de ingeniería deuda, mes 35",35,2,32,Nikolai Navea,"Backlog, estimación, autorización, versión y evidencia; se liquida sólo el trabajo realizado, sin cobrar dos veces actividades ya presupuestadas."
F24,1.12.12.deuda.36,"Capacidad reservada de ingeniería deuda, mes 36",36,2,32,Nikolai Navea,"Backlog, estimación, autorización, versión y evidencia; se liquida sólo el trabajo realizado, sin cobrar dos veces actividades ya presupuestadas."
F24,1.12.12.deuda.37,"Capacidad reservada de ingeniería deuda, mes 37",37,2,32,Nikolai Navea,"Backlog, estimación, autorización, versión y evidencia; se liquida sólo el trabajo realizado, sin cobrar dos veces actividades ya presupuestadas."
F24,1.12.12.deuda.38,"Capacidad reservada de ingeniería deuda, mes 38",38,2,32,Nikolai Navea,"Backlog, estimación, autorización, versión y evidencia; se liquida sólo el trabajo realizado, sin cobrar dos veces actividades ya presupuestadas."
F24,1.12.12.deuda.39,"Capacidad reservada de ingeniería deuda, mes 39",39,2,32,Nikolai Navea,"Backlog, estimación, autorización, versión y evidencia; se liquida sólo el trabajo realizado, sin cobrar dos veces actividades ya presupuestadas."
F24,1.12.12.deuda.40,"Capacidad reservada de ingeniería deuda, mes 40",40,2,32,Nikolai Navea,"Backlog, estimación, autorización, versión y evidencia; se liquida sólo el trabajo realizado, sin cobrar dos veces actividades ya presupuestadas."
F24,1.12.12.deuda.41,"Capacidad reservada de ingeniería deuda, mes 41",41,2,32,Nikolai Navea,"Backlog, estimación, autorización, versión y evidencia; se liquida sólo el trabajo realizado, sin cobrar dos veces actividades ya presupuestadas."
F24,1.12.12.deuda.42,"Capacidad reservada de ingeniería deuda, mes 42",42,2,32,Nikolai Navea,"Backlog, estimación, autorización, versión y evidencia; se liquida sólo el trabajo realizado, sin cobrar dos veces actividades ya presupuestadas."
F24,1.12.12.deuda.43,"Capacidad reservada de ingeniería deuda, mes 43",43,2,32,Nikolai Navea,"Backlog, estimación, autorización, versión y evidencia; se liquida sólo el trabajo realizado, sin cobrar dos veces actividades ya presupuestadas."
F24,1.12.12.deuda.44,"Capacidad reservada de ingeniería deuda, mes 44",44,2,32,Nikolai Navea,"Backlog, estimación, autorización, versión y evidencia; se liquida sólo el trabajo realizado, sin cobrar dos veces actividades ya presupuestadas."
F24,1.12.12.deuda.45,"Capacidad reservada de ingeniería deuda, mes 45",45,2,32,Nikolai Navea,"Backlog, estimación, autorización, versión y evidencia; se liquida sólo el trabajo realizado, sin cobrar dos veces actividades ya presupuestadas."
F24,1.12.12.deuda.46,"Capacidad reservada de ingeniería deuda, mes 46",46,2,32,Nikolai Navea,"Backlog, estimación, autorización, versión y evidencia; se liquida sólo el trabajo realizado, sin cobrar dos veces actividades ya presupuestadas."
F24,1.12.12.deuda.47,"Capacidad reservada de ingeniería deuda, mes 47",47,2,32,Nikolai Navea,"Backlog, estimación, autorización, versión y evidencia; se liquida sólo el trabajo realizado, sin cobrar dos veces actividades ya presupuestadas."
F24,1.12.12.deuda.48,"Capacidad reservada de ingeniería deuda, mes 48",48,2,32,Nikolai Navea,"Backlog, estimación, autorización, versión y evidencia; se liquida sólo el trabajo realizado, sin cobrar dos veces actividades ya presupuestadas."
F24,1.12.12.deuda.49,"Capacidad reservada de ingeniería deuda, mes 49",49,2,32,Nikolai Navea,"Backlog, estimación, autorización, versión y evidencia; se liquida sólo el trabajo realizado, sin cobrar dos veces actividades ya presupuestadas."
F24,1.12.12.deuda.50,"Capacidad reservada de ingeniería deuda, mes 50",50,2,32,Nikolai Navea,"Backlog, estimación, autorización, versión y evidencia; se liquida sólo el trabajo realizado, sin cobrar dos veces actividades ya presupuestadas."
F24,1.12.12.deuda.51,"Capacidad reservada de ingeniería deuda, mes 51",51,2,32,Nikolai Navea,"Backlog, estimación, autorización, versión y evidencia; se liquida sólo el trabajo realizado, sin cobrar dos veces actividades ya presupuestadas."
F24,1.12.12.deuda.52,"Capacidad reservada de ingeniería deuda, mes 52",52,2,32,Nikolai Navea,"Backlog, estimación, autorización, versión y evidencia; se liquida sólo el trabajo realizado, sin cobrar dos veces actividades ya presupuestadas."
F24,1.12.12.deuda.53,"Capacidad reservada de ingeniería deuda, mes 53",53,2,32,Nikolai Navea,"Backlog, estimación, autorización, versión y evidencia; se liquida sólo el trabajo realizado, sin cobrar dos veces actividades ya presupuestadas."
F24,1.12.12.deuda.54,"Capacidad reservada de ingeniería deuda, mes 54",54,2,32,Nikolai Navea,"Backlog, estimación, autorización, versión y evidencia; se liquida sólo el trabajo realizado, sin cobrar dos veces actividades ya presupuestadas."
F24,1.12.12.deuda.55,"Capacidad reservada de ingeniería deuda, mes 55",55,2,32,Nikolai Navea,"Backlog, estimación, autorización, versión y evidencia; se liquida sólo el trabajo realizado, sin cobrar dos veces actividades ya presupuestadas."
F24,1.12.12.deuda.56,"Capacidad reservada de ingeniería deuda, mes 56",56,2,32,Nikolai Navea,"Backlog, estimación, autorización, versión y evidencia; se liquida sólo el trabajo realizado, sin cobrar dos veces actividades ya presupuestadas."
F25,1.12.2.2.31,Seguimiento incremental IN2 mes 31,31,2,16,José Lara Arce,Estado de planes/trabajos y ventanas recibidos; seguimiento sin duplicar informes generales.
F25,1.12.2.2.32,Seguimiento incremental IN2 mes 32,32,2,16,José Lara Arce,Estado de planes/trabajos y ventanas recibidos; seguimiento sin duplicar informes generales.
F25,1.12.2.2.33,Seguimiento incremental IN2 mes 33,33,2,16,José Lara Arce,Estado de planes/trabajos y ventanas recibidos; seguimiento sin duplicar informes generales.
F25,1.12.2.2.34,Seguimiento incremental IN2 mes 34,34,2,16,José Lara Arce,Estado de planes/trabajos y ventanas recibidos; seguimiento sin duplicar informes generales.
F25,1.12.2.2.35,Seguimiento incremental IN2 mes 35,35,2,16,José Lara Arce,Estado de planes/trabajos y ventanas recibidos; seguimiento sin duplicar informes generales.
F25,1.12.2.2.36,Seguimiento incremental IN2 mes 36,36,2,16,José Lara Arce,Estado de planes/trabajos y ventanas recibidos; seguimiento sin duplicar informes generales.
F25,1.12.2.2.37,Seguimiento incremental IN2 mes 37,37,2,16,José Lara Arce,Estado de planes/trabajos y ventanas recibidos; seguimiento sin duplicar informes generales.
F25,1.12.2.2.38,Seguimiento incremental IN2 mes 38,38,2,16,José Lara Arce,Estado de planes/trabajos y ventanas recibidos; seguimiento sin duplicar informes generales.
F25,1.12.2.2.39,Seguimiento incremental IN2 mes 39,39,2,16,José Lara Arce,Estado de planes/trabajos y ventanas recibidos; seguimiento sin duplicar informes generales.
F25,1.12.2.2.40,Seguimiento incremental IN2 mes 40,40,2,16,José Lara Arce,Estado de planes/trabajos y ventanas recibidos; seguimiento sin duplicar informes generales.
F25,1.12.2.2.41,Seguimiento incremental IN2 mes 41,41,2,16,José Lara Arce,Estado de planes/trabajos y ventanas recibidos; seguimiento sin duplicar informes generales.
F25,1.12.2.2.42,Seguimiento incremental IN2 mes 42,42,2,16,José Lara Arce,Estado de planes/trabajos y ventanas recibidos; seguimiento sin duplicar informes generales.
F25,1.12.2.2.43,Seguimiento incremental IN2 mes 43,43,2,16,José Lara Arce,Estado de planes/trabajos y ventanas recibidos; seguimiento sin duplicar informes generales.
F25,1.12.2.2.44,Seguimiento incremental IN2 mes 44,44,2,16,José Lara Arce,Estado de planes/trabajos y ventanas recibidos; seguimiento sin duplicar informes generales.
F25,1.12.2.2.45,Seguimiento incremental IN2 mes 45,45,2,16,José Lara Arce,Estado de planes/trabajos y ventanas recibidos; seguimiento sin duplicar informes generales.
F25,1.12.2.2.46,Seguimiento incremental IN2 mes 46,46,2,16,José Lara Arce,Estado de planes/trabajos y ventanas recibidos; seguimiento sin duplicar informes generales.
F25,1.12.2.2.47,Seguimiento incremental IN2 mes 47,47,2,16,José Lara Arce,Estado de planes/trabajos y ventanas recibidos; seguimiento sin duplicar informes generales.
F25,1.12.2.2.48,Seguimiento incremental IN2 mes 48,48,2,16,José Lara Arce,Estado de planes/trabajos y ventanas recibidos; seguimiento sin duplicar informes generales.
F25,1.12.2.2.49,Seguimiento incremental IN2 mes 49,49,2,16,José Lara Arce,Estado de planes/trabajos y ventanas recibidos; seguimiento sin duplicar informes generales.
F25,1.12.2.2.50,Seguimiento incremental IN2 mes 50,50,2,16,José Lara Arce,Estado de planes/trabajos y ventanas recibidos; seguimiento sin duplicar informes generales.
F25,1.12.2.2.51,Seguimiento incremental IN2 mes 51,51,2,16,José Lara Arce,Estado de planes/trabajos y ventanas recibidos; seguimiento sin duplicar informes generales.
F25,1.12.2.2.52,Seguimiento incremental IN2 mes 52,52,2,16,José Lara Arce,Estado de planes/trabajos y ventanas recibidos; seguimiento sin duplicar informes generales.
F25,1.12.2.2.53,Seguimiento incremental IN2 mes 53,53,2,16,José Lara Arce,Estado de planes/trabajos y ventanas recibidos; seguimiento sin duplicar informes generales.
F25,1.12.2.2.54,Seguimiento incremental IN2 mes 54,54,2,16,José Lara Arce,Estado de planes/trabajos y ventanas recibidos; seguimiento sin duplicar informes generales.
F25,1.12.2.2.55,Seguimiento incremental IN2 mes 55,55,2,16,José Lara Arce,Estado de planes/trabajos y ventanas recibidos; seguimiento sin duplicar informes generales.
F25,1.12.2.2.56,Seguimiento incremental IN2 mes 56,56,2,16,José Lara Arce,Estado de planes/trabajos y ventanas recibidos; seguimiento sin duplicar informes generales.
F26,1.9.2.5.4.1,"Revisión previa a botadura, lote 1 de cuatro embarcaciones",33,1,16,José Lara Arce,"Plan, responsabilidades y trabajos revisados al menos tres semanas antes de botadura, sin interacción durante izaje."
F26,1.9.2.5.4.2,"Revisión previa a botadura, lote 2 de cuatro embarcaciones",33,1,16,José Lara Arce,"Plan, responsabilidades y trabajos revisados al menos tres semanas antes de botadura, sin interacción durante izaje."
F26,1.9.2.5.4.3,"Revisión previa a botadura, lote 3 de cuatro embarcaciones",34,1,16,José Lara Arce,"Plan, responsabilidades y trabajos revisados al menos tres semanas antes de botadura, sin interacción durante izaje."
F26,1.9.2.5.4.4,"Revisión previa a botadura, lote 4 de cuatro embarcaciones",34,1,16,José Lara Arce,"Plan, responsabilidades y trabajos revisados al menos tres semanas antes de botadura, sin interacción durante izaje."
F26,1.9.2.5.4.5,"Revisión previa a botadura, lote 5 de cuatro embarcaciones",35,1,16,José Lara Arce,"Plan, responsabilidades y trabajos revisados al menos tres semanas antes de botadura, sin interacción durante izaje."
F27,1.10.3.1.1,"Reserva de subsanación y reensayo E1, bloque 1",10,2,80,Nikolai Navea,"Hallazgos identificados cerrados, regresión y evidencia sobre misma versión; horas no ejecutadas quedan como reserva."
F27,1.10.3.1.2,"Reserva de subsanación y reensayo E1, bloque 2",10,2,80,Nikolai Navea,"Hallazgos identificados cerrados, regresión y evidencia sobre misma versión; horas no ejecutadas quedan como reserva."
F27,1.10.3.1.3,"Reserva de subsanación y reensayo E1, bloque 3",10,2,80,Nikolai Navea,"Hallazgos identificados cerrados, regresión y evidencia sobre misma versión; horas no ejecutadas quedan como reserva."
F27,1.10.3.1.4,"Reserva de subsanación y reensayo E1, bloque 4",10,2,80,Nikolai Navea,"Hallazgos identificados cerrados, regresión y evidencia sobre misma versión; horas no ejecutadas quedan como reserva."
F28,1.10.3.2.1,"Reserva de subsanación y reensayo E2, bloque 1",15,2,80,Nikolai Navea,"Hallazgos identificados cerrados, regresión y evidencia sobre misma versión; horas no ejecutadas quedan como reserva."
F28,1.10.3.2.2,"Reserva de subsanación y reensayo E2, bloque 2",15,2,80,Nikolai Navea,"Hallazgos identificados cerrados, regresión y evidencia sobre misma versión; horas no ejecutadas quedan como reserva."
F28,1.10.3.2.3,"Reserva de subsanación y reensayo E2, bloque 3",15,2,80,Nikolai Navea,"Hallazgos identificados cerrados, regresión y evidencia sobre misma versión; horas no ejecutadas quedan como reserva."
F28,1.10.3.2.4,"Reserva de subsanación y reensayo E2, bloque 4",15,2,80,Nikolai Navea,"Hallazgos identificados cerrados, regresión y evidencia sobre misma versión; horas no ejecutadas quedan como reserva."
F29,1.1.5.1,Expediente transversal de alcance y contratos,2,1,32,Ignacio Silva,"Cláusulas, documentos, responsables y control de vigencias; se distingue evidencia de oferta de obligaciones futuras."
F30,1.1.5.2,Expediente transversal de seguridad y privacidad,3,1,32,Ignacio Silva,"Cláusulas, documentos, responsables y control de vigencias; se distingue evidencia de oferta de obligaciones futuras."
F31,1.1.5.3,Expediente transversal de IA y trazabilidad,3,1,32,Ignacio Silva,"Cláusulas, documentos, responsables y control de vigencias; se distingue evidencia de oferta de obligaciones futuras."
F32,1.1.5.4,Expediente transversal de licencias y soporte,3,1,32,Ignacio Silva,"Cláusulas, documentos, responsables y control de vigencias; se distingue evidencia de oferta de obligaciones futuras."
F33,1.1.5.5,Expediente transversal de custodia y propiedad,2,1,32,Ignacio Silva,"Cláusulas, documentos, responsables y control de vigencias; se distingue evidencia de oferta de obligaciones futuras."
F34,1.1.5.6,Expediente transversal de garantías y oferta económica,3,1,32,Ignacio Silva,"Cláusulas, documentos, responsables y control de vigencias; se distingue evidencia de oferta de obligaciones futuras."
F35,1.11.5.1.2,Validación final del expediente vivo de marcha blanca E1,16,1,8,Davor Serey,Los datos de las cuatro últimas semanas y las condiciones copulativas se incorporan al expediente; no anticipa aceptación.
F36,1.11.5.2.2,Validación final del expediente vivo de marcha blanca E2,21,1,8,Davor Serey,Los datos de las cuatro últimas semanas y las condiciones copulativas se incorporan al expediente; no anticipa aceptación.
F37,1.12.4.7.6,Control de continuidad adicional 7: resiliencia,48,1,48,Davor Serey,"Prueba sobre versión identificada y ventana autorizada, sin degradar E1; recuperación y retorno medidos."
F37,1.12.4.8.6,Control de continuidad adicional 8: resiliencia,52,1,48,Davor Serey,"Prueba sobre versión identificada y ventana autorizada, sin degradar E1; recuperación y retorno medidos."
F37,1.12.4.9.6,Control de continuidad adicional 9: resiliencia,56,1,48,Davor Serey,"Prueba sobre versión identificada y ventana autorizada, sin degradar E1; recuperación y retorno medidos."
F38,1.12.4.7.7,Control de continuidad adicional 7: DR real y retorno,48,1,64,José Lara Arce,"Prueba sobre versión identificada y ventana autorizada, sin degradar E1; recuperación y retorno medidos."
F38,1.12.4.8.7,Control de continuidad adicional 8: DR real y retorno,52,1,64,José Lara Arce,"Prueba sobre versión identificada y ventana autorizada, sin degradar E1; recuperación y retorno medidos."
F38,1.12.4.9.7,Control de continuidad adicional 9: DR real y retorno,56,1,64,José Lara Arce,"Prueba sobre versión identificada y ventana autorizada, sin degradar E1; recuperación y retorno medidos."
